HIERARCHY
ROOT Hips
{
	OFFSET -163.737 95.9676 49.576
	CHANNELS 6 Xposition Yposition Zposition Zrotation Xrotation Yrotation
	JOINT Spine
	{
		OFFSET 0 11.334 0
		CHANNELS 3 Zrotation Xrotation Yrotation
		JOINT Spine1
		{
			OFFSET 0 11.334 0
			CHANNELS 3 Zrotation Xrotation Yrotation
			JOINT Spine2
			{
				OFFSET 0 11.334 0
				CHANNELS 3 Zrotation Xrotation Yrotation
				JOINT Spine3
				{
					OFFSET 0 11.334 0
					CHANNELS 3 Zrotation Xrotation Yrotation
					JOINT LeftShoulder
					{
						OFFSET 1.5 7.37272 0
						CHANNELS 3 Zrotation Xrotation Yrotation
						JOINT LeftArm
						{
							OFFSET 16.2844 0 0
							CHANNELS 3 Zrotation Xrotation Yrotation
							JOINT LeftForeArm
							{
								OFFSET 30.7521 0 0
								CHANNELS 3 Zrotation Xrotation Yrotation
								JOINT LeftHand
								{
									OFFSET 24.6266 0 0
									CHANNELS 3 Zrotation Xrotation Yrotation
									End Site
									{
										OFFSET 10 0 0
									}
								}
							}
						}
					}
					JOINT RightShoulder
					{
						OFFSET -1.49999 7.37272 0
						CHANNELS 3 Zrotation Xrotation Yrotation
						JOINT RightArm
						{
							OFFSET -16.2844 0 0
							CHANNELS 3 Zrotation Xrotation Yrotation
							JOINT RightForeArm
							{
								OFFSET -30.7521 0 0
								CHANNELS 3 Zrotation Xrotation Yrotation
								JOINT RightHand
								{
									OFFSET -24.6266 0 0
									CHANNELS 3 Zrotation Xrotation Yrotation
									End Site
									{
										OFFSET -10 0 0
									}
								}
							}
						}
					}
					JOINT Neck
					{
						OFFSET 0 11.334 0
						CHANNELS 3 Zrotation Xrotation Yrotation
						JOINT Head
						{
							OFFSET 0 8.37275 0
							CHANNELS 3 Zrotation Xrotation Yrotation
							End Site
							{
								OFFSET 0 15 0
							}
						}
					}
				}
			}
		}
	}
	JOINT LeftUpLeg
	{
		OFFSET 15.2919 0 0
		CHANNELS 3 Zrotation Xrotation Yrotation
		JOINT LeftLeg
		{
			OFFSET 0 -45.786 0
			CHANNELS 3 Zrotation Xrotation Yrotation
			JOINT LeftFoot
			{
				OFFSET 0 -39.104 0
				CHANNELS 3 Zrotation Xrotation Yrotation
				JOINT LeftToeBase
				{
					OFFSET 0 -7.82312 13.5501
					CHANNELS 3 Zrotation Xrotation Yrotation
					End Site
					{
						OFFSET 0 0 5
					}
				}
			}
		}
	}
	JOINT RightUpLeg
	{
		OFFSET -15.2919 0 0
		CHANNELS 3 Zrotation Xrotation Yrotation
		JOINT RightLeg
		{
			OFFSET 0 -45.786 0
			CHANNELS 3 Zrotation Xrotation Yrotation
			JOINT RightFoot
			{
				OFFSET 0 -39.104 0
				CHANNELS 3 Zrotation Xrotation Yrotation
				JOINT RightToeBase
				{
					OFFSET 0 -7.82312 13.5501
					CHANNELS 3 Zrotation Xrotation Yrotation
					End Site
					{
						OFFSET 0 0 5
					}
				}
			}
		}
	}
}
MOTION
Frames: 1542
Frame Time: 0.005
-163.737 95.9676 49.576 0.277861 0.426684 -2.17669 179.393 179.687 179.473 179.393 179.687 179.473 179.393 179.687 179.473 179.393 179.687 179.473 158.343 175.142 179.436 142.124 144.453 168.678 2.07517 5.18512 -8.34937 177.844 -178.674 -168.995 23.0854 5.75355 1.21018 38.6374 16.7289 7.1317 2.10914 20.7541 1.26789 11.6684 -3.48395 -5.68794 3.78748 -11.6343 -2.85429 179.6 176.87 179.449 177.382 -177.029 -179.597 1.05212 1.83274 -0.019715 2.55657 -0.132583 -2.13861 1.15123 -0.626197 1.15316 0.991609 -3.44047 0.66297 179.193 178.185 -179.979 0.875979 0.101354 -0.582711 1.10882 1.92948 1.14502
-163.735 95.9671 49.5729 0.273031 0.419242 -2.16363 179.391 179.683 179.475 179.391 179.683 179.475 179.391 179.683 179.475 179.391 179.683 179.475 158.357 175.138 179.436 142.145 144.377 168.65 2.0727 5.05849 -8.36712 177.902 -178.725 -168.984 23.1181 5.69026 1.21005 38.6188 16.7513 7.08484 2.03474 20.8565 1.32616 11.6887 -3.48243 -5.72342 3.80819 -11.6402 -2.89758 179.589 176.886 179.45 177.384 -177.028 -179.611 1.05213 1.84771 -0.0197151 2.54363 -0.141183 -2.1506 1.15213 -0.671186 1.15317 1.0044 -3.44256 0.676839 179.193 178.161 -179.979 0.803703 0.0985573 -0.59731 1.10825 1.95809 1.14504
-163.735 95.9674 49.5764 0.255 0.42399 -2.16313 179.405 179.693 179.472 179.405 179.693 179.472 179.405 179.693 179.472 179.405 179.693 179.472 158.315 175.125 179.435 142.126 144.443 168.683 2.07437 5.17691 -8.38371 178.369 -178.749 -169.077 23.1049 5.6647 1.20999 38.6521 16.4512 6.95304 2.64116 19.9995 1.075 10.8553 -2.97339 -5.63054 3.75052 -11.5976 -2.89458 179.602 176.896 179.452 177.414 -177.027 -179.653 1.05213 1.84119 -0.0197151 2.43976 -0.175098 -2.14164 1.15248 -0.688376 1.15317 1.01162 -3.4392 0.690113 179.193 178.163 -179.979 0.899741 0.0461804 -0.610134 1.10831 1.9552 1.14504
-163.727 95.9676 49.5745 0.270036 0.429027 -2.18041 179.396 179.693 179.477 179.396 179.693 179.477 179.396 179.693 179.477 179.396 179.693 179.477 158.334 175.126 179.435 142.142 144.416 168.661 2.07627 5.13166 -8.38709 178.084 -178.737 -169.024 23.1071 5.70056 1.21007 38.6337 16.6225 7.03782 2.34595 20.3868 1.18503 11.3031 -3.23717 -5.67428 3.78035 -11.6336 -2.88124 179.596 176.887 179.452 177.388 -177.024 -179.624 1.05213 1.83825 -0.019715 2.50515 -0.146495 -2.13179 1.1521 -0.669399 1.15317 0.996872 -3.45143 0.69675 179.193 178.164 -179.979 0.864972 0.0815266 -0.60124 1.10837 1.9521 1.14504
-163.727 95.9676 49.5745 0.270036 0.429027 -2.18041 179.396 179.693 179.477 179.396 179.693 179.477 179.396 179.693 179.477 179.396 179.693 179.477 158.334 175.126 179.435 142.142 144.416 168.661 2.07627 5.13166 -8.38709 178.084 -178.737 -169.024 23.1071 5.70056 1.21007 38.6337 16.6225 7.03782 2.34595 20.3868 1.18503 11.3043 -3.23717 -5.67428 3.78035 -11.6336 -2.88124 179.596 176.887 179.452 177.388 -177.024 -179.624 1.05213 1.83825 -0.019715 2.50515 -0.146495 -2.13179 1.1521 -0.669399 1.15317 0.996872 -3.45143 0.69675 179.193 178.164 -179.979 0.864972 0.0815266 -0.60124 1.10837 1.9521 1.14504
-163.719 95.9678 49.574 0.270417 0.434838 -2.19258 179.396 179.698 179.48 179.396 179.698 179.48 179.396 179.698 179.48 179.396 179.698 179.48 158.328 175.117 179.435 142.149 144.414 168.654 2.07948 5.13326 -8.40846 178.144 -178.752 -169.028 23.1119 5.69725 1.21006 38.6347 16.562 7.01132 2.45587 20.23 1.13941 11.167 -3.14844 -5.66358 3.7764 -11.6395 -2.87842 179.596 176.891 179.452 177.385 -177.02 -179.63 1.05213 1.83563 -0.019715 2.49199 -0.145392 -2.12021 1.15224 -0.676398 1.15317 0.991775 -3.46166 0.716949 179.193 178.159 -179.979 0.874873 0.0782568 -0.606355 1.1083 1.95581 1.14504
-163.719 95.9678 49.574 0.270417 0.434838 -2.19258 179.396 179.698 179.48 179.396 179.698 179.48 179.396 179.698 179.48 179.396 179.698 179.48 158.328 175.117 179.435 142.149 144.414 168.654 2.07948 5.13326 -8.40846 178.145 -178.752 -169.028 23.1119 5.69725 1.21006 38.6347 16.562 7.01132 2.45587 20.23 1.13941 11.1681 -3.14844 -5.66358 3.7764 -11.6395 -2.87842 179.596 176.891 179.452 177.385 -177.02 -179.63 1.05213 1.83563 -0.019715 2.49199 -0.145392 -2.12021 1.15224 -0.676398 1.15317 0.991775 -3.46166 0.716949 179.193 178.159 -179.979 0.874873 0.0782568 -0.606355 1.1083 1.95581 1.14504
-163.715 95.968 49.5738 0.273097 0.437651 -2.20332 179.393 179.702 179.483 179.393 179.702 179.483 179.393 179.702 179.483 179.393 179.702 179.483 158.332 175.118 179.435 142.151 144.414 168.649 2.07793 5.13291 -8.41368 178.143 -178.754 -169.029 23.1174 5.69869 1.21007 38.6363 16.5624 7.01094 2.45563 20.2301 1.13731 11.169 -3.14895 -5.66483 3.77781 -11.643 -2.87765 179.596 176.893 179.452 177.379 -177.018 -179.624 1.05213 1.8371 -0.019715 2.49623 -0.140074 -2.11413 1.15223 -0.676297 1.15317 0.987325 -3.46703 0.723703 179.193 178.159 -179.979 0.871553 0.0855956 -0.601787 1.1083 1.95576 1.14504
-163.71 95.9681 49.5734 0.275195 0.440993 -2.21181 179.392 179.704 179.484 179.392 179.704 179.484 179.392 179.704 179.484 179.392 179.704 179.484 158.334 175.117 179.435 142.152 144.413 168.647 2.07603 5.1329 -8.41913 178.142 -178.755 -169.031 23.1195 5.69943 1.21007 38.6355 16.5615 7.01013 2.45493 20.2287 1.13517 11.1703 -3.14872 -5.66599 3.78007 -11.6472 -2.87631 179.597 176.895 179.453 177.375 -177.015 -179.619 1.05213 1.83659 -0.019715 2.49964 -0.136839 -2.10983 1.15223 -0.676202 1.15317 0.982971 -3.47227 0.729693 179.193 178.16 -179.979 0.871199 0.0905654 -0.598256 1.1083 1.95573 1.14504
-163.705 95.9682 49.573 0.277297 0.444359 -2.21977 179.391 179.706 179.486 179.391 179.706 179.486 179.391 179.706 179.486 179.391 179.706 179.486 158.335 175.116 179.435 142.153 144.412 168.644 2.07442 5.13285 -8.42497 178.14 -178.757 -169.032 23.1215 5.70031 1.21007 38.6349 16.5602 7.00917 2.45455 20.2269 1.13325 11.1718 -3.14818 -5.66701 3.78229 -11.6517 -2.87473 179.598 176.897 179.454 177.37 -177.013 -179.615 1.05213 1.83565 -0.019715 2.50335 -0.133545 -2.10557 1.15223 -0.676106 1.15317 0.978601 -3.47758 0.735448 179.193 178.16 -179.979 0.871521 0.0950159 -0.595319 1.1083 1.95572 1.14504
-163.697 95.9684 49.5721 0.280966 0.450704 -2.2311 179.39 179.709 179.489 179.39 179.709 179.489 179.39 179.709 179.489 179.39 179.709 179.489 158.333 175.111 179.435 142.157 144.409 168.638 2.07351 5.13224 -8.43934 178.135 -178.764 -169.034 23.1222 5.70272 1.21007 38.6325 16.5541 7.00651 2.45569 20.218 1.13099 11.1755 -3.14475 -5.66841 3.78645 -11.6634 -2.86959 179.598 176.9 179.457 177.361 -177.009 -179.611 1.05212 1.83069 -0.019715 2.51079 -0.127515 -2.09862 1.15223 -0.675924 1.15317 0.970633 -3.48801 0.746281 179.193 178.158 -179.979 0.875989 0.0991212 -0.593818 1.1083 1.95588 1.14504
-163.697 95.9684 49.5721 0.280966 0.450704 -2.2311 179.39 179.709 179.489 179.39 179.709 179.489 179.39 179.709 179.489 179.39 179.709 179.489 158.333 175.111 179.435 142.157 144.409 168.638 2.07351 5.13224 -8.43934 178.135 -178.764 -169.034 23.1222 5.70272 1.21007 38.6325 16.5541 7.00651 2.45569 20.218 1.13099 11.1767 -3.14475 -5.66841 3.78645 -11.6634 -2.86959 179.598 176.9 179.457 177.361 -177.009 -179.611 1.05212 1.83069 -0.019715 2.51079 -0.127515 -2.09862 1.15223 -0.675924 1.15317 0.970633 -3.48801 0.746281 179.193 178.158 -179.979 0.875989 0.0991212 -0.593818 1.1083 1.95588 1.14504
-163.688 95.9685 49.5714 0.284606 0.457451 -2.24626 179.388 179.714 179.493 179.388 179.714 179.493 179.388 179.714 179.493 179.388 179.714 179.493 158.332 175.106 179.435 142.165 144.406 168.63 2.07395 5.1316 -8.45487 178.129 -178.771 -169.035 23.1255 5.70544 1.21008 38.6318 16.5461 7.00346 2.45918 20.2064 1.12776 11.1809 -3.14054 -5.67053 3.79005 -11.6752 -2.86408 179.597 176.903 179.46 177.352 -177.006 -179.604 1.05212 1.82645 -0.0197149 2.5178 -0.120993 -2.08958 1.15222 -0.675764 1.15317 0.962241 -3.49961 0.760193 179.193 178.155 -179.979 0.879749 0.104387 -0.591772 1.10829 1.95616 1.14504
-163.688 95.9685 49.5714 0.284606 0.457451 -2.24626 179.388 179.714 179.493 179.388 179.714 179.493 179.388 179.714 179.493 179.388 179.714 179.493 158.332 175.106 179.435 142.165 144.406 168.63 2.07395 5.1316 -8.45487 178.13 -178.771 -169.035 23.1255 5.70544 1.21008 38.6318 16.5461 7.00346 2.45918 20.2064 1.12776 11.182 -3.14055 -5.67053 3.79005 -11.6752 -2.86408 179.597 176.903 179.46 177.352 -177.006 -179.604 1.05212 1.82645 -0.0197149 2.5178 -0.120993 -2.08958 1.15222 -0.675764 1.15317 0.962241 -3.49961 0.760193 179.193 178.155 -179.979 0.879749 0.104387 -0.591772 1.10829 1.95616 1.14504
-163.679 95.9686 49.5708 0.287914 0.464014 -2.26123 179.387 179.718 179.496 179.387 179.718 179.496 179.387 179.718 179.496 179.387 179.718 179.496 158.331 175.101 179.435 142.172 144.402 168.622 2.07536 5.13135 -8.47047 178.124 -178.778 -169.037 23.1287 5.70841 1.21009 38.6311 16.5372 7.0002 2.46449 20.1929 1.12404 11.1862 -3.13668 -5.67258 3.79355 -11.6867 -2.85817 179.596 176.906 179.463 177.344 -177.002 -179.598 1.05212 1.82186 -0.0197149 2.52508 -0.115379 -2.0807 1.15222 -0.675656 1.15317 0.953978 -3.51078 0.774782 179.193 178.153 -179.979 0.884211 0.108912 -0.590905 1.10828 1.95658 1.14504
-163.679 95.9686 49.5708 0.287914 0.464014 -2.26123 179.387 179.718 179.496 179.387 179.718 179.496 179.387 179.718 179.496 179.387 179.718 179.496 158.331 175.101 179.435 142.172 144.402 168.622 2.07536 5.13135 -8.47047 178.124 -178.778 -169.037 23.1287 5.70841 1.21009 38.6311 16.5372 7.0002 2.46449 20.1929 1.12404 11.1873 -3.13668 -5.67258 3.79355 -11.6867 -2.85817 179.596 176.906 179.463 177.344 -177.002 -179.598 1.05212 1.82186 -0.0197149 2.52508 -0.115379 -2.0807 1.15222 -0.675656 1.15317 0.953978 -3.51078 0.774782 179.193 178.153 -179.979 0.884211 0.108912 -0.590905 1.10828 1.95658 1.14504
-163.668 95.9686 49.5704 0.291724 0.471219 -2.27727 179.386 179.722 179.5 179.386 179.722 179.5 179.386 179.722 179.5 179.386 179.722 179.5 158.324 175.073 179.435 142.201 144.39 168.595 2.1007 5.12634 -8.50238 178.058 -178.8 -169.013 23.1308 5.73598 1.21014 38.6144 16.543 7.0162 2.54546 20.0564 1.08235 11.1603 -3.12868 -5.66421 3.79765 -11.7142 -2.83329 179.585 176.891 179.455 177.333 -177.001 -179.596 1.05212 1.81152 -0.0197147 2.53469 -0.107036 -2.0657 1.15226 -0.677539 1.15317 0.944602 -3.52596 0.819754 179.193 178.143 -179.979 0.893275 0.107773 -0.619975 1.10804 1.96867 1.14505
-163.668 95.9686 49.5704 0.291724 0.471219 -2.27727 179.386 179.722 179.5 179.386 179.722 179.5 179.386 179.722 179.5 179.386 179.722 179.5 158.324 175.073 179.435 142.201 144.39 168.595 2.1007 5.12634 -8.50238 178.059 -178.8 -169.013 23.1308 5.73598 1.21014 38.6144 16.543 7.0162 2.54546 20.0564 1.08235 11.1614 -3.12868 -5.66421 3.79765 -11.7142 -2.83329 179.585 176.891 179.455 177.333 -177.001 -179.596 1.05212 1.81152 -0.0197147 2.53469 -0.107036 -2.0657 1.15226 -0.677539 1.15317 0.944602 -3.52596 0.819754 179.193 178.143 -179.979 0.893275 0.107773 -0.619975 1.10804 1.96867 1.14505
-163.663 95.9686 49.5707 0.291704 0.474149 -2.28612 179.384 179.725 179.501 179.384 179.725 179.501 179.384 179.725 179.501 179.384 179.725 179.501 158.326 175.073 179.435 142.202 144.39 168.592 2.09996 5.12662 -8.50614 178.058 -178.8 -169.015 23.1355 5.73651 1.21015 38.6158 16.5427 7.01552 2.54548 20.0552 1.081 11.1625 -3.12847 -5.66515 3.79907 -11.7166 -2.83227 179.585 176.893 179.455 177.331 -177 -179.591 1.05212 1.81114 -0.0197147 2.53712 -0.106358 -2.06144 1.15226 -0.677489 1.15317 0.942148 -3.52966 0.825035 179.193 178.144 -179.979 0.893635 0.111276 -0.61689 1.10804 1.96865 1.14505
-163.659 95.9686 49.571 0.292591 0.476621 -2.29315 179.383 179.727 179.503 179.383 179.727 179.503 179.383 179.727 179.503 179.383 179.727 179.503 158.327 175.072 179.435 142.203 144.389 168.59 2.09899 5.12725 -8.51029 178.057 -178.801 -169.016 23.1376 5.73705 1.21015 38.6153 16.5419 7.01415 2.54524 20.0534 1.07947 11.1636 -3.12843 -5.66588 3.8011 -11.7196 -2.83073 179.586 176.894 179.456 177.327 -176.999 -179.587 1.05212 1.80996 -0.0197147 2.54021 -0.105925 -2.05809 1.15226 -0.677448 1.15317 0.938661 -3.53264 0.829793 179.193 178.146 -179.979 0.895368 0.11407 -0.614635 1.10804 1.96865 1.14505
-163.654 95.9687 49.5715 0.293324 0.478782 -2.29968 179.383 179.729 179.504 179.383 179.729 179.504 179.383 179.729 179.504 179.383 179.729 179.504 158.327 175.071 179.435 142.204 144.387 168.588 2.09833 5.12802 -8.51456 178.057 -178.801 -169.018 23.1394 5.73758 1.21015 38.6147 16.5409 7.01271 2.54525 20.0514 1.07819 11.1647 -3.1284 -5.66639 3.8031 -11.7226 -2.82893 179.586 176.895 179.457 177.323 -176.998 -179.582 1.05212 1.80829 -0.0197147 2.54361 -0.10546 -2.05506 1.15226 -0.677419 1.15317 0.935262 -3.53506 0.834401 179.193 178.147 -179.979 0.897817 0.116372 -0.612895 1.10804 1.96867 1.14505
-163.65 95.9687 49.5722 0.293897 0.48062 -2.30592 179.382 179.731 179.505 179.382 179.731 179.505 179.382 179.731 179.505 179.382 179.731 179.505 158.328 175.07 179.435 142.205 144.386 168.585 2.098 5.12894 -8.51885 178.056 -178.802 -169.019 23.1411 5.73814 1.21015 38.6141 16.5398 7.01119 2.54551 20.0491 1.07709 11.1658 -3.1284 -5.66675 3.80501 -11.7257 -2.82693 179.587 176.897 179.458 177.32 -176.999 -179.579 1.05212 1.80623 -0.0197147 2.54712 -0.105019 -2.05224 1.15226 -0.677403 1.15317 0.931986 -3.53689 0.838991 179.193 178.149 -179.979 0.90065 0.118343 -0.611533 1.10804 1.9687 1.14505
-163.645 95.9687 49.5731 0.294307 0.48209 -2.31192 179.382 179.732 179.506 179.382 179.732 179.506 179.382 179.732 179.506 179.382 179.732 179.506 158.327 175.068 179.435 142.206 144.384 168.583 2.09795 5.12999 -8.5231 178.056 -178.802 -169.021 23.1428 5.73874 1.21015 38.6135 16.5387 7.00961 2.54601 20.0467 1.0761 11.167 -3.12846 -5.667 3.80685 -11.7289 -2.82477 179.587 176.898 179.459 177.317 -177 -179.575 1.05211 1.8038 -0.0197147 2.55062 -0.104653 -2.04961 1.15226 -0.6774 1.15317 0.928848 -3.53802 0.843592 179.193 178.151 -179.979 0.903706 0.120083 -0.610497 1.10804 1.96875 1.14505
-163.637 95.9688 49.5752 0.296017 0.481687 -2.32105 179.382 179.733 179.508 179.382 179.733 179.508 179.382 179.733 179.508 179.382 179.733 179.508 158.323 175.063 179.435 142.213 144.38 168.576 2.10086 5.13356 -8.533 178.054 -178.803 -169.026 23.1437 5.73959 1.21015 38.6098 16.5345 7.00613 2.54986 20.0376 1.07505 11.1683 -3.12849 -5.66661 3.8099 -11.7368 -2.81822 179.584 176.9 179.463 177.31 -177.006 -179.568 1.05211 1.79532 -0.0197146 2.55807 -0.102045 -2.04667 1.15226 -0.677593 1.15317 0.922151 -3.53599 0.853758 179.193 178.155 -179.979 0.911957 0.122231 -0.612129 1.10803 1.96913 1.14505
-163.637 95.9688 49.5752 0.296017 0.481687 -2.32105 179.382 179.733 179.508 179.382 179.733 179.508 179.382 179.733 179.508 179.382 179.733 179.508 158.323 175.063 179.435 142.213 144.38 168.576 2.10086 5.13356 -8.533 178.054 -178.803 -169.026 23.1437 5.73959 1.21015 38.6098 16.5345 7.00613 2.54986 20.0376 1.07505 11.1694 -3.12849 -5.66661 3.8099 -11.7368 -2.81822 179.584 176.9 179.463 177.31 -177.006 -179.568 1.05211 1.79532 -0.0197146 2.55807 -0.102045 -2.04667 1.15226 -0.677593 1.15317 0.922151 -3.53599 0.853758 179.193 178.155 -179.979 0.911957 0.122231 -0.612129 1.10803 1.96913 1.14505
-163.629 95.969 49.5789 0.295829 0.480643 -2.33174 179.381 179.735 179.51 179.381 179.735 179.51 179.381 179.735 179.51 179.381 179.735 179.51 158.32 175.058 179.435 142.22 144.376 168.57 2.10424 5.13756 -8.54169 178.053 -178.803 -169.032 23.1477 5.74089 1.21016 38.6074 16.531 7.00286 2.55509 20.0285 1.07298 11.1703 -3.12893 -5.66654 3.81327 -11.744 -2.81195 179.582 176.901 179.467 177.305 -177.015 -179.559 1.05211 1.78618 -0.0197145 2.5645 -0.100843 -2.04351 1.15227 -0.677861 1.15317 0.916866 -3.53092 0.865175 179.193 178.163 -179.979 0.918758 0.12554 -0.613937 1.10802 1.96954 1.14505
-163.629 95.969 49.5789 0.295829 0.480643 -2.33174 179.381 179.735 179.51 179.381 179.735 179.51 179.381 179.735 179.51 179.381 179.735 179.51 158.32 175.058 179.435 142.22 144.376 168.57 2.10424 5.13756 -8.54169 178.053 -178.803 -169.032 23.1477 5.74089 1.21016 38.6074 16.531 7.00286 2.55509 20.0285 1.07298 11.1714 -3.12893 -5.66654 3.81327 -11.744 -2.81195 179.582 176.901 179.467 177.305 -177.015 -179.559 1.05211 1.78618 -0.0197145 2.5645 -0.100843 -2.04351 1.15227 -0.677861 1.15317 0.916866 -3.53092 0.865175 179.193 178.163 -179.979 0.918758 0.12554 -0.613937 1.10802 1.96954 1.14505
-163.62 95.9693 49.5838 0.294988 0.477454 -2.34169 179.381 179.736 179.511 179.381 179.736 179.511 179.381 179.736 179.511 179.381 179.736 179.511 158.318 175.053 179.435 142.226 144.372 168.564 2.10796 5.14185 -8.5489 178.052 -178.803 -169.038 23.152 5.74239 1.21016 38.6048 16.5282 6.99965 2.56107 20.0194 1.07058 11.1719 -3.1295 -5.6663 3.81705 -11.7499 -2.80584 179.58 176.902 179.47 177.301 -177.028 -179.55 1.0521 1.77599 -0.0197144 2.57039 -0.100317 -2.04138 1.15227 -0.678196 1.15317 0.912159 -3.52116 0.876429 179.193 178.174 -179.979 0.925547 0.12953 -0.616375 1.10802 1.96992 1.14505
-163.62 95.9693 49.5838 0.294988 0.477454 -2.34169 179.381 179.736 179.511 179.381 179.736 179.511 179.381 179.736 179.511 179.381 179.736 179.511 158.318 175.053 179.435 142.226 144.372 168.564 2.10796 5.14185 -8.5489 178.052 -178.803 -169.038 23.152 5.74239 1.21016 38.6048 16.5282 6.99965 2.56107 20.0194 1.07058 11.1731 -3.1295 -5.6663 3.81705 -11.7499 -2.80584 179.58 176.902 179.47 177.301 -177.028 -179.55 1.0521 1.77599 -0.0197144 2.57039 -0.100317 -2.04138 1.15227 -0.678196 1.15317 0.912159 -3.52116 0.876429 179.193 178.174 -179.979 0.925547 0.12953 -0.616375 1.10802 1.96992 1.14505
-163.611 95.9698 49.5918 0.293884 0.465486 -2.35245 179.381 179.734 179.513 179.381 179.734 179.513 179.381 179.734 179.513 179.381 179.734 179.513 158.311 175.037 179.435 142.243 144.378 168.543 2.12495 5.1693 -8.55772 178.066 -178.805 -169.064 23.1573 5.74463 1.21016 38.5833 16.5742 7.00849 2.63694 19.8939 1.03165 11.084 -3.11541 -5.64667 3.82491 -11.7703 -2.77959 179.565 176.891 179.458 177.296 -177.06 -179.515 1.05209 1.74543 -0.019714 2.57838 -0.0921644 -2.0634 1.15244 -0.686355 1.15317 0.906794 -3.49153 0.908886 179.193 178.204 -179.979 0.935786 0.141674 -0.639888 1.10784 1.97866 1.14505
-163.611 95.9698 49.5918 0.293884 0.465486 -2.35245 179.381 179.734 179.513 179.381 179.734 179.513 179.381 179.734 179.513 179.381 179.734 179.513 158.311 175.037 179.435 142.243 144.378 168.543 2.12495 5.1693 -8.55772 178.066 -178.805 -169.064 23.1573 5.74463 1.21016 38.5833 16.5742 7.00849 2.63694 19.8939 1.03165 11.0851 -3.11541 -5.64667 3.82491 -11.7703 -2.77959 179.565 176.891 179.458 177.296 -177.06 -179.515 1.05209 1.74543 -0.019714 2.57838 -0.0921644 -2.0634 1.15244 -0.686355 1.15317 0.906794 -3.49153 0.908886 179.193 178.204 -179.979 0.935786 0.141674 -0.639888 1.10784 1.97866 1.14505
-163.605 95.9702 49.5978 0.291556 0.462269 -2.36001 179.381 179.736 179.513 179.381 179.736 179.513 179.381 179.736 179.513 179.381 179.736 179.513 158.311 175.034 179.435 142.242 144.376 168.544 2.12512 5.17065 -8.56022 178.066 -178.804 -169.066 23.1615 5.74748 1.21017 38.5832 16.5753 7.0049 2.63672 19.8917 1.03121 11.086 -3.11442 -5.64673 3.82852 -11.7704 -2.77711 179.566 176.89 179.459 177.294 -177.071 -179.509 1.05209 1.74046 -0.019714 2.58163 -0.0954963 -2.06035 1.15244 -0.68633 1.15317 0.90455 -3.48089 0.914209 179.193 178.215 -179.979 0.939604 0.144549 -0.638416 1.10785 1.97847 1.14505
-163.605 95.9702 49.5978 0.291556 0.462269 -2.36001 179.381 179.736 179.513 179.381 179.736 179.513 179.381 179.736 179.513 179.381 179.736 179.513 158.311 175.034 179.435 142.242 144.376 168.544 2.12512 5.17065 -8.56022 178.067 -178.804 -169.066 23.1615 5.74748 1.21017 38.5832 16.5753 7.0049 2.63672 19.8917 1.03121 11.0871 -3.11442 -5.64673 3.82852 -11.7704 -2.77711 179.566 176.89 179.459 177.294 -177.071 -179.509 1.05209 1.74046 -0.019714 2.58163 -0.0954963 -2.06035 1.15244 -0.68633 1.15317 0.90455 -3.48089 0.914209 179.193 178.215 -179.979 0.939604 0.144549 -0.638416 1.10785 1.97847 1.14505
-163.597 95.9707 49.6058 0.289148 0.45494 -2.36827 179.381 179.736 179.514 179.381 179.736 179.514 179.381 179.736 179.514 179.381 179.736 179.514 158.311 175.031 179.435 142.242 144.374 168.545 2.12659 5.17248 -8.56248 178.068 -178.801 -169.07 23.1655 5.75024 1.21018 38.5822 16.5762 7.00107 2.63735 19.889 1.03103 11.0881 -3.11335 -5.6465 3.83242 -11.7695 -2.77374 179.566 176.89 179.46 177.291 -177.089 -179.502 1.05209 1.73097 -0.0197139 2.58555 -0.0979542 -2.05777 1.15244 -0.686299 1.15317 0.90173 -3.46205 0.920369 179.193 178.231 -179.979 0.944927 0.149634 -0.637223 1.10785 1.97813 1.14505
-163.597 95.9707 49.6058 0.289148 0.45494 -2.36827 179.381 179.736 179.514 179.381 179.736 179.514 179.381 179.736 179.514 179.381 179.736 179.514 158.311 175.031 179.435 142.242 144.374 168.545 2.12659 5.17248 -8.56248 178.068 -178.801 -169.07 23.1655 5.75024 1.21018 38.5822 16.5762 7.00107 2.63735 19.889 1.03103 11.0893 -3.11335 -5.6465 3.83242 -11.7695 -2.77374 179.566 176.89 179.46 177.291 -177.089 -179.502 1.05209 1.73097 -0.0197139 2.58555 -0.0979542 -2.05777 1.15244 -0.686299 1.15317 0.90173 -3.46205 0.920369 179.193 178.231 -179.979 0.944927 0.149634 -0.637223 1.10785 1.97813 1.14505
-163.589 95.9713 49.617 0.286635 0.438804 -2.37791 179.381 179.734 179.514 179.381 179.734 179.514 179.381 179.734 179.514 179.381 179.734 179.514 158.308 175.026 179.435 142.244 144.373 168.543 2.1314 5.17701 -8.56326 178.072 -178.792 -169.079 23.1705 5.75133 1.21018 38.5768 16.5779 6.9983 2.64198 19.882 1.03113 11.0897 -3.11059 -5.64614 3.83716 -11.7691 -2.76722 179.562 176.89 179.463 177.288 -177.125 -179.488 1.05208 1.70667 -0.0197136 2.59072 -0.094957 -2.06031 1.15244 -0.686275 1.15317 0.897958 -3.42398 0.928389 179.193 178.267 -179.979 0.952326 0.163102 -0.636966 1.10787 1.977 1.14505
-163.589 95.9713 49.617 0.286635 0.438804 -2.37791 179.381 179.734 179.514 179.381 179.734 179.514 179.381 179.734 179.514 179.381 179.734 179.514 158.308 175.026 179.435 142.244 144.373 168.543 2.1314 5.17701 -8.56326 178.072 -178.792 -169.079 23.1705 5.75133 1.21018 38.5768 16.5779 6.9983 2.64198 19.882 1.03113 11.0908 -3.11059 -5.64614 3.83716 -11.7691 -2.76722 179.562 176.89 179.463 177.288 -177.125 -179.488 1.05208 1.70667 -0.0197136 2.59072 -0.094957 -2.06031 1.15244 -0.686275 1.15317 0.897958 -3.42398 0.928389 179.193 178.267 -179.979 0.952326 0.163102 -0.636966 1.10787 1.977 1.14505
-163.583 95.9718 49.6253 0.283721 0.432825 -2.38571 179.381 179.735 179.515 179.381 179.735 179.515 179.381 179.735 179.515 179.381 179.735 179.515 158.309 175.021 179.435 142.242 144.371 168.546 2.1327 5.17871 -8.5637 178.074 -178.789 -169.082 23.1744 5.75503 1.21019 38.5776 16.5797 6.99382 2.64391 19.8804 1.0305 11.092 -3.10936 -5.64588 3.84085 -11.7668 -2.76453 179.562 176.888 179.464 177.287 -177.142 -179.48 1.05208 1.69648 -0.0197135 2.59342 -0.0972418 -2.0592 1.15243 -0.686168 1.15317 0.896572 -3.40562 0.93344 179.193 178.285 -179.979 0.9553 0.169728 -0.634866 1.10789 1.97643 1.14505
-163.583 95.9718 49.6253 0.283721 0.432825 -2.38571 179.381 179.735 179.515 179.381 179.735 179.515 179.381 179.735 179.515 179.381 179.735 179.515 158.309 175.021 179.435 142.242 144.371 168.546 2.1327 5.17871 -8.5637 178.074 -178.789 -169.082 23.1744 5.75503 1.21019 38.5776 16.5797 6.99382 2.64391 19.8804 1.0305 11.0932 -3.10936 -5.64588 3.84085 -11.7668 -2.76453 179.562 176.888 179.464 177.287 -177.142 -179.48 1.05208 1.69648 -0.0197135 2.59342 -0.0972418 -2.0592 1.15243 -0.686168 1.15317 0.896572 -3.40562 0.93344 179.193 178.285 -179.979 0.9553 0.169728 -0.634866 1.10789 1.97643 1.14505
-163.576 95.9724 49.6372 0.281103 0.416674 -2.39611 179.381 179.733 179.515 179.381 179.733 179.515 179.381 179.733 179.515 179.381 179.733 179.515 158.307 175.016 179.435 142.24 144.371 168.548 2.13706 5.18193 -8.56231 178.081 -178.779 -169.09 23.1791 5.75774 1.21019 38.5739 16.5826 6.99054 2.64777 19.8761 1.03056 11.0946 -3.10627 -5.6457 3.84593 -11.7614 -2.75881 179.559 176.887 179.466 177.284 -177.179 -179.464 1.05207 1.67147 -0.0197133 2.59805 -0.0947776 -2.06357 1.15242 -0.685735 1.15317 0.893417 -3.36637 0.938785 179.193 178.322 -179.979 0.960875 0.184895 -0.631 1.10792 1.97454 1.14505
-163.576 95.9724 49.6372 0.281103 0.416674 -2.39611 179.381 179.733 179.515 179.381 179.733 179.515 179.381 179.733 179.515 179.381 179.733 179.515 158.307 175.016 179.435 142.24 144.371 168.548 2.13706 5.18193 -8.56231 178.082 -178.779 -169.09 23.1791 5.75774 1.21019 38.5739 16.5826 6.99054 2.64777 19.8761 1.03056 11.0958 -3.10627 -5.6457 3.84593 -11.7614 -2.75881 179.559 176.887 179.466 177.284 -177.179 -179.464 1.05207 1.67147 -0.0197133 2.59805 -0.0947776 -2.06357 1.15242 -0.685735 1.15317 0.893417 -3.36637 0.938785 179.193 178.322 -179.979 0.960875 0.184895 -0.631 1.10792 1.97454 1.14505
-163.57 95.9729 49.6458 0.278449 0.411268 -2.40517 179.381 179.735 179.516 179.381 179.735 179.516 179.381 179.735 179.516 179.381 179.735 179.516 158.309 175.011 179.435 142.236 144.37 168.553 2.13832 5.18307 -8.56188 178.084 -178.775 -169.093 23.1827 5.7626 1.2102 38.5758 16.5851 6.98553 2.64942 19.876 1.03039 11.0975 -3.1048 -5.64535 3.84942 -11.7569 -2.75651 179.558 176.885 179.466 177.283 -177.196 -179.455 1.05207 1.66105 -0.0197132 2.60076 -0.0974381 -2.0623 1.15242 -0.685478 1.15317 0.892164 -3.34879 0.943268 179.193 178.34 -179.979 0.962892 0.192321 -0.627058 1.10794 1.97375 1.14505
-163.57 95.9729 49.6458 0.278449 0.411268 -2.40517 179.381 179.735 179.516 179.381 179.735 179.516 179.381 179.735 179.516 179.381 179.735 179.516 158.309 175.011 179.435 142.236 144.37 168.553 2.13832 5.18307 -8.56188 178.085 -178.775 -169.093 23.1827 5.7626 1.2102 38.5758 16.5851 6.98553 2.64942 19.876 1.03039 11.0987 -3.1048 -5.64535 3.84942 -11.7569 -2.75651 179.558 176.885 179.466 177.283 -177.196 -179.455 1.05207 1.66105 -0.0197132 2.60076 -0.0974381 -2.0623 1.15242 -0.685478 1.15317 0.892164 -3.34879 0.943268 179.193 178.34 -179.979 0.962892 0.192321 -0.627058 1.10794 1.97375 1.14505
-163.563 95.9734 49.6576 0.276246 0.396664 -2.41705 179.381 179.734 179.517 179.381 179.734 179.517 179.381 179.734 179.517 179.381 179.734 179.517 158.309 175.006 179.435 142.232 144.369 168.559 2.14235 5.18455 -8.55973 178.094 -178.765 -169.099 23.1868 5.76719 1.21021 38.5739 16.5894 6.98199 2.65018 19.8761 1.03165 11.1023 -3.10165 -5.64564 3.85406 -11.7466 -2.7514 179.556 176.882 179.467 177.28 -177.232 -179.438 1.05206 1.63642 -0.0197129 2.6055 -0.0955188 -2.0665 1.1524 -0.684557 1.15317 0.88908 -3.31227 0.946002 179.193 178.375 -179.979 0.967139 0.207909 -0.619075 1.10799 1.9713 1.14505
-163.563 95.9734 49.6576 0.276246 0.396664 -2.41705 179.381 179.734 179.517 179.381 179.734 179.517 179.381 179.734 179.517 179.381 179.734 179.517 158.309 175.006 179.435 142.232 144.369 168.559 2.14235 5.18455 -8.55973 178.094 -178.765 -169.099 23.1868 5.76719 1.21021 38.5739 16.5894 6.98199 2.65018 19.8761 1.03165 11.1035 -3.10165 -5.64564 3.85406 -11.7466 -2.7514 179.556 176.882 179.467 177.28 -177.232 -179.438 1.05206 1.63642 -0.0197129 2.6055 -0.0955188 -2.0665 1.1524 -0.684557 1.15317 0.88908 -3.31227 0.946002 179.193 178.375 -179.979 0.967139 0.207909 -0.619075 1.10799 1.9713 1.14505
-163.558 95.9738 49.6656 0.274147 0.392717 -2.42763 179.381 179.736 179.517 179.381 179.736 179.517 179.381 179.736 179.517 179.381 179.736 179.517 158.311 175.001 179.435 142.228 144.368 168.565 2.14349 5.18522 -8.55888 178.098 -178.762 -169.101 23.1903 5.77291 1.21022 38.5768 16.5927 6.97673 2.65097 19.8779 1.03203 11.106 -3.10038 -5.64535 3.85715 -11.7404 -2.7494 179.556 176.88 179.467 177.279 -177.247 -179.428 1.05205 1.62646 -0.0197128 2.60856 -0.098567 -2.06456 1.15239 -0.68416 1.15317 0.887679 -3.29762 0.950003 179.193 178.391 -179.979 0.968371 0.215684 -0.613231 1.10801 1.97041 1.14505
-163.558 95.9738 49.6656 0.274147 0.392717 -2.42763 179.381 179.736 179.517 179.381 179.736 179.517 179.381 179.736 179.517 179.381 179.736 179.517 158.311 175.001 179.435 142.228 144.368 168.565 2.14349 5.18522 -8.55888 178.098 -178.762 -169.101 23.1903 5.77291 1.21022 38.5768 16.5927 6.97673 2.65097 19.8779 1.03203 11.1071 -3.10038 -5.64535 3.85715 -11.7404 -2.7494 179.556 176.88 179.467 177.279 -177.247 -179.428 1.05205 1.62646 -0.0197128 2.60856 -0.098567 -2.06456 1.15239 -0.68416 1.15317 0.887679 -3.29762 0.950003 179.193 178.391 -179.979 0.968371 0.215684 -0.613231 1.10801 1.97041 1.14505
-163.552 95.974 49.6744 0.272492 0.3867 -2.43974 179.38 179.737 179.519 179.38 179.737 179.519 179.38 179.737 179.519 179.38 179.737 179.519 158.314 174.995 179.435 142.223 144.366 168.573 2.14548 5.18557 -8.55797 178.103 -178.758 -169.103 23.1936 5.77901 1.21024 38.5792 16.5966 6.97152 2.65074 19.8808 1.03301 11.1101 -3.09897 -5.6452 3.86035 -11.7312 -2.74711 179.556 176.877 179.467 177.277 -177.266 -179.418 1.05205 1.61456 -0.0197127 2.61253 -0.101541 -2.06206 1.15238 -0.68369 1.15317 0.885475 -3.27977 0.954029 179.193 178.41 -179.979 0.970273 0.224543 -0.606066 1.10803 1.96943 1.14505
-163.552 95.974 49.6744 0.272492 0.3867 -2.43974 179.38 179.737 179.519 179.38 179.737 179.519 179.38 179.737 179.519 179.38 179.737 179.519 158.314 174.995 179.435 142.223 144.366 168.573 2.14548 5.18557 -8.55797 178.103 -178.758 -169.103 23.1936 5.77901 1.21024 38.5792 16.5966 6.97152 2.65074 19.8808 1.03301 11.1113 -3.09897 -5.6452 3.86035 -11.7312 -2.74711 179.556 176.877 179.467 177.277 -177.266 -179.418 1.05205 1.61456 -0.0197127 2.61253 -0.101541 -2.06206 1.15238 -0.68369 1.15317 0.885475 -3.27977 0.954029 179.193 178.41 -179.979 0.970273 0.224543 -0.606066 1.10803 1.96943 1.14505
-163.547 95.9743 49.6828 0.271131 0.380968 -2.45244 179.38 179.738 179.52 179.38 179.738 179.52 179.38 179.738 179.52 179.38 179.738 179.52 158.316 174.99 179.435 142.218 144.365 168.581 2.14773 5.18584 -8.55694 178.108 -178.754 -169.104 23.1971 5.78521 1.21025 38.5815 16.6009 6.96654 2.64967 19.8848 1.03434 11.1147 -3.0977 -5.64531 3.86329 -11.7209 -2.74475 179.556 176.874 179.468 177.274 -177.285 -179.407 1.05204 1.60176 -0.0197126 2.61692 -0.104073 -2.05952 1.15237 -0.683171 1.15317 0.883066 -3.26235 0.957503 179.193 178.428 -179.979 0.97213 0.234203 -0.597835 1.10805 1.96843 1.14505
-163.547 95.9743 49.6828 0.271131 0.380968 -2.45244 179.38 179.738 179.52 179.38 179.738 179.52 179.38 179.738 179.52 179.38 179.738 179.52 158.316 174.99 179.435 142.218 144.365 168.581 2.14773 5.18584 -8.55694 178.108 -178.754 -169.104 23.1971 5.78521 1.21025 38.5815 16.6009 6.96654 2.64967 19.8848 1.03434 11.1159 -3.0977 -5.64531 3.86329 -11.7209 -2.74475 179.556 176.874 179.468 177.274 -177.285 -179.407 1.05204 1.60176 -0.0197126 2.61692 -0.104073 -2.05952 1.15237 -0.683171 1.15317 0.883066 -3.26235 0.957503 179.193 178.428 -179.979 0.97213 0.234203 -0.597835 1.10805 1.96843 1.14505
-163.541 95.9744 49.6906 0.270029 0.376265 -2.46545 179.38 179.74 179.521 179.38 179.74 179.521 179.38 179.74 179.521 179.38 179.74 179.521 158.319 174.984 179.435 142.213 144.363 168.59 2.14991 5.18617 -8.55587 178.114 -178.751 -169.105 23.2006 5.7914 1.21026 38.584 16.6057 6.96161 2.64773 19.8901 1.03592 11.1196 -3.0968 -5.6457 3.86605 -11.71 -2.74234 179.557 176.871 179.468 177.272 -177.303 -179.396 1.05204 1.58919 -0.0197125 2.62163 -0.106511 -2.05706 1.15236 -0.682626 1.15317 0.880569 -3.2468 0.960267 179.193 178.447 -179.979 0.973771 0.244196 -0.588588 1.10807 1.96743 1.14505
-163.541 95.9744 49.6906 0.270029 0.376265 -2.46545 179.38 179.74 179.521 179.38 179.74 179.521 179.38 179.74 179.521 179.38 179.74 179.521 158.319 174.984 179.435 142.213 144.363 168.59 2.14991 5.18617 -8.55587 178.114 -178.751 -169.105 23.2006 5.7914 1.21026 38.584 16.6057 6.96161 2.64773 19.8901 1.03592 11.1208 -3.0968 -5.6457 3.86605 -11.71 -2.74234 179.557 176.871 179.468 177.272 -177.303 -179.396 1.05204 1.58919 -0.0197125 2.62163 -0.106511 -2.05706 1.15236 -0.682626 1.15317 0.880569 -3.2468 0.960267 179.193 178.447 -179.979 0.973771 0.244196 -0.588588 1.10807 1.96743 1.14505
-163.536 95.9744 49.6977 0.26915 0.37281 -2.47856 179.379 179.742 179.522 179.379 179.742 179.522 179.379 179.742 179.522 179.379 179.742 179.522 158.321 174.979 179.435 142.209 144.361 168.598 2.15184 5.18664 -8.55483 178.12 -178.748 -169.106 23.2043 5.79748 1.21028 38.5867 16.6107 6.95657 2.64494 19.8964 1.03774 11.1247 -3.09641 -5.64636 3.86865 -11.6987 -2.73988 179.557 176.868 179.469 177.269 -177.318 -179.385 1.05204 1.57757 -0.0197124 2.62665 -0.109137 -2.05471 1.15235 -0.682078 1.15317 0.878026 -3.23365 0.962259 179.193 178.463 -179.979 0.975219 0.254177 -0.578398 1.10809 1.96646 1.14505
-163.536 95.9744 49.6977 0.26915 0.37281 -2.47856 179.379 179.742 179.522 179.379 179.742 179.522 179.379 179.742 179.522 179.379 179.742 179.522 158.321 174.979 179.435 142.209 144.361 168.598 2.15184 5.18664 -8.55483 178.12 -178.748 -169.106 23.2043 5.79748 1.21028 38.5867 16.6107 6.95657 2.64494 19.8964 1.03774 11.1259 -3.09641 -5.64636 3.86865 -11.6987 -2.73988 179.557 176.868 179.469 177.269 -177.318 -179.385 1.05204 1.57757 -0.0197124 2.62665 -0.109137 -2.05471 1.15235 -0.682078 1.15317 0.878026 -3.23365 0.962259 179.193 178.463 -179.979 0.975219 0.254177 -0.578398 1.10809 1.96646 1.14505
-163.531 95.9744 49.704 0.268455 0.370651 -2.49159 179.379 179.744 179.523 179.379 179.744 179.523 179.379 179.744 179.523 179.379 179.744 179.523 158.324 174.974 179.435 142.206 144.358 168.606 2.15342 5.18731 -8.55388 178.126 -178.747 -169.106 23.2082 5.80335 1.21029 38.5895 16.616 6.95127 2.64133 19.9036 1.03979 11.1301 -3.09661 -5.64735 3.87111 -11.6871 -2.73735 179.557 176.866 179.469 177.266 -177.331 -179.374 1.05203 1.56731 -0.0197123 2.63194 -0.112099 -2.05245 1.15234 -0.681546 1.15317 0.875467 -3.22306 0.963469 179.193 178.478 -179.979 0.976538 0.263968 -0.567359 1.1081 1.96555 1.14504
-163.531 95.9744 49.704 0.268455 0.370651 -2.49159 179.379 179.744 179.523 179.379 179.744 179.523 179.379 179.744 179.523 179.379 179.744 179.523 158.324 174.974 179.435 142.206 144.358 168.606 2.15342 5.18731 -8.55388 178.126 -178.747 -169.106 23.2082 5.80335 1.21029 38.5895 16.616 6.95127 2.64133 19.9036 1.03979 11.1312 -3.09661 -5.64735 3.87111 -11.6871 -2.73735 179.557 176.866 179.469 177.266 -177.331 -179.374 1.05203 1.56731 -0.0197123 2.63194 -0.112099 -2.05245 1.15234 -0.681546 1.15317 0.875467 -3.22306 0.963469 179.193 178.478 -179.979 0.976538 0.263968 -0.567359 1.1081 1.96555 1.14504
-163.526 95.9744 49.7097 0.267906 0.369779 -2.50443 179.378 179.746 179.524 179.378 179.746 179.524 179.378 179.746 179.524 179.378 179.746 179.524 158.327 174.969 179.435 142.203 144.355 168.614 2.15461 5.18823 -8.55307 178.132 -178.746 -169.105 23.2121 5.80895 1.2103 38.5926 16.6214 6.94555 2.63703 19.9115 1.04209 11.1355 -3.0974 -5.64867 3.87345 -11.6753 -2.73471 179.558 176.864 179.47 177.264 -177.341 -179.363 1.05203 1.55863 -0.0197122 2.63746 -0.11544 -2.05026 1.15233 -0.681045 1.15317 0.872916 -3.21503 0.96393 179.193 178.492 -179.979 0.977796 0.273505 -0.555572 1.10812 1.96471 1.14504
-163.526 95.9744 49.7097 0.267906 0.369779 -2.50443 179.378 179.746 179.524 179.378 179.746 179.524 179.378 179.746 179.524 179.378 179.746 179.524 158.327 174.969 179.435 142.203 144.355 168.614 2.15461 5.18823 -8.55307 178.132 -178.746 -169.105 23.2121 5.80895 1.2103 38.5926 16.6214 6.94555 2.63703 19.9115 1.04209 11.1367 -3.0974 -5.64867 3.87345 -11.6753 -2.73471 179.558 176.864 179.47 177.264 -177.341 -179.363 1.05203 1.55863 -0.0197122 2.63746 -0.11544 -2.05026 1.15233 -0.681045 1.15317 0.872916 -3.21503 0.96393 179.193 178.492 -179.979 0.977796 0.273505 -0.555572 1.10812 1.96471 1.14504
-163.523 95.9742 49.7124 0.266709 0.372439 -2.51334 179.378 179.748 179.525 179.378 179.748 179.525 179.378 179.748 179.525 179.378 179.748 179.525 158.331 174.966 179.435 142.204 144.353 168.618 2.15485 5.18898 -8.55178 178.134 -178.747 -169.105 23.2166 5.81253 1.21031 38.5967 16.624 6.94207 2.63685 19.9145 1.04266 11.1386 -3.09776 -5.64907 3.87398 -11.6722 -2.73402 179.558 176.863 179.47 177.263 -177.343 -179.358 1.05203 1.5559 -0.0197122 2.64047 -0.118878 -2.04725 1.15233 -0.680901 1.15317 0.872568 -3.21569 0.966539 179.193 178.496 -179.979 0.977745 0.278815 -0.549927 1.10812 1.96448 1.14504
-163.523 95.9742 49.7124 0.266709 0.372439 -2.51334 179.378 179.748 179.525 179.378 179.748 179.525 179.378 179.748 179.525 179.378 179.748 179.525 158.331 174.966 179.435 142.204 144.353 168.618 2.15485 5.18898 -8.55178 178.134 -178.747 -169.105 23.2166 5.81253 1.21031 38.5967 16.624 6.94207 2.63685 19.9145 1.04266 11.1398 -3.09776 -5.64907 3.87398 -11.6722 -2.73402 179.558 176.863 179.47 177.263 -177.343 -179.358 1.05203 1.5559 -0.0197122 2.64047 -0.118878 -2.04725 1.15233 -0.680901 1.15317 0.872568 -3.21569 0.966539 179.193 178.496 -179.979 0.977745 0.278815 -0.549927 1.10812 1.96448 1.14504
-163.516 95.9742 49.7202 0.267212 0.369684 -2.53007 179.377 179.753 179.526 179.377 179.753 179.526 179.377 179.753 179.526 179.377 179.753 179.526 158.332 174.956 179.435 142.2 144.34 168.632 2.14399 5.16652 -8.5492 178.3 -178.801 -169.169 23.2227 5.81235 1.21031 38.6111 16.5826 6.91564 2.5436 20.0699 1.09773 11.3943 -3.16011 -5.69603 3.87867 -11.6288 -2.70897 179.562 176.878 179.455 177.258 -177.362 -179.323 1.05202 1.53674 -0.019712 2.6509 -0.119851 -2.0654 1.1522 -0.674661 1.15317 0.866797 -3.19683 0.928231 179.193 178.528 -179.979 0.979962 0.300123 -0.494597 1.10835 1.95323 1.14504
-163.516 95.9742 49.7202 0.267212 0.369684 -2.53007 179.377 179.753 179.526 179.377 179.753 179.526 179.377 179.753 179.526 179.377 179.753 179.526 158.332 174.956 179.435 142.2 144.34 168.632 2.14399 5.16652 -8.5492 178.3 -178.801 -169.169 23.2227 5.81235 1.21031 38.6111 16.5826 6.91564 2.5436 20.0699 1.09773 11.3955 -3.16011 -5.69603 3.87867 -11.6288 -2.70897 179.562 176.878 179.455 177.258 -177.362 -179.323 1.05202 1.53674 -0.019712 2.6509 -0.119851 -2.0654 1.1522 -0.674661 1.15317 0.866797 -3.19683 0.928231 179.193 178.528 -179.979 0.979962 0.300123 -0.494597 1.10835 1.95323 1.14504
-163.516 95.9742 49.7202 0.267212 0.369684 -2.53007 179.377 179.753 179.526 179.377 179.753 179.526 179.377 179.753 179.526 179.377 179.753 179.526 158.332 174.956 179.435 142.2 144.34 168.632 2.14399 5.16652 -8.5492 178.3 -178.801 -169.169 23.2227 5.81235 1.21031 38.6111 16.5826 6.91564 2.5436 20.0699 1.09773 11.3967 -3.16011 -5.69603 3.87867 -11.6288 -2.70897 179.562 176.878 179.455 177.258 -177.362 -179.323 1.05202 1.53674 -0.019712 2.6509 -0.119851 -2.0654 1.1522 -0.674661 1.15317 0.866797 -3.19683 0.928231 179.193 178.528 -179.979 0.979962 0.300123 -0.494597 1.10835 1.95323 1.14504
-163.513 95.9739 49.7228 0.265495 0.375788 -2.54219 179.377 179.755 179.526 179.377 179.755 179.526 179.377 179.755 179.526 179.377 179.755 179.526 158.338 174.952 179.435 142.202 144.337 168.638 2.14339 5.16782 -8.54702 178.3 -178.802 -169.169 23.2294 5.81688 1.21032 38.6173 16.5849 6.91086 2.54524 20.0717 1.09729 11.3975 -3.16081 -5.6965 3.87918 -11.628 -2.70852 179.562 176.877 179.455 177.258 -177.36 -179.317 1.05202 1.53589 -0.019712 2.65479 -0.125136 -2.06027 1.1522 -0.674605 1.15317 0.866765 -3.2029 0.933981 179.193 178.53 -179.979 0.979713 0.306797 -0.488476 1.10835 1.95318 1.14504
-163.513 95.9739 49.7228 0.265495 0.375788 -2.54219 179.377 179.755 179.526 179.377 179.755 179.526 179.377 179.755 179.526 179.377 179.755 179.526 158.338 174.952 179.435 142.202 144.337 168.638 2.14339 5.16782 -8.54702 178.301 -178.802 -169.169 23.2294 5.81688 1.21032 38.6173 16.5849 6.91086 2.54524 20.0717 1.09729 11.3987 -3.16081 -5.6965 3.87918 -11.628 -2.70852 179.562 176.877 179.455 177.258 -177.36 -179.317 1.05202 1.53589 -0.019712 2.65479 -0.125136 -2.06027 1.1522 -0.674605 1.15317 0.866765 -3.2029 0.933981 179.193 178.53 -179.979 0.979713 0.306797 -0.488476 1.10835 1.95318 1.14504
-163.506 95.9736 49.7279 0.266419 0.380867 -2.55838 179.376 179.76 179.529 179.376 179.76 179.529 179.376 179.76 179.529 179.376 179.76 179.529 158.34 174.942 179.435 142.2 144.332 168.648 2.1411 5.17065 -8.54721 178.3 -178.805 -169.167 23.2337 5.82476 1.21033 38.6212 16.589 6.89855 2.54442 20.0741 1.09748 11.3984 -3.16426 -5.69868 3.88449 -11.614 -2.70454 179.564 176.871 179.457 177.252 -177.36 -179.309 1.05202 1.53548 -0.019712 2.66345 -0.132838 -2.05262 1.1522 -0.674495 1.15317 0.862075 -3.20549 0.939637 179.193 178.536 -179.979 0.982521 0.315558 -0.476764 1.10835 1.9532 1.14504
-163.506 95.9736 49.7279 0.266419 0.380867 -2.55838 179.376 179.76 179.529 179.376 179.76 179.529 179.376 179.76 179.529 179.376 179.76 179.529 158.34 174.942 179.435 142.2 144.332 168.648 2.1411 5.17065 -8.54721 178.301 -178.805 -169.167 23.2337 5.82476 1.21033 38.6212 16.589 6.89855 2.54442 20.0741 1.09748 11.3996 -3.16426 -5.69868 3.88449 -11.614 -2.70454 179.564 176.871 179.457 177.252 -177.36 -179.309 1.05202 1.53548 -0.019712 2.66345 -0.132838 -2.05262 1.1522 -0.674495 1.15317 0.862075 -3.20549 0.939637 179.193 178.536 -179.979 0.982521 0.315558 -0.476764 1.10835 1.9532 1.14504
-163.506 95.9736 49.7279 0.266419 0.380867 -2.55838 179.376 179.76 179.529 179.376 179.76 179.529 179.376 179.76 179.529 179.376 179.76 179.529 158.34 174.942 179.435 142.2 144.332 168.648 2.1411 5.17065 -8.54721 178.301 -178.805 -169.167 23.2337 5.82476 1.21033 38.6212 16.589 6.89855 2.54442 20.0741 1.09748 11.4007 -3.16426 -5.69868 3.88449 -11.614 -2.70454 179.564 176.871 179.457 177.252 -177.36 -179.309 1.05202 1.53548 -0.019712 2.66345 -0.132838 -2.05262 1.1522 -0.674495 1.15317 0.862075 -3.20549 0.939637 179.193 178.536 -179.979 0.982521 0.315558 -0.476764 1.10835 1.9532 1.14504
-163.503 95.9734 49.7306 0.265122 0.387639 -2.57096 179.376 179.764 179.529 179.376 179.764 179.529 179.376 179.764 179.529 179.376 179.764 179.529 158.345 174.936 179.435 142.201 144.329 168.654 2.14004 5.17241 -8.54546 178.301 -178.807 -169.167 23.24 5.82951 1.21034 38.6267 16.5915 6.89245 2.54543 20.0753 1.09778 11.4013 -3.16562 -5.69966 3.88563 -11.6104 -2.70323 179.564 176.869 179.458 177.252 -177.358 -179.304 1.05202 1.53466 -0.019712 2.66794 -0.137537 -2.0476 1.1522 -0.674425 1.15317 0.861407 -3.21193 0.945065 179.193 178.539 -179.979 0.983549 0.322963 -0.469377 1.10835 1.9532 1.14504
-163.503 95.9734 49.7306 0.265122 0.387639 -2.57096 179.376 179.764 179.529 179.376 179.764 179.529 179.376 179.764 179.529 179.376 179.764 179.529 158.345 174.936 179.435 142.201 144.329 168.654 2.14004 5.17241 -8.54546 178.301 -178.807 -169.167 23.24 5.82951 1.21034 38.6267 16.5915 6.89245 2.54543 20.0753 1.09778 11.4025 -3.16562 -5.69966 3.88563 -11.6104 -2.70323 179.564 176.869 179.458 177.252 -177.358 -179.304 1.05202 1.53466 -0.019712 2.66794 -0.137537 -2.0476 1.1522 -0.674425 1.15317 0.861407 -3.21193 0.945065 179.193 178.539 -179.979 0.983549 0.322963 -0.469377 1.10835 1.9532 1.14504
-163.496 95.9732 49.7352 0.266337 0.39527 -2.58723 179.375 179.77 179.531 179.375 179.77 179.531 179.375 179.77 179.531 179.375 179.77 179.531 158.346 174.922 179.435 142.201 144.322 168.663 2.13727 5.1759 -8.54696 178.3 -178.812 -169.165 23.2445 5.83811 1.21036 38.6304 16.596 6.87616 2.54448 20.0758 1.10054 11.4014 -3.17041 -5.70338 3.89162 -11.5898 -2.69704 179.566 176.862 179.461 177.247 -177.355 -179.297 1.05202 1.53414 -0.019712 2.67673 -0.144104 -2.03973 1.15219 -0.67426 1.15317 0.856461 -3.21676 0.948338 179.193 178.546 -179.979 0.987604 0.332463 -0.455064 1.10835 1.95345 1.14504
-163.496 95.9732 49.7352 0.266337 0.39527 -2.58723 179.375 179.77 179.531 179.375 179.77 179.531 179.375 179.77 179.531 179.375 179.77 179.531 158.346 174.922 179.435 142.201 144.322 168.663 2.13727 5.1759 -8.54696 178.3 -178.812 -169.165 23.2445 5.83811 1.21036 38.6304 16.596 6.87616 2.54448 20.0758 1.10054 11.4026 -3.17041 -5.70338 3.89162 -11.5898 -2.69704 179.566 176.862 179.461 177.247 -177.355 -179.297 1.05202 1.53414 -0.019712 2.67673 -0.144104 -2.03973 1.15219 -0.67426 1.15317 0.856461 -3.21676 0.948338 179.193 178.546 -179.979 0.987604 0.332463 -0.455064 1.10835 1.95345 1.14504
-163.496 95.9732 49.7352 0.266337 0.39527 -2.58723 179.375 179.77 179.531 179.375 179.77 179.531 179.375 179.77 179.531 179.375 179.77 179.531 158.346 174.922 179.435 142.201 144.322 168.663 2.13727 5.1759 -8.54696 178.3 -178.812 -169.165 23.2445 5.83811 1.21036 38.6304 16.596 6.87616 2.54448 20.0758 1.10054 11.4038 -3.17041 -5.70338 3.89162 -11.5898 -2.69704 179.566 176.862 179.461 177.247 -177.355 -179.297 1.05202 1.53414 -0.019712 2.67673 -0.144104 -2.03973 1.15219 -0.67426 1.15317 0.856461 -3.21676 0.948338 179.193 178.546 -179.979 0.987604 0.332463 -0.455064 1.10835 1.95345 1.14504
-163.493 95.973 49.7377 0.265305 0.403342 -2.6 179.375 179.774 179.53 179.375 179.774 179.53 179.375 179.774 179.53 179.375 179.774 179.53 158.351 174.914 179.435 142.202 144.318 168.67 2.13572 5.17784 -8.54561 178.3 -178.814 -169.164 23.2503 5.84269 1.21037 38.6357 16.5981 6.86931 2.54557 20.0761 1.10163 11.4041 -3.17216 -5.70458 3.89313 -11.5852 -2.69515 179.566 176.86 179.462 177.246 -177.351 -179.292 1.05202 1.53316 -0.0197119 2.68058 -0.147992 -2.0349 1.15219 -0.674172 1.15317 0.855746 -3.22444 0.953326 179.193 178.549 -179.979 0.988965 0.339326 -0.447203 1.10834 1.95352 1.14504
-163.493 95.973 49.7377 0.265305 0.403342 -2.6 179.375 179.774 179.53 179.375 179.774 179.53 179.375 179.774 179.53 179.375 179.774 179.53 158.351 174.914 179.435 142.202 144.318 168.67 2.13572 5.17784 -8.54561 178.3 -178.814 -169.164 23.2503 5.84269 1.21037 38.6357 16.5981 6.86931 2.54557 20.0761 1.10163 11.4053 -3.17216 -5.70458 3.89313 -11.5852 -2.69515 179.566 176.86 179.462 177.246 -177.351 -179.292 1.05202 1.53316 -0.0197119 2.68058 -0.147992 -2.0349 1.15219 -0.674172 1.15317 0.855746 -3.22444 0.953326 179.193 178.549 -179.979 0.988965 0.339326 -0.447203 1.10834 1.95352 1.14504
-163.487 95.9729 49.7419 0.2667 0.413506 -2.6162 179.374 179.781 179.532 179.374 179.781 179.532 179.374 179.781 179.532 179.374 179.781 179.532 158.351 174.896 179.435 142.205 144.31 168.678 2.1324 5.18101 -8.54814 178.299 -178.82 -169.163 23.2548 5.85165 1.21039 38.64 16.6017 6.8499 2.54642 20.0729 1.10612 11.4036 -3.1779 -5.70898 3.89985 -11.5613 -2.68748 179.567 176.854 179.466 177.241 -177.347 -179.287 1.05202 1.53225 -0.0197119 2.68788 -0.153582 -2.02659 1.15219 -0.673912 1.15317 0.851063 -3.23226 0.955336 179.193 178.556 -179.979 0.99293 0.347598 -0.431978 1.10833 1.95407 1.14504
-163.487 95.9729 49.7419 0.2667 0.413506 -2.6162 179.374 179.781 179.532 179.374 179.781 179.532 179.374 179.781 179.532 179.374 179.781 179.532 158.351 174.896 179.435 142.205 144.31 168.678 2.1324 5.18101 -8.54814 178.299 -178.82 -169.163 23.2548 5.85165 1.21039 38.64 16.6017 6.8499 2.54642 20.0729 1.10612 11.4048 -3.1779 -5.70898 3.89985 -11.5613 -2.68748 179.567 176.854 179.466 177.241 -177.347 -179.287 1.05202 1.53225 -0.0197119 2.68788 -0.153582 -2.02659 1.15219 -0.673912 1.15317 0.851063 -3.23226 0.955336 179.193 178.556 -179.979 0.99293 0.347598 -0.431978 1.10833 1.95407 1.14504
-163.487 95.9729 49.7419 0.2667 0.413506 -2.6162 179.374 179.781 179.532 179.374 179.781 179.532 179.374 179.781 179.532 179.374 179.781 179.532 158.351 174.896 179.435 142.205 144.31 168.678 2.1324 5.18101 -8.54814 178.299 -178.82 -169.163 23.2548 5.85165 1.21039 38.64 16.6017 6.8499 2.54642 20.0729 1.10612 11.406 -3.1779 -5.70898 3.89985 -11.5613 -2.68748 179.567 176.854 179.466 177.241 -177.347 -179.287 1.05202 1.53225 -0.0197119 2.68788 -0.153582 -2.02659 1.15219 -0.673912 1.15317 0.851063 -3.23226 0.955336 179.193 178.556 -179.979 0.99293 0.347598 -0.431978 1.10833 1.95407 1.14504
-163.481 95.9728 49.7459 0.267214 0.425678 -2.63366 179.374 179.789 179.533 179.374 179.789 179.533 179.374 179.789 179.533 179.374 179.789 179.533 158.353 174.875 179.435 142.21 144.301 168.684 2.12932 5.1833 -8.54961 178.298 -178.827 -169.163 23.2606 5.85971 1.21041 38.646 16.6044 6.83171 2.54952 20.0676 1.11086 11.4043 -3.18335 -5.71287 3.90538 -11.54 -2.68042 179.568 176.851 179.47 177.238 -177.34 -179.281 1.05202 1.53038 -0.0197119 2.69328 -0.158611 -2.01815 1.15218 -0.673607 1.15317 0.847862 -3.24275 0.957711 179.193 178.562 -179.979 0.995781 0.355091 -0.416796 1.10832 1.9548 1.14504
-163.481 95.9728 49.7459 0.267214 0.425678 -2.63366 179.374 179.789 179.533 179.374 179.789 179.533 179.374 179.789 179.533 179.374 179.789 179.533 158.353 174.875 179.435 142.21 144.301 168.684 2.12932 5.1833 -8.54961 178.298 -178.827 -169.163 23.2606 5.85971 1.21041 38.646 16.6044 6.83171 2.54952 20.0676 1.11086 11.4055 -3.18335 -5.71287 3.90538 -11.54 -2.68042 179.568 176.851 179.47 177.238 -177.34 -179.281 1.05202 1.53038 -0.0197119 2.69328 -0.158611 -2.01815 1.15218 -0.673607 1.15317 0.847862 -3.24275 0.957711 179.193 178.562 -179.979 0.995781 0.355091 -0.416796 1.10832 1.9548 1.14504
-163.481 95.9728 49.7459 0.267214 0.425678 -2.63366 179.374 179.789 179.533 179.374 179.789 179.533 179.374 179.789 179.533 179.374 179.789 179.533 158.353 174.875 179.435 142.21 144.301 168.684 2.12932 5.1833 -8.54961 178.298 -178.827 -169.163 23.2606 5.85971 1.21041 38.646 16.6044 6.83171 2.54952 20.0676 1.11086 11.4067 -3.18335 -5.71287 3.90538 -11.54 -2.68042 179.568 176.851 179.47 177.238 -177.34 -179.281 1.05202 1.53038 -0.0197119 2.69328 -0.158611 -2.01815 1.15218 -0.673607 1.15317 0.847862 -3.24275 0.957711 179.193 178.562 -179.979 0.995781 0.355091 -0.416796 1.10832 1.9548 1.14504
-163.478 95.9727 49.7482 0.266801 0.434821 -2.64654 179.374 179.792 179.533 179.374 179.792 179.533 179.374 179.792 179.533 179.374 179.792 179.533 158.357 174.866 179.435 142.211 144.297 168.69 2.12726 5.18484 -8.5485 178.298 -178.829 -169.163 23.2652 5.86354 1.21042 38.6511 16.6055 6.82498 2.55147 20.0659 1.1125 11.4068 -3.18543 -5.71365 3.90743 -11.5352 -2.67821 179.568 176.851 179.471 177.238 -177.336 -179.277 1.05202 1.52869 -0.0197119 2.6954 -0.16183 -2.01338 1.15218 -0.67349 1.15317 0.84713 -3.25139 0.962196 179.193 178.565 -179.979 0.996184 0.359334 -0.409377 1.10831 1.955 1.14504
-163.478 95.9727 49.7482 0.266801 0.434821 -2.64654 179.374 179.792 179.533 179.374 179.792 179.533 179.374 179.792 179.533 179.374 179.792 179.533 158.357 174.866 179.435 142.211 144.297 168.69 2.12726 5.18484 -8.5485 178.298 -178.829 -169.163 23.2652 5.86354 1.21042 38.6511 16.6055 6.82498 2.55147 20.0659 1.1125 11.408 -3.18543 -5.71365 3.90743 -11.5352 -2.67821 179.568 176.851 179.471 177.238 -177.336 -179.277 1.05202 1.52869 -0.0197119 2.6954 -0.16183 -2.01338 1.15218 -0.67349 1.15317 0.84713 -3.25139 0.962196 179.193 178.565 -179.979 0.996184 0.359334 -0.409377 1.10831 1.955 1.14504
-163.472 95.9727 49.7526 0.269043 0.449186 -2.66305 179.374 179.804 179.536 179.374 179.804 179.536 179.374 179.804 179.536 179.374 179.804 179.536 158.352 174.787 179.435 142.259 144.266 168.645 2.11225 5.1181 -8.54061 178.363 -178.872 -169.199 23.27 5.87075 1.21043 38.6429 16.6737 6.79656 2.62501 19.9263 1.08653 11.3029 -3.17668 -5.70287 3.91515 -11.4622 -2.64961 179.566 176.885 179.456 177.232 -177.328 -179.283 1.05202 1.52518 -0.0197119 2.70055 -0.165478 -1.99298 1.15207 -0.668319 1.15317 0.841629 -3.26244 0.934599 179.193 178.573 -179.979 0.998473 0.366644 -0.364697 1.10791 1.97546 1.14505
-163.472 95.9727 49.7526 0.269043 0.449186 -2.66305 179.374 179.804 179.536 179.374 179.804 179.536 179.374 179.804 179.536 179.374 179.804 179.536 158.352 174.787 179.435 142.259 144.266 168.645 2.11225 5.1181 -8.54061 178.363 -178.872 -169.199 23.27 5.87075 1.21043 38.6429 16.6737 6.79656 2.62501 19.9263 1.08653 11.3041 -3.17668 -5.70287 3.91515 -11.4622 -2.64961 179.566 176.885 179.456 177.232 -177.328 -179.283 1.05202 1.52518 -0.0197119 2.70055 -0.165478 -1.99298 1.15207 -0.668319 1.15317 0.841629 -3.26244 0.934599 179.193 178.573 -179.979 0.998473 0.366644 -0.364697 1.10791 1.97546 1.14505
-163.472 95.9727 49.7526 0.269043 0.449186 -2.66305 179.374 179.804 179.536 179.374 179.804 179.536 179.374 179.804 179.536 179.374 179.804 179.536 158.352 174.787 179.435 142.259 144.266 168.645 2.11225 5.1181 -8.54061 178.364 -178.872 -169.199 23.27 5.87075 1.21043 38.6429 16.6737 6.79656 2.62501 19.9263 1.08653 11.3053 -3.17668 -5.70287 3.91515 -11.4622 -2.64961 179.566 176.885 179.456 177.232 -177.328 -179.283 1.05202 1.52518 -0.0197119 2.70055 -0.165478 -1.99298 1.15207 -0.668319 1.15317 0.841629 -3.26244 0.934599 179.193 178.573 -179.979 0.998473 0.366644 -0.364697 1.10791 1.97546 1.14505
-163.47 95.9725 49.7546 0.269006 0.457565 -2.67465 179.374 179.806 179.534 179.374 179.806 179.534 179.374 179.806 179.534 179.374 179.806 179.534 158.356 174.781 179.435 142.259 144.263 168.651 2.11012 5.1196 -8.53886 178.363 -178.873 -169.199 23.2735 5.87322 1.21044 38.6475 16.6742 6.79332 2.62605 19.9256 1.08744 11.306 -3.17798 -5.70237 3.91674 -11.4624 -2.64864 179.567 176.885 179.456 177.232 -177.324 -179.279 1.05202 1.52338 -0.0197119 2.70154 -0.168214 -1.98922 1.15207 -0.668268 1.15317 0.84111 -3.27045 0.939853 179.193 178.576 -179.979 0.997326 0.36947 -0.359645 1.10791 1.97546 1.14505
-163.47 95.9725 49.7546 0.269006 0.457565 -2.67465 179.374 179.806 179.534 179.374 179.806 179.534 179.374 179.806 179.534 179.374 179.806 179.534 158.356 174.781 179.435 142.259 144.263 168.651 2.11012 5.1196 -8.53886 178.364 -178.873 -169.199 23.2735 5.87322 1.21044 38.6475 16.6742 6.79332 2.62605 19.9256 1.08744 11.3071 -3.17798 -5.70237 3.91674 -11.4624 -2.64864 179.567 176.885 179.456 177.232 -177.324 -179.279 1.05202 1.52338 -0.0197119 2.70154 -0.168214 -1.98922 1.15207 -0.668268 1.15317 0.84111 -3.27045 0.939853 179.193 178.576 -179.979 0.997326 0.36947 -0.359645 1.10791 1.97546 1.14505
-163.467 95.9724 49.7567 0.269836 0.464906 -2.68477 179.373 179.809 179.534 179.373 179.809 179.534 179.373 179.809 179.534 179.373 179.809 179.534 158.358 174.774 179.435 142.258 144.259 168.656 2.10764 5.12103 -8.53803 178.363 -178.874 -169.199 23.2752 5.87652 1.21045 38.6513 16.6745 6.78821 2.62714 19.9242 1.08773 11.3076 -3.17983 -5.70173 3.91968 -11.4606 -2.64691 179.568 176.884 179.457 177.23 -177.32 -179.275 1.05202 1.52166 -0.0197118 2.70282 -0.170824 -1.98531 1.15207 -0.668204 1.15317 0.839466 -3.27732 0.944758 179.193 178.578 -179.979 0.996275 0.372154 -0.354657 1.1079 1.97548 1.14505
-163.467 95.9724 49.7567 0.269836 0.464906 -2.68477 179.373 179.809 179.534 179.373 179.809 179.534 179.373 179.809 179.534 179.373 179.809 179.534 158.358 174.774 179.435 142.258 144.259 168.656 2.10764 5.12103 -8.53803 178.364 -178.874 -169.199 23.2752 5.87652 1.21045 38.6513 16.6745 6.78821 2.62714 19.9242 1.08773 11.3088 -3.17983 -5.70173 3.91968 -11.4606 -2.64691 179.568 176.884 179.457 177.23 -177.32 -179.275 1.05202 1.52166 -0.0197118 2.70282 -0.170824 -1.98531 1.15207 -0.668204 1.15317 0.839466 -3.27732 0.944758 179.193 178.578 -179.979 0.996275 0.372154 -0.354657 1.1079 1.97548 1.14505
-163.464 95.9723 49.7588 0.270883 0.47185 -2.69444 179.373 179.812 179.534 179.373 179.812 179.534 179.373 179.812 179.534 179.373 179.812 179.534 158.36 174.767 179.435 142.257 144.255 168.661 2.10516 5.12237 -8.5374 178.364 -178.874 -169.2 23.2764 5.87981 1.21045 38.655 16.6744 6.7827 2.62825 19.9223 1.08804 11.3091 -3.1822 -5.70077 3.92302 -11.4574 -2.64477 179.569 176.883 179.458 177.228 -177.316 -179.271 1.05202 1.51981 -0.0197118 2.7043 -0.173166 -1.98153 1.15207 -0.668131 1.15317 0.837519 -3.2837 0.949329 179.193 178.58 -179.979 0.995241 0.374778 -0.34969 1.1079 1.97553 1.14505
-163.464 95.9723 49.7588 0.270883 0.47185 -2.69444 179.373 179.812 179.534 179.373 179.812 179.534 179.373 179.812 179.534 179.373 179.812 179.534 158.36 174.767 179.435 142.257 144.255 168.661 2.10516 5.12237 -8.5374 178.364 -178.874 -169.2 23.2764 5.87981 1.21045 38.655 16.6744 6.7827 2.62825 19.9223 1.08804 11.3103 -3.1822 -5.70077 3.92302 -11.4574 -2.64477 179.569 176.883 179.458 177.228 -177.316 -179.271 1.05202 1.51981 -0.0197118 2.7043 -0.173166 -1.98153 1.15207 -0.668131 1.15317 0.837519 -3.2837 0.949329 179.193 178.58 -179.979 0.995241 0.374778 -0.34969 1.1079 1.97553 1.14505
-163.461 95.9722 49.7608 0.272071 0.478459 -2.70358 179.373 179.814 179.534 179.373 179.814 179.534 179.373 179.814 179.534 179.373 179.814 179.534 158.361 174.761 179.435 142.257 144.251 168.664 2.10279 5.12355 -8.53682 178.364 -178.875 -169.2 23.2773 5.88296 1.21046 38.6587 16.6739 6.77715 2.62943 19.9198 1.08821 11.3105 -3.18491 -5.69945 3.9265 -11.4532 -2.64236 179.57 176.881 179.459 177.226 -177.313 -179.268 1.05202 1.51779 -0.0197118 2.70594 -0.175139 -1.9779 1.15207 -0.668051 1.15317 0.835399 -3.28967 0.953539 179.193 178.582 -179.979 0.994185 0.377499 -0.344741 1.1079 1.97559 1.14505
-163.461 95.9722 49.7608 0.272071 0.478459 -2.70358 179.373 179.814 179.534 179.373 179.814 179.534 179.373 179.814 179.534 179.373 179.814 179.534 158.361 174.761 179.435 142.257 144.251 168.664 2.10279 5.12355 -8.53682 178.364 -178.875 -169.2 23.2773 5.88296 1.21046 38.6587 16.6739 6.77715 2.62943 19.9198 1.08821 11.3117 -3.18491 -5.69945 3.9265 -11.4532 -2.64236 179.57 176.881 179.459 177.226 -177.313 -179.268 1.05202 1.51779 -0.0197118 2.70594 -0.175139 -1.9779 1.15207 -0.668051 1.15317 0.835399 -3.28967 0.953539 179.193 178.582 -179.979 0.994185 0.377499 -0.344741 1.1079 1.97559 1.14505
-163.458 95.9721 49.7628 0.273341 0.484763 -2.71212 179.373 179.817 179.534 179.373 179.817 179.534 179.373 179.817 179.534 179.373 179.817 179.534 158.362 174.754 179.435 142.257 144.246 168.667 2.10055 5.12457 -8.53625 178.364 -178.876 -169.201 23.2779 5.88588 1.21047 38.6621 16.673 6.77177 2.6307 19.9169 1.0881 11.3119 -3.18782 -5.69775 3.92998 -11.4484 -2.6398 179.57 176.879 179.461 177.223 -177.311 -179.265 1.05202 1.51564 -0.0197118 2.70772 -0.176681 -1.97447 1.15207 -0.667965 1.15317 0.833181 -3.29525 0.957334 179.193 178.585 -179.979 0.993152 0.380408 -0.339843 1.1079 1.97566 1.14505
-163.458 95.9721 49.7628 0.273341 0.484763 -2.71212 179.373 179.817 179.534 179.373 179.817 179.534 179.373 179.817 179.534 179.373 179.817 179.534 158.362 174.754 179.435 142.257 144.246 168.667 2.10055 5.12457 -8.53625 178.365 -178.876 -169.201 23.2779 5.88588 1.21047 38.6621 16.673 6.77177 2.6307 19.9169 1.0881 11.313 -3.18782 -5.69775 3.92998 -11.4484 -2.6398 179.57 176.879 179.461 177.223 -177.311 -179.265 1.05202 1.51564 -0.0197118 2.70772 -0.176681 -1.97447 1.15207 -0.667965 1.15317 0.833181 -3.29525 0.957334 179.193 178.585 -179.979 0.993152 0.380408 -0.339843 1.1079 1.97566 1.14505
-163.458 95.9721 49.7628 0.273341 0.484763 -2.71212 179.373 179.817 179.534 179.373 179.817 179.534 179.373 179.817 179.534 179.373 179.817 179.534 158.362 174.754 179.435 142.257 144.246 168.667 2.10055 5.12457 -8.53625 178.365 -178.876 -169.201 23.2779 5.88588 1.21047 38.6621 16.673 6.77177 2.6307 19.9169 1.0881 11.3142 -3.18782 -5.69775 3.92998 -11.4484 -2.6398 179.57 176.879 179.461 177.223 -177.311 -179.265 1.05202 1.51564 -0.0197118 2.70772 -0.176681 -1.97447 1.15207 -0.667965 1.15317 0.833181 -3.29525 0.957334 179.193 178.585 -179.979 0.993152 0.380408 -0.339843 1.1079 1.97566 1.14505
-163.451 95.9721 49.7671 0.276654 0.497284 -2.72771 179.374 179.825 179.535 179.374 179.825 179.535 179.374 179.825 179.535 179.374 179.825 179.535 158.358 174.697 179.435 142.312 144.137 168.609 2.07484 4.99394 -8.50275 178.481 -178.91 -169.266 23.2742 5.90931 1.21052 38.6592 16.7082 6.7664 2.72314 19.7645 1.0339 11.1722 -3.17483 -5.66031 3.93875 -11.4011 -2.62031 179.563 176.89 179.457 177.216 -177.308 -179.261 1.05201 1.50477 -0.0197117 2.71404 -0.17526 -1.9645 1.152 -0.664454 1.15317 0.826585 -3.3032 0.942493 179.193 178.596 -179.979 0.993344 0.389685 -0.308493 1.10769 1.98633 1.14506
-163.451 95.9721 49.7671 0.276654 0.497284 -2.72771 179.374 179.825 179.535 179.374 179.825 179.535 179.374 179.825 179.535 179.374 179.825 179.535 158.358 174.697 179.435 142.312 144.137 168.609 2.07484 4.99394 -8.50275 178.481 -178.91 -169.266 23.2742 5.90931 1.21052 38.6592 16.7082 6.7664 2.72314 19.7645 1.0339 11.1734 -3.17483 -5.66031 3.93875 -11.4011 -2.62031 179.563 176.89 179.457 177.216 -177.308 -179.261 1.05201 1.50477 -0.0197117 2.71404 -0.17526 -1.9645 1.152 -0.664454 1.15317 0.826585 -3.3032 0.942493 179.193 178.596 -179.979 0.993344 0.389685 -0.308493 1.10769 1.98633 1.14506
-163.451 95.9721 49.7671 0.276654 0.497284 -2.72771 179.374 179.825 179.535 179.374 179.825 179.535 179.374 179.825 179.535 179.374 179.825 179.535 158.358 174.697 179.435 142.312 144.137 168.609 2.07484 4.99394 -8.50275 178.482 -178.91 -169.266 23.2742 5.90931 1.21052 38.6592 16.7082 6.7664 2.72314 19.7645 1.0339 11.1745 -3.17484 -5.66031 3.93875 -11.4011 -2.62031 179.563 176.89 179.457 177.216 -177.308 -179.261 1.05201 1.50477 -0.0197117 2.71404 -0.17526 -1.9645 1.152 -0.664454 1.15317 0.826585 -3.3032 0.942493 179.193 178.596 -179.979 0.993344 0.389685 -0.308493 1.10769 1.98633 1.14506
-163.451 95.9721 49.7671 0.276654 0.497284 -2.72771 179.374 179.825 179.535 179.374 179.825 179.535 179.374 179.825 179.535 179.374 179.825 179.535 158.358 174.697 179.435 142.312 144.137 168.609 2.07484 4.99394 -8.50275 178.482 -178.91 -169.266 23.2742 5.90931 1.21052 38.6592 16.7082 6.7664 2.72314 19.7645 1.0339 11.1757 -3.17484 -5.66031 3.93875 -11.4011 -2.62031 179.563 176.89 179.457 177.216 -177.308 -179.261 1.05201 1.50477 -0.0197117 2.71404 -0.17526 -1.9645 1.152 -0.664454 1.15317 0.826585 -3.3032 0.942493 179.193 178.596 -179.979 0.993344 0.389685 -0.308493 1.10769 1.98633 1.14506
-163.451 95.9721 49.7671 0.276654 0.497284 -2.72771 179.374 179.825 179.535 179.374 179.825 179.535 179.374 179.825 179.535 179.374 179.825 179.535 158.358 174.697 179.435 142.312 144.137 168.609 2.07484 4.99394 -8.50275 178.482 -178.91 -169.266 23.2742 5.90931 1.21052 38.6592 16.7082 6.7664 2.72314 19.7645 1.0339 11.1768 -3.17484 -5.66031 3.93875 -11.4011 -2.62031 179.563 176.89 179.457 177.216 -177.308 -179.261 1.05201 1.50477 -0.0197117 2.71404 -0.17526 -1.9645 1.152 -0.664454 1.15317 0.826585 -3.3032 0.942493 179.193 178.596 -179.979 0.993344 0.389685 -0.308493 1.10769 1.98633 1.14506
-163.448 95.9719 49.769 0.277771 0.507734 -2.73805 179.375 179.825 179.532 179.375 179.825 179.532 179.375 179.825 179.532 179.375 179.825 179.532 158.36 174.694 179.435 142.311 144.135 168.611 2.0726 4.99511 -8.50179 178.482 -178.911 -169.265 23.2757 5.90921 1.21052 38.6612 16.7072 6.76623 2.72241 19.763 1.03408 11.1779 -3.17666 -5.65758 3.94165 -11.4012 -2.61894 179.564 176.89 179.458 177.214 -177.301 -179.257 1.05201 1.50264 -0.0197117 2.71589 -0.175873 -1.961 1.15199 -0.664391 1.15317 0.824671 -3.31262 0.947292 179.193 178.6 -179.979 0.992278 0.394678 -0.303682 1.10769 1.98632 1.14506
-163.448 95.9719 49.769 0.277771 0.507734 -2.73805 179.375 179.825 179.532 179.375 179.825 179.532 179.375 179.825 179.532 179.375 179.825 179.532 158.36 174.694 179.435 142.311 144.135 168.611 2.0726 4.99511 -8.50179 178.482 -178.911 -169.265 23.2757 5.90921 1.21052 38.6612 16.7072 6.76623 2.72241 19.763 1.03408 11.179 -3.17666 -5.65758 3.94165 -11.4012 -2.61894 179.564 176.89 179.458 177.214 -177.301 -179.257 1.05201 1.50264 -0.0197117 2.71589 -0.175873 -1.961 1.15199 -0.664391 1.15317 0.824671 -3.31262 0.947292 179.193 178.6 -179.979 0.992278 0.394678 -0.303682 1.10769 1.98632 1.14506
-163.448 95.9719 49.769 0.277771 0.507734 -2.73805 179.375 179.825 179.532 179.375 179.825 179.532 179.375 179.825 179.532 179.375 179.825 179.532 158.36 174.694 179.435 142.311 144.135 168.611 2.0726 4.99511 -8.50179 178.482 -178.911 -169.265 23.2757 5.90921 1.21052 38.6612 16.7072 6.76623 2.72241 19.763 1.03408 11.1802 -3.17666 -5.65758 3.94165 -11.4012 -2.61894 179.564 176.89 179.458 177.214 -177.301 -179.257 1.05201 1.50264 -0.0197117 2.71589 -0.175873 -1.961 1.15199 -0.664391 1.15317 0.824671 -3.31262 0.947292 179.193 178.6 -179.979 0.992278 0.394678 -0.303682 1.10769 1.98632 1.14506
-163.448 95.9719 49.769 0.277771 0.507734 -2.73805 179.375 179.825 179.532 179.375 179.825 179.532 179.375 179.825 179.532 179.375 179.825 179.532 158.36 174.694 179.435 142.311 144.135 168.611 2.0726 4.99511 -8.50179 178.482 -178.911 -169.265 23.2757 5.90921 1.21052 38.6612 16.7072 6.76623 2.72241 19.763 1.03408 11.1813 -3.17666 -5.65758 3.94165 -11.4012 -2.61894 179.564 176.89 179.458 177.214 -177.301 -179.257 1.05201 1.50264 -0.0197117 2.71589 -0.175873 -1.961 1.15199 -0.664391 1.15317 0.824671 -3.31262 0.947292 179.193 178.6 -179.979 0.992278 0.394678 -0.303682 1.10769 1.98632 1.14506
-163.445 95.972 49.7707 0.278822 0.517449 -2.74677 179.376 179.825 179.53 179.376 179.825 179.53 179.376 179.825 179.53 179.376 179.825 179.53 158.36 174.69 179.435 142.309 144.132 168.612 2.06997 4.99614 -8.50202 178.482 -178.912 -169.266 23.2747 5.91022 1.21052 38.6626 16.7057 6.76431 2.72182 19.7611 1.03247 11.1826 -3.1788 -5.6534 3.94603 -11.3998 -2.61684 179.566 176.889 179.459 177.211 -177.295 -179.253 1.05201 1.50055 -0.0197117 2.71861 -0.17619 -1.95738 1.15199 -0.664315 1.15317 0.821978 -3.32065 0.950897 179.193 178.605 -179.979 0.994024 0.399225 -0.299815 1.10769 1.98633 1.14506
-163.445 95.972 49.7707 0.278822 0.517449 -2.74677 179.376 179.825 179.53 179.376 179.825 179.53 179.376 179.825 179.53 179.376 179.825 179.53 158.36 174.69 179.435 142.309 144.132 168.612 2.06997 4.99614 -8.50202 178.482 -178.912 -169.266 23.2747 5.91022 1.21052 38.6626 16.7057 6.76431 2.72182 19.7611 1.03247 11.1838 -3.1788 -5.6534 3.94603 -11.3998 -2.61684 179.566 176.889 179.459 177.211 -177.295 -179.253 1.05201 1.50055 -0.0197117 2.71861 -0.17619 -1.95738 1.15199 -0.664315 1.15317 0.821978 -3.32065 0.950897 179.193 178.605 -179.979 0.994024 0.399225 -0.299815 1.10769 1.98633 1.14506
-163.445 95.972 49.7707 0.278822 0.517449 -2.74677 179.376 179.825 179.53 179.376 179.825 179.53 179.376 179.825 179.53 179.376 179.825 179.53 158.36 174.69 179.435 142.309 144.132 168.612 2.06997 4.99614 -8.50202 178.482 -178.912 -169.266 23.2747 5.91022 1.21052 38.6626 16.7057 6.76431 2.72182 19.7611 1.03247 11.1849 -3.1788 -5.6534 3.94603 -11.3998 -2.61684 179.566 176.889 179.459 177.211 -177.295 -179.253 1.05201 1.50055 -0.0197117 2.71861 -0.17619 -1.95738 1.15199 -0.664315 1.15317 0.821978 -3.32065 0.950897 179.193 178.605 -179.979 0.994024 0.399225 -0.299815 1.10769 1.98633 1.14506
-163.445 95.972 49.7707 0.278822 0.517449 -2.74677 179.376 179.825 179.53 179.376 179.825 179.53 179.376 179.825 179.53 179.376 179.825 179.53 158.36 174.69 179.435 142.309 144.132 168.612 2.06997 4.99614 -8.50202 178.482 -178.912 -169.266 23.2747 5.91022 1.21052 38.6626 16.7057 6.76431 2.72182 19.7611 1.03247 11.1861 -3.1788 -5.6534 3.94603 -11.3998 -2.61684 179.566 176.889 179.459 177.211 -177.295 -179.253 1.05201 1.50055 -0.0197117 2.71861 -0.17619 -1.95738 1.15199 -0.664315 1.15317 0.821978 -3.32065 0.950897 179.193 178.605 -179.979 0.994024 0.399225 -0.299815 1.10769 1.98633 1.14506
-163.441 95.972 49.772 0.279265 0.526451 -2.75358 179.377 179.825 179.528 179.377 179.825 179.528 179.377 179.825 179.528 179.377 179.825 179.528 158.36 174.688 179.435 142.305 144.129 168.611 2.06739 4.99679 -8.50319 178.481 -178.914 -169.266 23.2721 5.91121 1.21052 38.6637 16.7036 6.76255 2.7212 19.7589 1.03026 11.1876 -3.18121 -5.64797 3.95066 -11.397 -2.6146 179.568 176.887 179.46 177.209 -177.288 -179.25 1.05201 1.4984 -0.0197116 2.72141 -0.176408 -1.95419 1.15199 -0.664247 1.15317 0.819496 -3.32716 0.952756 179.193 178.612 -179.979 0.999294 0.402171 -0.297763 1.10769 1.9864 1.14506
-163.441 95.972 49.772 0.279265 0.526451 -2.75358 179.377 179.825 179.528 179.377 179.825 179.528 179.377 179.825 179.528 179.377 179.825 179.528 158.36 174.688 179.435 142.305 144.129 168.611 2.06739 4.99679 -8.50319 178.481 -178.914 -169.266 23.2721 5.91121 1.21052 38.6637 16.7036 6.76255 2.7212 19.7589 1.03026 11.1888 -3.18121 -5.64797 3.95066 -11.397 -2.6146 179.568 176.887 179.46 177.209 -177.288 -179.25 1.05201 1.4984 -0.0197116 2.72141 -0.176408 -1.95419 1.15199 -0.664247 1.15317 0.819496 -3.32716 0.952756 179.193 178.612 -179.979 0.999294 0.402171 -0.297763 1.10769 1.9864 1.14506
-163.441 95.972 49.772 0.279265 0.526451 -2.75358 179.377 179.825 179.528 179.377 179.825 179.528 179.377 179.825 179.528 179.377 179.825 179.528 158.36 174.688 179.435 142.305 144.129 168.611 2.06739 4.99679 -8.50319 178.482 -178.914 -169.266 23.2721 5.91121 1.21052 38.6637 16.7036 6.76255 2.7212 19.7589 1.03026 11.1899 -3.18121 -5.64797 3.95066 -11.397 -2.6146 179.568 176.887 179.46 177.209 -177.288 -179.25 1.05201 1.4984 -0.0197116 2.72141 -0.176408 -1.95419 1.15199 -0.664247 1.15317 0.819496 -3.32716 0.952756 179.193 178.612 -179.979 0.999294 0.402171 -0.297763 1.10769 1.9864 1.14506
-163.441 95.972 49.772 0.279265 0.526451 -2.75358 179.377 179.825 179.528 179.377 179.825 179.528 179.377 179.825 179.528 179.377 179.825 179.528 158.36 174.688 179.435 142.305 144.129 168.611 2.06739 4.99679 -8.50319 178.482 -178.914 -169.266 23.2721 5.91121 1.21052 38.6637 16.7036 6.76255 2.7212 19.7589 1.03026 11.1911 -3.18121 -5.64797 3.95066 -11.397 -2.6146 179.568 176.887 179.46 177.209 -177.288 -179.25 1.05201 1.4984 -0.0197116 2.72141 -0.176408 -1.95419 1.15199 -0.664247 1.15317 0.819496 -3.32716 0.952756 179.193 178.612 -179.979 0.999294 0.402171 -0.297763 1.10769 1.9864 1.14506
-163.441 95.972 49.772 0.279265 0.526451 -2.75358 179.377 179.825 179.528 179.377 179.825 179.528 179.377 179.825 179.528 179.377 179.825 179.528 158.36 174.688 179.435 142.305 144.129 168.611 2.06739 4.99679 -8.50319 178.482 -178.914 -169.266 23.2721 5.91121 1.21052 38.6637 16.7036 6.76255 2.7212 19.7589 1.03026 11.1922 -3.18121 -5.64797 3.95066 -11.397 -2.6146 179.568 176.887 179.46 177.209 -177.288 -179.25 1.05201 1.4984 -0.0197116 2.72141 -0.176408 -1.95419 1.15199 -0.664247 1.15317 0.819496 -3.32716 0.952756 179.193 178.612 -179.979 0.999294 0.402171 -0.297763 1.10769 1.9864 1.14506
-163.441 95.972 49.772 0.279265 0.526451 -2.75358 179.377 179.825 179.528 179.377 179.825 179.528 179.377 179.825 179.528 179.377 179.825 179.528 158.36 174.688 179.435 142.305 144.129 168.611 2.06739 4.99679 -8.50319 178.482 -178.914 -169.266 23.2721 5.91121 1.21052 38.6637 16.7036 6.76255 2.7212 19.7589 1.03026 11.1934 -3.18121 -5.64797 3.95066 -11.397 -2.6146 179.568 176.887 179.46 177.209 -177.288 -179.25 1.05201 1.4984 -0.0197116 2.72141 -0.176408 -1.95419 1.15199 -0.664247 1.15317 0.819496 -3.32716 0.952756 179.193 178.612 -179.979 0.999294 0.402171 -0.297763 1.10769 1.9864 1.14506
-163.438 95.9721 49.7728 0.278562 0.537298 -2.75931 179.379 179.824 179.524 179.379 179.824 179.524 179.379 179.824 179.524 179.379 179.824 179.524 158.36 174.687 179.435 142.3 144.128 168.607 2.06449 4.9967 -8.50642 178.48 -178.915 -169.267 23.2673 5.91149 1.21052 38.6645 16.7004 6.76221 2.7202 19.7561 1.02832 11.1952 -3.18444 -5.64084 3.95585 -11.3924 -2.61237 179.57 176.884 179.46 177.209 -177.28 -179.247 1.05201 1.4954 -0.0197116 2.72341 -0.177638 -1.9509 1.15199 -0.664213 1.15317 0.817731 -3.33383 0.953031 179.193 178.621 -179.979 1.01024 0.403335 -0.298227 1.10768 1.98653 1.14506
-163.438 95.9721 49.7728 0.278562 0.537298 -2.75931 179.379 179.824 179.524 179.379 179.824 179.524 179.379 179.824 179.524 179.379 179.824 179.524 158.36 174.687 179.435 142.3 144.128 168.607 2.06449 4.9967 -8.50642 178.48 -178.915 -169.267 23.2673 5.91149 1.21052 38.6645 16.7004 6.76221 2.7202 19.7561 1.02832 11.1963 -3.18444 -5.64084 3.95585 -11.3924 -2.61237 179.57 176.884 179.46 177.209 -177.28 -179.247 1.05201 1.4954 -0.0197116 2.72341 -0.177638 -1.9509 1.15199 -0.664213 1.15317 0.817731 -3.33383 0.953031 179.193 178.621 -179.979 1.01024 0.403335 -0.298227 1.10768 1.98653 1.14506
-163.438 95.9721 49.7728 0.278562 0.537298 -2.75931 179.379 179.824 179.524 179.379 179.824 179.524 179.379 179.824 179.524 179.379 179.824 179.524 158.36 174.687 179.435 142.3 144.128 168.607 2.06449 4.9967 -8.50642 178.48 -178.915 -169.267 23.2673 5.91149 1.21052 38.6645 16.7004 6.76221 2.7202 19.7561 1.02832 11.1975 -3.18444 -5.64084 3.95585 -11.3924 -2.61237 179.57 176.884 179.46 177.209 -177.28 -179.247 1.05201 1.4954 -0.0197116 2.72341 -0.177638 -1.9509 1.15199 -0.664213 1.15317 0.817731 -3.33383 0.953031 179.193 178.621 -179.979 1.01024 0.403335 -0.298227 1.10768 1.98653 1.14506
-163.438 95.9721 49.7728 0.278562 0.537298 -2.75931 179.379 179.824 179.524 179.379 179.824 179.524 179.379 179.824 179.524 179.379 179.824 179.524 158.36 174.687 179.435 142.3 144.128 168.607 2.06449 4.9967 -8.50642 178.48 -178.915 -169.267 23.2673 5.91149 1.21052 38.6645 16.7004 6.76221 2.7202 19.7561 1.02832 11.1986 -3.18444 -5.64084 3.95585 -11.3924 -2.61237 179.57 176.884 179.46 177.209 -177.28 -179.247 1.05201 1.4954 -0.0197116 2.72341 -0.177638 -1.9509 1.15199 -0.664213 1.15317 0.817731 -3.33383 0.953031 179.193 178.621 -179.979 1.01024 0.403335 -0.298227 1.10768 1.98653 1.14506
-163.438 95.9721 49.7728 0.278562 0.537298 -2.75931 179.379 179.824 179.524 179.379 179.824 179.524 179.379 179.824 179.524 179.379 179.824 179.524 158.36 174.687 179.435 142.3 144.128 168.607 2.06449 4.9967 -8.50642 178.481 -178.915 -169.267 23.2673 5.91149 1.21052 38.6645 16.7004 6.76221 2.7202 19.7561 1.02832 11.1998 -3.18444 -5.64084 3.95585 -11.3924 -2.61237 179.57 176.884 179.46 177.209 -177.28 -179.247 1.05201 1.4954 -0.0197116 2.72341 -0.177638 -1.9509 1.15199 -0.664213 1.15317 0.817731 -3.33383 0.953031 179.193 178.621 -179.979 1.01024 0.403335 -0.298227 1.10768 1.98653 1.14506
-163.438 95.9721 49.7728 0.278562 0.537298 -2.75931 179.379 179.824 179.524 179.379 179.824 179.524 179.379 179.824 179.524 179.379 179.824 179.524 158.36 174.687 179.435 142.3 144.128 168.607 2.06449 4.9967 -8.50642 178.481 -178.915 -169.267 23.2673 5.91149 1.21052 38.6645 16.7004 6.76221 2.7202 19.7561 1.02832 11.2009 -3.18444 -5.64084 3.95585 -11.3924 -2.61237 179.57 176.884 179.46 177.209 -177.28 -179.247 1.05201 1.4954 -0.0197116 2.72341 -0.177638 -1.9509 1.15199 -0.664213 1.15317 0.817731 -3.33383 0.953031 179.193 178.621 -179.979 1.01024 0.403335 -0.298227 1.10768 1.98653 1.14506
-163.438 95.9721 49.7728 0.278562 0.537298 -2.75931 179.379 179.824 179.524 179.379 179.824 179.524 179.379 179.824 179.524 179.379 179.824 179.524 158.36 174.687 179.435 142.3 144.128 168.607 2.06449 4.9967 -8.50642 178.481 -178.915 -169.267 23.2673 5.91149 1.21052 38.6645 16.7004 6.76221 2.7202 19.7561 1.02832 11.2021 -3.18444 -5.64084 3.95585 -11.3924 -2.61237 179.57 176.884 179.46 177.209 -177.28 -179.247 1.05201 1.4954 -0.0197116 2.72341 -0.177638 -1.9509 1.15199 -0.664213 1.15317 0.817731 -3.33383 0.953031 179.193 178.621 -179.979 1.01024 0.403335 -0.298227 1.10768 1.98653 1.14506
-163.438 95.9721 49.7728 0.278562 0.537298 -2.75931 179.379 179.824 179.524 179.379 179.824 179.524 179.379 179.824 179.524 179.379 179.824 179.524 158.36 174.687 179.435 142.3 144.128 168.607 2.06449 4.9967 -8.50642 178.481 -178.915 -169.267 23.2673 5.91149 1.21052 38.6645 16.7004 6.76221 2.7202 19.7561 1.02832 11.2032 -3.18444 -5.64084 3.95585 -11.3924 -2.61237 179.57 176.884 179.46 177.209 -177.28 -179.247 1.05201 1.4954 -0.0197116 2.72341 -0.177638 -1.9509 1.15199 -0.664213 1.15317 0.817731 -3.33383 0.953031 179.193 178.621 -179.979 1.01024 0.403335 -0.298227 1.10768 1.98653 1.14506
-163.438 95.9721 49.7728 0.278562 0.537298 -2.75931 179.379 179.824 179.524 179.379 179.824 179.524 179.379 179.824 179.524 179.379 179.824 179.524 158.36 174.687 179.435 142.3 144.128 168.607 2.06449 4.9967 -8.50642 178.481 -178.915 -169.267 23.2673 5.91149 1.21052 38.6645 16.7004 6.76221 2.7202 19.7561 1.02832 11.2044 -3.18444 -5.64084 3.95585 -11.3924 -2.61237 179.57 176.884 179.46 177.209 -177.28 -179.247 1.05201 1.4954 -0.0197116 2.72341 -0.177638 -1.9509 1.15199 -0.664213 1.15317 0.817731 -3.33383 0.953031 179.193 178.621 -179.979 1.01024 0.403335 -0.298227 1.10768 1.98653 1.14506
-163.436 95.9721 49.7718 0.277425 0.556969 -2.76363 179.38 179.823 179.522 179.38 179.823 179.522 179.38 179.823 179.522 179.38 179.823 179.522 158.386 174.677 179.435 142.265 144.077 168.573 2.11451 4.98889 -8.4977 178.183 -178.862 -169.14 23.2436 5.97002 1.21065 38.6798 16.6568 6.79845 2.75918 19.7053 0.976422 11.2349 -3.22024 -5.5997 3.96565 -11.3593 -2.60122 179.572 176.866 179.452 177.209 -177.26 -179.279 1.05201 1.49925 -0.0197116 2.7215 -0.186102 -1.91453 1.15204 -0.666822 1.15317 0.815952 -3.33174 0.968155 179.193 178.672 -179.979 1.03727 0.428299 -0.313427 1.10731 2.00513 1.14507
-163.436 95.9721 49.7718 0.277425 0.556969 -2.76363 179.38 179.823 179.522 179.38 179.823 179.522 179.38 179.823 179.522 179.38 179.823 179.522 158.386 174.677 179.435 142.265 144.077 168.573 2.11451 4.98889 -8.4977 178.183 -178.862 -169.14 23.2436 5.97002 1.21065 38.6798 16.6568 6.79845 2.75918 19.7053 0.976422 11.236 -3.22024 -5.59971 3.96565 -11.3593 -2.60122 179.572 176.866 179.452 177.209 -177.26 -179.279 1.05201 1.49925 -0.0197116 2.7215 -0.186102 -1.91453 1.15204 -0.666822 1.15317 0.815952 -3.33174 0.968155 179.193 178.672 -179.979 1.03727 0.428299 -0.313427 1.10731 2.00513 1.14507
-163.436 95.9721 49.7718 0.277425 0.556969 -2.76363 179.38 179.823 179.522 179.38 179.823 179.522 179.38 179.823 179.522 179.38 179.823 179.522 158.386 174.677 179.435 142.265 144.077 168.573 2.11451 4.98889 -8.4977 178.183 -178.862 -169.14 23.2436 5.97002 1.21065 38.6798 16.6568 6.79845 2.75918 19.7053 0.976422 11.2372 -3.22024 -5.59971 3.96565 -11.3593 -2.60122 179.572 176.866 179.452 177.209 -177.26 -179.279 1.05201 1.49925 -0.0197116 2.7215 -0.186102 -1.91453 1.15204 -0.666822 1.15317 0.815952 -3.33174 0.968155 179.193 178.672 -179.979 1.03727 0.428299 -0.313427 1.10731 2.00513 1.14507
-163.436 95.9721 49.7718 0.277425 0.556969 -2.76363 179.38 179.823 179.522 179.38 179.823 179.522 179.38 179.823 179.522 179.38 179.823 179.522 158.386 174.677 179.435 142.265 144.077 168.573 2.11451 4.98889 -8.4977 178.183 -178.862 -169.14 23.2436 5.97002 1.21065 38.6798 16.6568 6.79845 2.75918 19.7053 0.976422 11.2383 -3.22024 -5.5997 3.96565 -11.3593 -2.60122 179.572 176.866 179.452 177.209 -177.26 -179.279 1.05201 1.49925 -0.0197116 2.7215 -0.186102 -1.91453 1.15204 -0.666822 1.15317 0.815952 -3.33174 0.968155 179.193 178.672 -179.979 1.03727 0.428299 -0.313427 1.10731 2.00513 1.14507
-163.436 95.9721 49.7718 0.277425 0.556969 -2.76363 179.38 179.823 179.522 179.38 179.823 179.522 179.38 179.823 179.522 179.38 179.823 179.522 158.386 174.677 179.435 142.265 144.077 168.573 2.11451 4.98889 -8.4977 178.183 -178.862 -169.14 23.2436 5.97002 1.21065 38.6798 16.6568 6.79845 2.75918 19.7053 0.976422 11.2395 -3.22024 -5.59971 3.96565 -11.3593 -2.60122 179.572 176.866 179.452 177.209 -177.26 -179.279 1.05201 1.49925 -0.0197116 2.7215 -0.186102 -1.91453 1.15204 -0.666822 1.15317 0.815952 -3.33174 0.968155 179.193 178.672 -179.979 1.03727 0.428299 -0.313427 1.10731 2.00513 1.14507
-163.436 95.9721 49.7718 0.277425 0.556969 -2.76363 179.38 179.823 179.522 179.38 179.823 179.522 179.38 179.823 179.522 179.38 179.823 179.522 158.386 174.677 179.435 142.265 144.077 168.573 2.11451 4.98889 -8.4977 178.184 -178.862 -169.14 23.2436 5.97002 1.21065 38.6798 16.6568 6.79845 2.75918 19.7053 0.976422 11.2406 -3.22024 -5.59971 3.96565 -11.3593 -2.60122 179.572 176.866 179.452 177.209 -177.26 -179.279 1.05201 1.49925 -0.0197116 2.7215 -0.186102 -1.91453 1.15204 -0.666822 1.15317 0.815952 -3.33174 0.968155 179.193 178.672 -179.979 1.03727 0.428299 -0.313427 1.10731 2.00513 1.14507
-163.436 95.9721 49.7718 0.277425 0.556969 -2.76363 179.38 179.823 179.522 179.38 179.823 179.522 179.38 179.823 179.522 179.38 179.823 179.522 158.386 174.677 179.435 142.265 144.077 168.573 2.11451 4.98889 -8.4977 178.184 -178.862 -169.14 23.2436 5.97002 1.21065 38.6798 16.6568 6.79845 2.75918 19.7053 0.976422 11.2418 -3.22024 -5.59971 3.96565 -11.3593 -2.60122 179.572 176.866 179.452 177.209 -177.26 -179.279 1.05201 1.49925 -0.0197116 2.7215 -0.186102 -1.91453 1.15204 -0.666822 1.15317 0.815952 -3.33174 0.968155 179.193 178.672 -179.979 1.03727 0.428299 -0.313427 1.10731 2.00513 1.14507
-163.436 95.9721 49.7718 0.277425 0.556969 -2.76363 179.38 179.823 179.522 179.38 179.823 179.522 179.38 179.823 179.522 179.38 179.823 179.522 158.386 174.677 179.435 142.265 144.077 168.573 2.11451 4.98889 -8.4977 178.184 -178.862 -169.14 23.2436 5.97002 1.21065 38.6798 16.6568 6.79845 2.75918 19.7053 0.976422 11.2429 -3.22024 -5.59971 3.96565 -11.3593 -2.60122 179.572 176.866 179.452 177.209 -177.26 -179.279 1.05201 1.49925 -0.0197116 2.7215 -0.186102 -1.91453 1.15204 -0.666822 1.15317 0.815952 -3.33174 0.968155 179.193 178.672 -179.979 1.03727 0.428299 -0.313427 1.10731 2.00513 1.14507
-163.436 95.9721 49.7718 0.277425 0.556969 -2.76363 179.38 179.823 179.522 179.38 179.823 179.522 179.38 179.823 179.522 179.38 179.823 179.522 158.386 174.677 179.435 142.265 144.077 168.573 2.11451 4.98889 -8.4977 178.184 -178.862 -169.14 23.2436 5.97002 1.21065 38.6798 16.6568 6.79845 2.75918 19.7053 0.976422 11.2441 -3.22024 -5.59971 3.96565 -11.3593 -2.60122 179.572 176.866 179.452 177.209 -177.26 -179.279 1.05201 1.49925 -0.0197116 2.7215 -0.186102 -1.91453 1.15204 -0.666822 1.15317 0.815952 -3.33174 0.968155 179.193 178.672 -179.979 1.03727 0.428299 -0.313427 1.10731 2.00513 1.14507
-163.439 95.9725 49.7711 0.277384 0.561609 -2.76579 179.379 179.815 179.52 179.379 179.815 179.52 179.379 179.815 179.52 179.379 179.815 179.52 158.381 174.688 179.435 142.262 144.08 168.558 2.11427 4.98731 -8.5055 178.183 -178.861 -169.141 23.2397 5.96778 1.21065 38.6801 16.6562 6.80401 2.75888 19.7049 0.981534 11.2443 -3.22318 -5.5987 3.96546 -11.3509 -2.60066 179.571 176.861 179.453 177.211 -177.258 -179.28 1.05201 1.49538 -0.0197116 2.72031 -0.191347 -1.9123 1.15204 -0.666878 1.15317 0.817913 -3.33576 0.974807 179.193 178.676 -179.979 1.03714 0.443361 -0.3078 1.10731 2.00515 1.14507
-163.439 95.9725 49.7711 0.277384 0.561609 -2.76579 179.379 179.815 179.52 179.379 179.815 179.52 179.379 179.815 179.52 179.379 179.815 179.52 158.381 174.688 179.435 142.262 144.08 168.558 2.11427 4.98731 -8.5055 178.183 -178.861 -169.141 23.2397 5.96778 1.21065 38.6801 16.6562 6.80401 2.75888 19.7049 0.981534 11.2454 -3.22318 -5.5987 3.96546 -11.3509 -2.60066 179.571 176.861 179.453 177.211 -177.258 -179.28 1.05201 1.49538 -0.0197116 2.72031 -0.191347 -1.9123 1.15204 -0.666878 1.15317 0.817913 -3.33576 0.974807 179.193 178.676 -179.979 1.03714 0.443361 -0.3078 1.10731 2.00515 1.14507
-163.439 95.9725 49.7711 0.277384 0.561609 -2.76579 179.379 179.815 179.52 179.379 179.815 179.52 179.379 179.815 179.52 179.379 179.815 179.52 158.381 174.688 179.435 142.262 144.08 168.558 2.11427 4.98731 -8.5055 178.184 -178.861 -169.141 23.2397 5.96778 1.21065 38.6801 16.6562 6.80401 2.75888 19.7049 0.981534 11.2466 -3.22318 -5.5987 3.96546 -11.3509 -2.60066 179.571 176.861 179.453 177.211 -177.258 -179.28 1.05201 1.49538 -0.0197116 2.72031 -0.191347 -1.9123 1.15204 -0.666878 1.15317 0.817913 -3.33576 0.974807 179.193 178.676 -179.979 1.03714 0.443361 -0.3078 1.10731 2.00515 1.14507
-163.439 95.9725 49.7711 0.277384 0.561609 -2.76579 179.379 179.815 179.52 179.379 179.815 179.52 179.379 179.815 179.52 179.379 179.815 179.52 158.381 174.688 179.435 142.262 144.08 168.558 2.11427 4.98731 -8.5055 178.184 -178.861 -169.141 23.2397 5.96778 1.21065 38.6801 16.6562 6.80401 2.75888 19.7049 0.981534 11.2477 -3.22318 -5.5987 3.96546 -11.3509 -2.60066 179.571 176.861 179.453 177.211 -177.258 -179.28 1.05201 1.49538 -0.0197116 2.72031 -0.191347 -1.9123 1.15204 -0.666878 1.15317 0.817913 -3.33576 0.974807 179.193 178.676 -179.979 1.03714 0.443361 -0.3078 1.10731 2.00515 1.14507
-163.442 95.9727 49.7702 0.27708 0.562738 -2.76715 179.378 179.81 179.521 179.378 179.81 179.521 179.378 179.81 179.521 179.378 179.81 179.521 158.381 174.694 179.435 142.26 144.082 168.548 2.11398 4.98754 -8.50977 178.183 -178.862 -169.142 23.2363 5.96771 1.21065 38.6819 16.6565 6.80801 2.75983 19.7054 0.985789 11.2477 -3.22598 -5.59886 3.96325 -11.3437 -2.60057 179.569 176.856 179.453 177.213 -177.257 -179.281 1.05201 1.49409 -0.0197116 2.71938 -0.193628 -1.90988 1.15205 -0.666945 1.15317 0.820411 -3.33552 0.978817 179.193 178.681 -179.979 1.03282 0.455635 -0.304713 1.10731 2.00517 1.14507
-163.442 95.9727 49.7702 0.27708 0.562738 -2.76715 179.378 179.81 179.521 179.378 179.81 179.521 179.378 179.81 179.521 179.378 179.81 179.521 158.381 174.694 179.435 142.26 144.082 168.548 2.11398 4.98754 -8.50977 178.183 -178.862 -169.142 23.2363 5.96771 1.21065 38.6819 16.6565 6.80801 2.75983 19.7054 0.985789 11.2488 -3.22598 -5.59886 3.96325 -11.3437 -2.60057 179.569 176.856 179.453 177.213 -177.257 -179.281 1.05201 1.49409 -0.0197116 2.71938 -0.193628 -1.90988 1.15205 -0.666945 1.15317 0.820411 -3.33552 0.978817 179.193 178.681 -179.979 1.03282 0.455635 -0.304713 1.10731 2.00517 1.14507
-163.442 95.9727 49.7702 0.27708 0.562738 -2.76715 179.378 179.81 179.521 179.378 179.81 179.521 179.378 179.81 179.521 179.378 179.81 179.521 158.381 174.694 179.435 142.26 144.082 168.548 2.11398 4.98754 -8.50977 178.183 -178.862 -169.142 23.2363 5.96771 1.21065 38.6819 16.6565 6.80801 2.75983 19.7054 0.985789 11.25 -3.22598 -5.59886 3.96325 -11.3437 -2.60057 179.569 176.856 179.453 177.213 -177.257 -179.281 1.05201 1.49409 -0.0197116 2.71938 -0.193628 -1.90988 1.15205 -0.666945 1.15317 0.820411 -3.33552 0.978817 179.193 178.681 -179.979 1.03282 0.455635 -0.304713 1.10731 2.00517 1.14507
-163.442 95.9727 49.7702 0.27708 0.562738 -2.76715 179.378 179.81 179.521 179.378 179.81 179.521 179.378 179.81 179.521 179.378 179.81 179.521 158.381 174.694 179.435 142.26 144.082 168.548 2.11398 4.98754 -8.50977 178.183 -178.862 -169.142 23.2363 5.96771 1.21065 38.6819 16.6565 6.80801 2.75983 19.7054 0.985789 11.2512 -3.22598 -5.59886 3.96325 -11.3437 -2.60057 179.569 176.856 179.453 177.213 -177.257 -179.281 1.05201 1.49409 -0.0197116 2.71938 -0.193628 -1.90988 1.15205 -0.666945 1.15317 0.820411 -3.33552 0.978817 179.193 178.681 -179.979 1.03282 0.455635 -0.304713 1.10731 2.00517 1.14507
-163.445 95.9727 49.7693 0.276796 0.563276 -2.76786 179.376 179.806 179.521 179.376 179.806 179.521 179.376 179.806 179.521 179.376 179.806 179.521 158.38 174.7 179.435 142.258 144.083 168.538 2.11343 4.98898 -8.51288 178.182 -178.863 -169.141 23.2328 5.96785 1.21065 38.684 16.6571 6.81246 2.76138 19.7062 0.990135 11.2508 -3.22865 -5.60041 3.9601 -11.3365 -2.60044 179.567 176.851 179.454 177.216 -177.257 -179.283 1.05201 1.49363 -0.0197116 2.71872 -0.195298 -1.90746 1.15205 -0.667021 1.15317 0.823149 -3.33386 0.981012 179.193 178.687 -179.979 1.02715 0.464957 -0.303036 1.10731 2.00518 1.14507
-163.445 95.9727 49.7693 0.276796 0.563276 -2.76786 179.376 179.806 179.521 179.376 179.806 179.521 179.376 179.806 179.521 179.376 179.806 179.521 158.38 174.7 179.435 142.258 144.083 168.538 2.11343 4.98898 -8.51288 178.182 -178.863 -169.141 23.2328 5.96785 1.21065 38.684 16.6571 6.81246 2.76138 19.7062 0.990135 11.252 -3.22865 -5.60041 3.9601 -11.3365 -2.60044 179.567 176.851 179.454 177.216 -177.257 -179.283 1.05201 1.49363 -0.0197116 2.71872 -0.195298 -1.90746 1.15205 -0.667021 1.15317 0.823149 -3.33386 0.981012 179.193 178.687 -179.979 1.02715 0.464957 -0.303036 1.10731 2.00518 1.14507
-163.445 95.9727 49.7693 0.276796 0.563276 -2.76786 179.376 179.806 179.521 179.376 179.806 179.521 179.376 179.806 179.521 179.376 179.806 179.521 158.38 174.7 179.435 142.258 144.083 168.538 2.11343 4.98898 -8.51288 178.182 -178.863 -169.141 23.2328 5.96785 1.21065 38.684 16.6571 6.81246 2.76138 19.7062 0.990135 11.2531 -3.22865 -5.60041 3.9601 -11.3365 -2.60044 179.567 176.851 179.454 177.216 -177.257 -179.283 1.05201 1.49363 -0.0197116 2.71872 -0.195298 -1.90746 1.15205 -0.667021 1.15317 0.823149 -3.33386 0.981012 179.193 178.687 -179.979 1.02715 0.464957 -0.303036 1.10731 2.00518 1.14507
-163.445 95.9727 49.7693 0.276796 0.563276 -2.76786 179.376 179.806 179.521 179.376 179.806 179.521 179.376 179.806 179.521 179.376 179.806 179.521 158.38 174.7 179.435 142.258 144.083 168.538 2.11343 4.98898 -8.51288 178.183 -178.863 -169.141 23.2328 5.96785 1.21065 38.684 16.6571 6.81246 2.76138 19.7062 0.990135 11.2543 -3.22865 -5.60041 3.9601 -11.3365 -2.60044 179.567 176.851 179.454 177.216 -177.257 -179.283 1.05201 1.49363 -0.0197116 2.71872 -0.195298 -1.90746 1.15205 -0.667021 1.15317 0.823149 -3.33386 0.981012 179.193 178.687 -179.979 1.02715 0.464957 -0.303036 1.10731 2.00518 1.14507
-163.452 95.9727 49.7674 0.273746 0.564096 -2.7643 179.376 179.802 179.522 179.376 179.802 179.522 179.376 179.802 179.522 179.376 179.802 179.522 158.398 174.718 179.435 142.226 144.092 168.527 2.16114 5.09394 -8.51735 178.075 -178.868 -169.069 23.2153 5.99592 1.21071 38.69 16.6641 6.8386 2.77286 19.6917 0.994412 11.2128 -3.23785 -5.61547 3.94967 -11.324 -2.59184 179.553 176.825 179.447 177.223 -177.249 -179.331 1.05201 1.50775 -0.0197117 2.71294 -0.20225 -1.86164 1.15207 -0.668243 1.15317 0.831186 -3.31673 0.974816 179.193 178.728 -179.979 1.01226 0.490851 -0.29985 1.10739 2.00115 1.14507
-163.452 95.9727 49.7674 0.273746 0.564096 -2.7643 179.376 179.802 179.522 179.376 179.802 179.522 179.376 179.802 179.522 179.376 179.802 179.522 158.398 174.718 179.435 142.226 144.092 168.527 2.16114 5.09394 -8.51735 178.075 -178.868 -169.069 23.2153 5.99592 1.21071 38.69 16.6641 6.8386 2.77286 19.6917 0.994412 11.2139 -3.23785 -5.61547 3.94967 -11.324 -2.59184 179.553 176.825 179.447 177.223 -177.249 -179.331 1.05201 1.50775 -0.0197117 2.71294 -0.20225 -1.86164 1.15207 -0.668243 1.15317 0.831186 -3.31673 0.974816 179.193 178.728 -179.979 1.01226 0.490851 -0.29985 1.10739 2.00115 1.14507
-163.452 95.9727 49.7674 0.273746 0.564096 -2.7643 179.376 179.802 179.522 179.376 179.802 179.522 179.376 179.802 179.522 179.376 179.802 179.522 158.398 174.718 179.435 142.226 144.092 168.527 2.16114 5.09394 -8.51735 178.076 -178.868 -169.069 23.2153 5.99592 1.21071 38.69 16.6641 6.8386 2.77286 19.6917 0.994412 11.2151 -3.23785 -5.61547 3.94967 -11.324 -2.59184 179.553 176.825 179.447 177.223 -177.249 -179.331 1.05201 1.50775 -0.0197117 2.71294 -0.20225 -1.86164 1.15207 -0.668243 1.15317 0.831186 -3.31673 0.974816 179.193 178.728 -179.979 1.01226 0.490851 -0.29985 1.10739 2.00115 1.14507
-163.452 95.9727 49.7674 0.273746 0.564096 -2.7643 179.376 179.802 179.522 179.376 179.802 179.522 179.376 179.802 179.522 179.376 179.802 179.522 158.398 174.718 179.435 142.226 144.092 168.527 2.16114 5.09394 -8.51735 178.076 -178.868 -169.069 23.2153 5.99592 1.21071 38.69 16.6641 6.8386 2.77286 19.6917 0.994412 11.2162 -3.23785 -5.61547 3.94967 -11.324 -2.59184 179.553 176.825 179.447 177.223 -177.249 -179.331 1.05201 1.50775 -0.0197117 2.71294 -0.20225 -1.86164 1.15207 -0.668243 1.15317 0.831186 -3.31673 0.974816 179.193 178.728 -179.979 1.01226 0.490851 -0.29985 1.10739 2.00115 1.14507
-163.452 95.9727 49.7674 0.273746 0.564096 -2.7643 179.376 179.802 179.522 179.376 179.802 179.522 179.376 179.802 179.522 179.376 179.802 179.522 158.398 174.718 179.435 142.226 144.092 168.527 2.16114 5.09394 -8.51735 178.076 -178.868 -169.069 23.2153 5.99592 1.21071 38.69 16.6641 6.8386 2.77286 19.6917 0.994412 11.2174 -3.23785 -5.61547 3.94967 -11.324 -2.59184 179.553 176.825 179.447 177.223 -177.249 -179.331 1.05201 1.50775 -0.0197117 2.71294 -0.20225 -1.86164 1.15207 -0.668243 1.15317 0.831186 -3.31673 0.974816 179.193 178.728 -179.979 1.01226 0.490851 -0.29985 1.10739 2.00115 1.14507
-163.452 95.9727 49.7674 0.273746 0.564096 -2.7643 179.376 179.802 179.522 179.376 179.802 179.522 179.376 179.802 179.522 179.376 179.802 179.522 158.398 174.718 179.435 142.226 144.092 168.527 2.16114 5.09394 -8.51735 178.076 -178.868 -169.069 23.2153 5.99592 1.21071 38.69 16.6641 6.8386 2.77286 19.6917 0.994412 11.2185 -3.23785 -5.61547 3.94967 -11.324 -2.59184 179.553 176.825 179.447 177.223 -177.249 -179.331 1.05201 1.50775 -0.0197117 2.71294 -0.20225 -1.86164 1.15207 -0.668243 1.15317 0.831186 -3.31673 0.974816 179.193 178.728 -179.979 1.01226 0.490851 -0.29985 1.10739 2.00115 1.14507
-163.452 95.9727 49.7674 0.273746 0.564096 -2.7643 179.376 179.802 179.522 179.376 179.802 179.522 179.376 179.802 179.522 179.376 179.802 179.522 158.398 174.718 179.435 142.226 144.092 168.527 2.16114 5.09394 -8.51735 178.076 -178.868 -169.069 23.2153 5.99592 1.21071 38.69 16.6641 6.8386 2.77286 19.6917 0.994412 11.2197 -3.23785 -5.61547 3.94967 -11.324 -2.59184 179.553 176.825 179.447 177.223 -177.249 -179.331 1.05201 1.50775 -0.0197117 2.71294 -0.20225 -1.86164 1.15207 -0.668243 1.15317 0.831186 -3.31673 0.974816 179.193 178.728 -179.979 1.01226 0.490851 -0.29985 1.10739 2.00115 1.14507
-163.456 95.9722 49.7667 0.274674 0.564047 -2.76341 179.373 179.795 179.522 179.373 179.795 179.522 179.373 179.795 179.522 179.373 179.795 179.522 158.389 174.723 179.435 142.223 144.091 168.517 2.15931 5.09478 -8.5219 178.077 -178.869 -169.068 23.209 5.99261 1.2107 38.6888 16.6639 6.84383 2.775 19.692 0.998439 11.221 -3.23597 -5.6174 3.94718 -11.318 -2.59066 179.55 176.822 179.448 177.224 -177.249 -179.333 1.05201 1.50729 -0.0197117 2.71201 -0.20563 -1.86104 1.15207 -0.668319 1.15317 0.832551 -3.31485 0.970661 179.193 178.73 -179.979 1.01343 0.481641 -0.302486 1.10739 2.00109 1.14507
-163.456 95.9722 49.7667 0.274674 0.564047 -2.76341 179.373 179.795 179.522 179.373 179.795 179.522 179.373 179.795 179.522 179.373 179.795 179.522 158.389 174.723 179.435 142.223 144.091 168.517 2.15931 5.09478 -8.5219 178.077 -178.869 -169.068 23.209 5.99261 1.2107 38.6888 16.6639 6.84383 2.775 19.692 0.998439 11.2222 -3.23597 -5.6174 3.94718 -11.318 -2.59066 179.55 176.822 179.448 177.224 -177.249 -179.333 1.05201 1.50729 -0.0197117 2.71201 -0.20563 -1.86104 1.15207 -0.668319 1.15317 0.832551 -3.31485 0.970661 179.193 178.73 -179.979 1.01343 0.481641 -0.302486 1.10739 2.00109 1.14507
-163.456 95.9722 49.7667 0.274674 0.564047 -2.76341 179.373 179.795 179.522 179.373 179.795 179.522 179.373 179.795 179.522 179.373 179.795 179.522 158.389 174.723 179.435 142.223 144.091 168.517 2.15931 5.09478 -8.5219 178.077 -178.869 -169.068 23.209 5.99261 1.2107 38.6888 16.6639 6.84383 2.775 19.692 0.998439 11.2233 -3.23597 -5.6174 3.94718 -11.318 -2.59066 179.55 176.822 179.448 177.224 -177.249 -179.333 1.05201 1.50729 -0.0197117 2.71201 -0.20563 -1.86104 1.15207 -0.668319 1.15317 0.832551 -3.31485 0.970661 179.193 178.73 -179.979 1.01343 0.481641 -0.302486 1.10739 2.00109 1.14507
-163.456 95.9722 49.7667 0.274674 0.564047 -2.76341 179.373 179.795 179.522 179.373 179.795 179.522 179.373 179.795 179.522 179.373 179.795 179.522 158.389 174.723 179.435 142.223 144.091 168.517 2.15931 5.09478 -8.5219 178.077 -178.869 -169.068 23.209 5.99261 1.2107 38.6888 16.6639 6.84383 2.775 19.692 0.998439 11.2245 -3.23597 -5.6174 3.94718 -11.318 -2.59066 179.55 176.822 179.448 177.224 -177.249 -179.333 1.05201 1.50729 -0.0197117 2.71201 -0.20563 -1.86104 1.15207 -0.668319 1.15317 0.832551 -3.31485 0.970661 179.193 178.73 -179.979 1.01343 0.481641 -0.302486 1.10739 2.00109 1.14507
-163.46 95.9719 49.7662 0.274404 0.562542 -2.7604 179.373 179.791 179.521 179.373 179.791 179.521 179.373 179.791 179.521 179.373 179.791 179.521 158.385 174.725 179.435 142.224 144.089 168.509 2.15757 5.09707 -8.52357 178.078 -178.872 -169.066 23.2019 5.98986 1.2107 38.6878 16.664 6.84846 2.77771 19.6928 1.00177 11.2259 -3.23305 -5.62037 3.94243 -11.313 -2.58928 179.546 176.819 179.45 177.227 -177.25 -179.336 1.05201 1.5085 -0.0197117 2.70973 -0.209059 -1.86086 1.15208 -0.668401 1.15317 0.834963 -3.31187 0.966134 179.193 178.731 -179.979 1.01546 0.472252 -0.30507 1.1074 2.00096 1.14507
-163.46 95.9719 49.7662 0.274404 0.562542 -2.7604 179.373 179.791 179.521 179.373 179.791 179.521 179.373 179.791 179.521 179.373 179.791 179.521 158.385 174.725 179.435 142.224 144.089 168.509 2.15757 5.09707 -8.52357 178.078 -178.872 -169.066 23.2019 5.98986 1.2107 38.6878 16.664 6.84846 2.77771 19.6928 1.00177 11.227 -3.23305 -5.62037 3.94243 -11.313 -2.58928 179.546 176.819 179.45 177.227 -177.25 -179.336 1.05201 1.5085 -0.0197117 2.70973 -0.209059 -1.86086 1.15208 -0.668401 1.15317 0.834963 -3.31187 0.966134 179.193 178.731 -179.979 1.01546 0.472252 -0.30507 1.1074 2.00096 1.14507
-163.46 95.9719 49.7662 0.274404 0.562542 -2.7604 179.373 179.791 179.521 179.373 179.791 179.521 179.373 179.791 179.521 179.373 179.791 179.521 158.385 174.725 179.435 142.224 144.089 168.509 2.15757 5.09707 -8.52357 178.079 -178.872 -169.066 23.2019 5.98986 1.2107 38.6878 16.664 6.84846 2.77771 19.6928 1.00177 11.2282 -3.23305 -5.62037 3.94243 -11.313 -2.58928 179.546 176.819 179.45 177.227 -177.25 -179.336 1.05201 1.5085 -0.0197117 2.70973 -0.209059 -1.86086 1.15208 -0.668401 1.15317 0.834963 -3.31187 0.966134 179.193 178.731 -179.979 1.01546 0.472252 -0.30507 1.1074 2.00096 1.14507
-163.46 95.9719 49.7662 0.274404 0.562542 -2.7604 179.373 179.791 179.521 179.373 179.791 179.521 179.373 179.791 179.521 179.373 179.791 179.521 158.385 174.725 179.435 142.224 144.089 168.509 2.15757 5.09707 -8.52357 178.079 -178.872 -169.066 23.2019 5.98986 1.2107 38.6878 16.664 6.84846 2.77771 19.6928 1.00177 11.2293 -3.23305 -5.62037 3.94243 -11.313 -2.58928 179.546 176.819 179.45 177.227 -177.25 -179.336 1.05201 1.5085 -0.0197117 2.70973 -0.209059 -1.86086 1.15208 -0.668401 1.15317 0.834963 -3.31187 0.966134 179.193 178.731 -179.979 1.01546 0.472252 -0.30507 1.1074 2.00096 1.14507
-163.463 95.9716 49.7661 0.274173 0.560563 -2.75649 179.372 179.787 179.521 179.372 179.787 179.521 179.372 179.787 179.521 179.372 179.787 179.521 158.379 174.727 179.435 142.224 144.086 168.502 2.1558 5.10027 -8.52366 178.08 -178.874 -169.063 23.1944 5.98692 1.21069 38.6858 16.6641 6.85299 2.77981 19.6937 1.00385 11.2308 -3.22934 -5.62415 3.93665 -11.3089 -2.58736 179.542 176.816 179.452 177.229 -177.251 -179.339 1.05201 1.51064 -0.0197117 2.70687 -0.212966 -1.86058 1.15208 -0.668469 1.15317 0.83726 -3.30865 0.961489 179.193 178.73 -179.979 1.01781 0.462657 -0.307215 1.1074 2.00077 1.14507
-163.463 95.9716 49.7661 0.274173 0.560563 -2.75649 179.372 179.787 179.521 179.372 179.787 179.521 179.372 179.787 179.521 179.372 179.787 179.521 158.379 174.727 179.435 142.224 144.086 168.502 2.1558 5.10027 -8.52366 178.08 -178.874 -169.063 23.1944 5.98692 1.21069 38.6858 16.6641 6.85299 2.77981 19.6937 1.00385 11.2319 -3.22934 -5.62415 3.93665 -11.3089 -2.58736 179.542 176.816 179.452 177.229 -177.251 -179.339 1.05201 1.51064 -0.0197117 2.70687 -0.212966 -1.86058 1.15208 -0.668469 1.15317 0.83726 -3.30865 0.961489 179.193 178.73 -179.979 1.01781 0.462657 -0.307215 1.1074 2.00077 1.14507
-163.463 95.9716 49.7661 0.274173 0.560563 -2.75649 179.372 179.787 179.521 179.372 179.787 179.521 179.372 179.787 179.521 179.372 179.787 179.521 158.379 174.727 179.435 142.224 144.086 168.502 2.1558 5.10027 -8.52366 178.08 -178.874 -169.063 23.1944 5.98692 1.21069 38.6858 16.6641 6.85299 2.77981 19.6937 1.00385 11.2331 -3.22934 -5.62415 3.93665 -11.3089 -2.58736 179.542 176.816 179.452 177.229 -177.251 -179.339 1.05201 1.51064 -0.0197117 2.70687 -0.212966 -1.86058 1.15208 -0.668469 1.15317 0.83726 -3.30865 0.961489 179.193 178.73 -179.979 1.01781 0.462657 -0.307215 1.1074 2.00077 1.14507
-163.463 95.9716 49.7661 0.274173 0.560563 -2.75649 179.372 179.787 179.521 179.372 179.787 179.521 179.372 179.787 179.521 179.372 179.787 179.521 158.379 174.727 179.435 142.224 144.086 168.502 2.1558 5.10027 -8.52366 178.081 -178.874 -169.063 23.1944 5.98692 1.21069 38.6858 16.6641 6.85299 2.77981 19.6937 1.00385 11.2342 -3.22934 -5.62415 3.93665 -11.3089 -2.58736 179.542 176.816 179.452 177.229 -177.251 -179.339 1.05201 1.51064 -0.0197117 2.70687 -0.212966 -1.86058 1.15208 -0.668469 1.15317 0.83726 -3.30865 0.961489 179.193 178.73 -179.979 1.01781 0.462657 -0.307215 1.1074 2.00077 1.14507
-163.469 95.9715 49.767 0.272486 0.553951 -2.74944 179.373 179.782 179.52 179.373 179.782 179.52 179.373 179.782 179.52 179.373 179.782 179.52 158.37 174.731 179.435 142.235 144.074 168.488 2.15387 5.11294 -8.51809 178.086 -178.884 -169.05 23.1822 5.98165 1.21068 38.6841 16.6655 6.86121 2.78254 19.6967 1.0048 11.2358 -3.21713 -5.63522 3.91862 -11.3038 -2.57989 179.529 176.813 179.46 177.234 -177.253 -179.348 1.05202 1.51961 -0.0197118 2.70052 -0.22132 -1.85659 1.15208 -0.668492 1.15317 0.84212 -3.302 0.95261 179.193 178.724 -179.979 1.01953 0.448145 -0.307349 1.10742 1.99973 1.14507
-163.469 95.9715 49.767 0.272486 0.553951 -2.74944 179.373 179.782 179.52 179.373 179.782 179.52 179.373 179.782 179.52 179.373 179.782 179.52 158.37 174.731 179.435 142.235 144.074 168.488 2.15387 5.11294 -8.51809 178.086 -178.884 -169.05 23.1822 5.98165 1.21068 38.6841 16.6655 6.86121 2.78254 19.6967 1.0048 11.2369 -3.21713 -5.63522 3.91862 -11.3038 -2.57989 179.529 176.813 179.46 177.234 -177.253 -179.348 1.05202 1.51961 -0.0197118 2.70052 -0.22132 -1.85659 1.15208 -0.668492 1.15317 0.84212 -3.302 0.95261 179.193 178.724 -179.979 1.01953 0.448145 -0.307349 1.10742 1.99973 1.14507
-163.469 95.9715 49.767 0.272486 0.553951 -2.74944 179.373 179.782 179.52 179.373 179.782 179.52 179.373 179.782 179.52 179.373 179.782 179.52 158.37 174.731 179.435 142.235 144.074 168.488 2.15387 5.11294 -8.51809 178.086 -178.884 -169.05 23.1822 5.98165 1.21068 38.6841 16.6655 6.86121 2.78254 19.6967 1.0048 11.2381 -3.21713 -5.63522 3.91862 -11.3038 -2.57989 179.529 176.813 179.46 177.234 -177.253 -179.348 1.05202 1.51961 -0.0197118 2.70052 -0.22132 -1.85659 1.15208 -0.668492 1.15317 0.84212 -3.302 0.95261 179.193 178.724 -179.979 1.01953 0.448145 -0.307349 1.10742 1.99973 1.14507
-163.469 95.9715 49.767 0.272486 0.553951 -2.74944 179.373 179.782 179.52 179.373 179.782 179.52 179.373 179.782 179.52 179.373 179.782 179.52 158.37 174.731 179.435 142.235 144.074 168.488 2.15387 5.11294 -8.51809 178.087 -178.884 -169.05 23.1822 5.98165 1.21068 38.6841 16.6655 6.86121 2.78254 19.6967 1.0048 11.2392 -3.21713 -5.63522 3.91862 -11.3038 -2.57989 179.529 176.813 179.46 177.234 -177.253 -179.348 1.05202 1.51961 -0.0197118 2.70052 -0.22132 -1.85659 1.15208 -0.668492 1.15317 0.84212 -3.302 0.95261 179.193 178.724 -179.979 1.01953 0.448145 -0.307349 1.10742 1.99973 1.14507
-163.469 95.9715 49.767 0.272486 0.553951 -2.74944 179.373 179.782 179.52 179.373 179.782 179.52 179.373 179.782 179.52 179.373 179.782 179.52 158.37 174.731 179.435 142.235 144.074 168.488 2.15387 5.11294 -8.51809 178.087 -178.884 -169.05 23.1822 5.98165 1.21068 38.6841 16.6655 6.86121 2.78254 19.6967 1.0048 11.2404 -3.21713 -5.63522 3.91862 -11.3038 -2.57989 179.529 176.813 179.46 177.234 -177.253 -179.348 1.05202 1.51961 -0.0197118 2.70052 -0.22132 -1.85659 1.15208 -0.668492 1.15317 0.84212 -3.302 0.95261 179.193 178.724 -179.979 1.01953 0.448145 -0.307349 1.10742 1.99973 1.14507
-163.469 95.9715 49.767 0.272486 0.553951 -2.74944 179.373 179.782 179.52 179.373 179.782 179.52 179.373 179.782 179.52 179.373 179.782 179.52 158.37 174.731 179.435 142.235 144.074 168.488 2.15387 5.11294 -8.51809 178.087 -178.884 -169.05 23.1822 5.98165 1.21068 38.6841 16.6655 6.86121 2.78254 19.6967 1.0048 11.2415 -3.21713 -5.63522 3.91862 -11.3038 -2.57989 179.529 176.813 179.46 177.234 -177.253 -179.348 1.05202 1.51961 -0.0197118 2.70052 -0.22132 -1.85659 1.15208 -0.668492 1.15317 0.84212 -3.302 0.95261 179.193 178.724 -179.979 1.01953 0.448145 -0.307349 1.10742 1.99973 1.14507
-163.475 95.9717 49.7695 0.27181 0.544855 -2.74106 179.374 179.776 179.518 179.374 179.776 179.518 179.374 179.776 179.518 179.374 179.776 179.518 158.353 174.734 179.435 142.242 144.062 168.481 2.15646 5.12429 -8.51289 178.093 -178.89 -169.042 23.1755 5.97277 1.21066 38.6736 16.6645 6.86865 2.77623 19.6972 1.00003 11.2436 -3.20371 -5.64117 3.9011 -11.3053 -2.57097 179.517 176.813 179.469 177.238 -177.26 -179.358 1.05202 1.52676 -0.0197119 2.69645 -0.22859 -1.85279 1.15207 -0.668328 1.15317 0.845612 -3.29253 0.942787 179.193 178.716 -179.979 1.01908 0.432297 -0.306465 1.10744 1.99854 1.14507
-163.475 95.9717 49.7695 0.27181 0.544855 -2.74106 179.374 179.776 179.518 179.374 179.776 179.518 179.374 179.776 179.518 179.374 179.776 179.518 158.353 174.734 179.435 142.242 144.062 168.481 2.15646 5.12429 -8.51289 178.093 -178.89 -169.042 23.1755 5.97277 1.21066 38.6736 16.6645 6.86865 2.77623 19.6972 1.00003 11.2448 -3.20371 -5.64118 3.9011 -11.3053 -2.57097 179.517 176.813 179.469 177.238 -177.26 -179.358 1.05202 1.52676 -0.0197119 2.69645 -0.22859 -1.85279 1.15207 -0.668328 1.15317 0.845612 -3.29253 0.942787 179.193 178.716 -179.979 1.01908 0.432297 -0.306465 1.10744 1.99854 1.14507
-163.475 95.9717 49.7695 0.27181 0.544855 -2.74106 179.374 179.776 179.518 179.374 179.776 179.518 179.374 179.776 179.518 179.374 179.776 179.518 158.353 174.734 179.435 142.242 144.062 168.481 2.15646 5.12429 -8.51289 178.093 -178.89 -169.042 23.1755 5.97277 1.21066 38.6736 16.6645 6.86865 2.77623 19.6972 1.00003 11.2459 -3.20371 -5.64118 3.9011 -11.3053 -2.57097 179.517 176.813 179.469 177.238 -177.26 -179.358 1.05202 1.52676 -0.0197119 2.69645 -0.22859 -1.85279 1.15207 -0.668328 1.15317 0.845612 -3.29253 0.942787 179.193 178.716 -179.979 1.01908 0.432297 -0.306465 1.10744 1.99854 1.14507
-163.475 95.9717 49.7695 0.27181 0.544855 -2.74106 179.374 179.776 179.518 179.374 179.776 179.518 179.374 179.776 179.518 179.374 179.776 179.518 158.353 174.734 179.435 142.242 144.062 168.481 2.15646 5.12429 -8.51289 178.094 -178.89 -169.042 23.1755 5.97277 1.21066 38.6736 16.6645 6.86865 2.77623 19.6972 1.00003 11.2471 -3.20371 -5.64118 3.9011 -11.3053 -2.57097 179.517 176.813 179.469 177.238 -177.26 -179.358 1.05202 1.52676 -0.0197119 2.69645 -0.22859 -1.85279 1.15207 -0.668328 1.15317 0.845612 -3.29253 0.942787 179.193 178.716 -179.979 1.01908 0.432297 -0.306465 1.10744 1.99854 1.14507
-163.475 95.9717 49.7695 0.27181 0.544855 -2.74106 179.374 179.776 179.518 179.374 179.776 179.518 179.374 179.776 179.518 179.374 179.776 179.518 158.353 174.734 179.435 142.242 144.062 168.481 2.15646 5.12429 -8.51289 178.094 -178.89 -169.042 23.1755 5.97277 1.21066 38.6736 16.6645 6.86865 2.77623 19.6972 1.00003 11.2483 -3.20371 -5.64118 3.9011 -11.3053 -2.57097 179.517 176.813 179.469 177.238 -177.26 -179.358 1.05202 1.52676 -0.0197119 2.69645 -0.22859 -1.85279 1.15207 -0.668328 1.15317 0.845612 -3.29253 0.942787 179.193 178.716 -179.979 1.01908 0.432297 -0.306465 1.10744 1.99854 1.14507
-163.48 95.972 49.7727 0.270848 0.534247 -2.73194 179.376 179.77 179.516 179.376 179.77 179.516 179.376 179.77 179.516 179.376 179.77 179.516 158.336 174.738 179.435 142.249 144.052 168.481 2.16259 5.13446 -8.50899 178.099 -178.892 -169.04 23.1762 5.96177 1.21063 38.6599 16.6621 6.87442 2.76658 19.6961 0.992445 11.2511 -3.1895 -5.64254 3.88282 -11.3128 -2.56224 179.507 176.815 179.477 177.241 -177.27 -179.367 1.05202 1.53235 -0.0197119 2.69311 -0.233782 -1.8508 1.15207 -0.668025 1.15317 0.849011 -3.28159 0.932728 179.193 178.707 -179.979 1.01669 0.417146 -0.306122 1.10747 1.99727 1.14507
-163.48 95.972 49.7727 0.270848 0.534247 -2.73194 179.376 179.77 179.516 179.376 179.77 179.516 179.376 179.77 179.516 179.376 179.77 179.516 158.336 174.738 179.435 142.249 144.052 168.481 2.16259 5.13446 -8.50899 178.099 -178.892 -169.04 23.1762 5.96177 1.21063 38.6599 16.6621 6.87442 2.76658 19.6961 0.992445 11.2523 -3.1895 -5.64254 3.88282 -11.3128 -2.56224 179.507 176.815 179.477 177.241 -177.27 -179.367 1.05202 1.53235 -0.0197119 2.69311 -0.233782 -1.8508 1.15207 -0.668025 1.15317 0.849011 -3.28159 0.932728 179.193 178.707 -179.979 1.01669 0.417146 -0.306122 1.10747 1.99727 1.14507
-163.48 95.972 49.7727 0.270848 0.534247 -2.73194 179.376 179.77 179.516 179.376 179.77 179.516 179.376 179.77 179.516 179.376 179.77 179.516 158.336 174.738 179.435 142.249 144.052 168.481 2.16259 5.13446 -8.50899 178.1 -178.892 -169.04 23.1762 5.96177 1.21063 38.6599 16.6621 6.87442 2.76658 19.6961 0.992445 11.2535 -3.1895 -5.64254 3.88282 -11.3128 -2.56224 179.507 176.815 179.477 177.241 -177.27 -179.367 1.05202 1.53235 -0.0197119 2.69311 -0.233782 -1.8508 1.15207 -0.668025 1.15317 0.849011 -3.28159 0.932728 179.193 178.707 -179.979 1.01669 0.417146 -0.306122 1.10747 1.99727 1.14507
-163.48 95.972 49.7727 0.270848 0.534247 -2.73194 179.376 179.77 179.516 179.376 179.77 179.516 179.376 179.77 179.516 179.376 179.77 179.516 158.336 174.738 179.435 142.249 144.052 168.481 2.16259 5.13446 -8.50899 178.1 -178.892 -169.04 23.1762 5.96177 1.21063 38.6599 16.6621 6.87442 2.76658 19.6961 0.992445 11.2546 -3.1895 -5.64254 3.88282 -11.3128 -2.56224 179.507 176.815 179.477 177.241 -177.27 -179.367 1.05202 1.53235 -0.0197119 2.69311 -0.233782 -1.8508 1.15207 -0.668025 1.15317 0.849011 -3.28159 0.932728 179.193 178.707 -179.979 1.01669 0.417146 -0.306122 1.10747 1.99727 1.14507
-163.483 95.9721 49.7744 0.271148 0.530423 -2.72527 179.377 179.768 179.515 179.377 179.768 179.515 179.377 179.768 179.515 179.377 179.768 179.515 158.327 174.737 179.435 142.247 144.049 168.484 2.1642 5.13757 -8.50739 178.101 -178.892 -169.041 23.1764 5.95627 1.21062 38.6507 16.6597 6.87652 2.76108 19.6941 0.987472 11.2561 -3.18587 -5.64353 3.87549 -11.3171 -2.56011 179.504 176.817 179.479 177.242 -177.273 -179.372 1.05202 1.53435 -0.019712 2.69199 -0.235179 -1.85262 1.15207 -0.667939 1.15317 0.850077 -3.27694 0.927712 179.193 178.703 -179.979 1.01534 0.409021 -0.308281 1.10748 1.99696 1.14507
-163.483 95.9721 49.7744 0.271148 0.530423 -2.72527 179.377 179.768 179.515 179.377 179.768 179.515 179.377 179.768 179.515 179.377 179.768 179.515 158.327 174.737 179.435 142.247 144.049 168.484 2.1642 5.13757 -8.50739 178.101 -178.892 -169.041 23.1764 5.95627 1.21062 38.6507 16.6597 6.87652 2.76108 19.6941 0.987472 11.2572 -3.18587 -5.64353 3.87549 -11.3171 -2.56011 179.504 176.817 179.479 177.242 -177.273 -179.372 1.05202 1.53435 -0.019712 2.69199 -0.235179 -1.85262 1.15207 -0.667939 1.15317 0.850077 -3.27694 0.927712 179.193 178.703 -179.979 1.01534 0.409021 -0.308281 1.10748 1.99696 1.14507
-163.483 95.9721 49.7744 0.271148 0.530423 -2.72527 179.377 179.768 179.515 179.377 179.768 179.515 179.377 179.768 179.515 179.377 179.768 179.515 158.327 174.737 179.435 142.247 144.049 168.484 2.1642 5.13757 -8.50739 178.102 -178.892 -169.041 23.1764 5.95627 1.21062 38.6507 16.6597 6.87652 2.76108 19.6941 0.987472 11.2584 -3.18587 -5.64353 3.87549 -11.3171 -2.56011 179.504 176.817 179.479 177.242 -177.273 -179.372 1.05202 1.53435 -0.019712 2.69199 -0.235179 -1.85262 1.15207 -0.667939 1.15317 0.850077 -3.27694 0.927712 179.193 178.703 -179.979 1.01534 0.409021 -0.308281 1.10748 1.99696 1.14507
-163.488 95.9722 49.7796 0.268627 0.510773 -2.71523 179.38 179.758 179.511 179.38 179.758 179.511 179.38 179.758 179.511 179.38 179.758 179.511 158.302 174.805 179.435 142.24 143.993 168.527 2.18963 5.17598 -8.51076 178.193 -178.904 -169.105 23.1897 5.91347 1.21053 38.6353 16.6571 6.86835 2.75618 19.6875 0.974975 11.1646 -3.12425 -5.61681 3.8305 -11.3649 -2.49881 179.511 176.809 179.454 177.247 -177.293 -179.396 1.05202 1.53957 -0.019712 2.68737 -0.23984 -1.8378 1.15187 -0.658367 1.15316 0.85502 -3.2582 0.906836 179.193 178.688 -179.979 1.00939 0.390564 -0.298583 1.10802 1.9697 1.14505
-163.488 95.9722 49.7796 0.268627 0.510773 -2.71523 179.38 179.758 179.511 179.38 179.758 179.511 179.38 179.758 179.511 179.38 179.758 179.511 158.302 174.805 179.435 142.24 143.993 168.527 2.18963 5.17598 -8.51076 178.193 -178.904 -169.105 23.1897 5.91347 1.21053 38.6353 16.6571 6.86835 2.75618 19.6875 0.974975 11.1658 -3.12425 -5.61681 3.8305 -11.3649 -2.49881 179.511 176.809 179.454 177.247 -177.293 -179.396 1.05202 1.53957 -0.019712 2.68737 -0.23984 -1.8378 1.15187 -0.658367 1.15316 0.85502 -3.2582 0.906836 179.193 178.688 -179.979 1.00939 0.390564 -0.298583 1.10802 1.9697 1.14505
-163.488 95.9722 49.7796 0.268627 0.510773 -2.71523 179.38 179.758 179.511 179.38 179.758 179.511 179.38 179.758 179.511 179.38 179.758 179.511 158.302 174.805 179.435 142.24 143.993 168.527 2.18963 5.17598 -8.51076 178.194 -178.904 -169.105 23.1897 5.91347 1.21053 38.6353 16.6571 6.86835 2.75618 19.6875 0.974975 11.1669 -3.12425 -5.61681 3.8305 -11.3649 -2.49881 179.511 176.809 179.454 177.247 -177.293 -179.396 1.05202 1.53957 -0.019712 2.68737 -0.23984 -1.8378 1.15187 -0.658367 1.15316 0.85502 -3.2582 0.906836 179.193 178.688 -179.979 1.00939 0.390564 -0.298583 1.10802 1.9697 1.14505
-163.488 95.9722 49.7796 0.268627 0.510773 -2.71523 179.38 179.758 179.511 179.38 179.758 179.511 179.38 179.758 179.511 179.38 179.758 179.511 158.302 174.805 179.435 142.24 143.993 168.527 2.18963 5.17598 -8.51076 178.194 -178.904 -169.105 23.1897 5.91347 1.21053 38.6353 16.6571 6.86835 2.75618 19.6875 0.974975 11.168 -3.12425 -5.61681 3.8305 -11.3649 -2.49881 179.511 176.809 179.454 177.247 -177.293 -179.396 1.05202 1.53957 -0.019712 2.68737 -0.23984 -1.8378 1.15187 -0.658367 1.15316 0.85502 -3.2582 0.906836 179.193 178.688 -179.979 1.00939 0.390564 -0.298583 1.10802 1.9697 1.14505
-163.488 95.9722 49.7796 0.268627 0.510773 -2.71523 179.38 179.758 179.511 179.38 179.758 179.511 179.38 179.758 179.511 179.38 179.758 179.511 158.302 174.805 179.435 142.24 143.993 168.527 2.18963 5.17598 -8.51076 178.194 -178.904 -169.105 23.1897 5.91347 1.21053 38.6353 16.6571 6.86835 2.75618 19.6875 0.974975 11.1692 -3.12425 -5.61681 3.8305 -11.3649 -2.49881 179.511 176.809 179.454 177.247 -177.293 -179.396 1.05202 1.53957 -0.019712 2.68737 -0.23984 -1.8378 1.15187 -0.658367 1.15316 0.85502 -3.2582 0.906836 179.193 178.688 -179.979 1.00939 0.390564 -0.298583 1.10802 1.9697 1.14505
-163.491 95.9721 49.7816 0.269886 0.509059 -2.70551 179.382 179.757 179.508 179.382 179.757 179.508 179.382 179.757 179.508 179.382 179.757 179.508 158.294 174.8 179.435 142.231 143.991 168.536 2.18854 5.17737 -8.50808 178.194 -178.904 -169.106 23.1911 5.90907 1.21052 38.625 16.6538 6.8692 2.75018 19.6843 0.968929 11.17 -3.12396 -5.61808 3.82124 -11.3719 -2.49985 179.507 176.812 179.454 177.247 -177.294 -179.401 1.05202 1.54119 -0.019712 2.6873 -0.23943 -1.84302 1.15187 -0.658353 1.15316 0.855663 -3.25486 0.901618 179.193 178.684 -179.979 1.00642 0.382378 -0.303721 1.10802 1.96969 1.14505
-163.491 95.9721 49.7816 0.269886 0.509059 -2.70551 179.382 179.757 179.508 179.382 179.757 179.508 179.382 179.757 179.508 179.382 179.757 179.508 158.294 174.8 179.435 142.231 143.991 168.536 2.18854 5.17737 -8.50808 178.194 -178.904 -169.106 23.1911 5.90907 1.21052 38.625 16.6538 6.8692 2.75018 19.6843 0.968929 11.1712 -3.12396 -5.61808 3.82124 -11.3719 -2.49985 179.507 176.812 179.454 177.247 -177.294 -179.401 1.05202 1.54119 -0.019712 2.6873 -0.23943 -1.84302 1.15187 -0.658353 1.15316 0.855663 -3.25486 0.901618 179.193 178.684 -179.979 1.00642 0.382378 -0.303721 1.10802 1.96969 1.14505
-163.494 95.9721 49.7836 0.269696 0.506275 -2.69915 179.384 179.756 179.506 179.384 179.756 179.506 179.384 179.756 179.506 179.384 179.756 179.506 158.288 174.799 179.435 142.227 143.991 168.543 2.18899 5.17805 -8.50549 178.195 -178.903 -169.106 23.1954 5.90596 1.21051 38.6184 16.6512 6.86938 2.74649 19.6821 0.964265 11.1728 -3.12255 -5.61757 3.81026 -11.3796 -2.50107 179.502 176.816 179.455 177.249 -177.297 -179.404 1.05202 1.54292 -0.019712 2.68716 -0.239804 -1.84695 1.15187 -0.65832 1.15316 0.857437 -3.25142 0.898452 179.193 178.68 -179.979 1.00305 0.375698 -0.307487 1.10802 1.96966 1.14505
-163.494 95.9721 49.7836 0.269696 0.506275 -2.69915 179.384 179.756 179.506 179.384 179.756 179.506 179.384 179.756 179.506 179.384 179.756 179.506 158.288 174.799 179.435 142.227 143.991 168.543 2.18899 5.17805 -8.50549 178.195 -178.903 -169.106 23.1954 5.90596 1.21051 38.6184 16.6512 6.86938 2.74649 19.6821 0.964265 11.174 -3.12255 -5.61757 3.81026 -11.3796 -2.50107 179.502 176.816 179.455 177.249 -177.297 -179.404 1.05202 1.54292 -0.019712 2.68716 -0.239804 -1.84695 1.15187 -0.65832 1.15316 0.857437 -3.25142 0.898452 179.193 178.68 -179.979 1.00305 0.375698 -0.307487 1.10802 1.96966 1.14505
-163.498 95.9722 49.7872 0.268508 0.497578 -2.69173 179.387 179.752 179.503 179.387 179.752 179.503 179.387 179.752 179.503 179.387 179.752 179.503 158.279 174.807 179.435 142.222 143.991 168.555 2.19123 5.17874 -8.50203 178.196 -178.898 -169.109 23.2051 5.8974 1.21049 38.6064 16.645 6.86971 2.74275 19.6777 0.958012 11.1787 -3.11545 -5.6091 3.78411 -11.4024 -2.50259 179.494 176.825 179.457 177.252 -177.306 -179.404 1.05203 1.54541 -0.0197121 2.68615 -0.241924 -1.85415 1.15187 -0.658063 1.15316 0.861134 -3.24331 0.897523 179.193 178.67 -179.979 0.995849 0.364321 -0.314412 1.10803 1.96934 1.14505
-163.498 95.9722 49.7872 0.268508 0.497578 -2.69173 179.387 179.752 179.503 179.387 179.752 179.503 179.387 179.752 179.503 179.387 179.752 179.503 158.279 174.807 179.435 142.222 143.991 168.555 2.19123 5.17874 -8.50203 178.196 -178.898 -169.109 23.2051 5.8974 1.21049 38.6064 16.645 6.86971 2.74275 19.6777 0.958012 11.1798 -3.11545 -5.6091 3.78411 -11.4024 -2.50259 179.494 176.825 179.457 177.252 -177.306 -179.404 1.05203 1.54541 -0.0197121 2.68615 -0.241924 -1.85415 1.15187 -0.658063 1.15316 0.861134 -3.24331 0.897523 179.193 178.67 -179.979 0.995849 0.364321 -0.314412 1.10803 1.96934 1.14505
-163.498 95.9722 49.7872 0.268508 0.497578 -2.69173 179.387 179.752 179.503 179.387 179.752 179.503 179.387 179.752 179.503 179.387 179.752 179.503 158.279 174.807 179.435 142.222 143.991 168.555 2.19123 5.17874 -8.50203 178.196 -178.898 -169.109 23.2051 5.8974 1.21049 38.6064 16.645 6.86971 2.74275 19.6777 0.958012 11.181 -3.11545 -5.6091 3.78411 -11.4024 -2.50259 179.494 176.825 179.457 177.252 -177.306 -179.404 1.05203 1.54541 -0.0197121 2.68615 -0.241924 -1.85415 1.15187 -0.658063 1.15316 0.861134 -3.24331 0.897523 179.193 178.67 -179.979 0.995849 0.364321 -0.314412 1.10803 1.96934 1.14505
-163.498 95.9722 49.7872 0.268508 0.497578 -2.69173 179.387 179.752 179.503 179.387 179.752 179.503 179.387 179.752 179.503 179.387 179.752 179.503 158.279 174.807 179.435 142.222 143.991 168.555 2.19123 5.17874 -8.50203 178.196 -178.898 -169.109 23.2051 5.8974 1.21049 38.6064 16.645 6.86971 2.74275 19.6777 0.958012 11.1821 -3.11545 -5.6091 3.78411 -11.4024 -2.50259 179.494 176.825 179.457 177.252 -177.306 -179.404 1.05203 1.54541 -0.0197121 2.68615 -0.241924 -1.85415 1.15187 -0.658063 1.15316 0.861134 -3.24331 0.897523 179.193 178.67 -179.979 0.995849 0.364321 -0.314412 1.10803 1.96934 1.14505
-163.503 95.9723 49.7918 0.268242 0.485688 -2.68171 179.392 179.744 179.5 179.392 179.744 179.5 179.392 179.744 179.5 179.392 179.744 179.5 158.256 174.878 179.435 142.189 143.98 168.624 2.18103 5.19908 -8.50641 178.175 -178.88 -169.1 23.2143 5.86336 1.21042 38.5949 16.6222 6.85787 2.75424 19.6753 0.945608 11.1616 -3.09788 -5.58386 3.72608 -11.4796 -2.49442 179.511 176.812 179.457 177.255 -177.32 -179.376 1.05202 1.54263 -0.019712 2.68624 -0.241871 -1.89192 1.15177 -0.653125 1.15316 0.864764 -3.23436 0.92287 179.193 178.651 -179.979 0.985883 0.346577 -0.35006 1.10816 1.96261 1.14504
-163.503 95.9723 49.7918 0.268242 0.485688 -2.68171 179.392 179.744 179.5 179.392 179.744 179.5 179.392 179.744 179.5 179.392 179.744 179.5 158.256 174.878 179.435 142.189 143.98 168.624 2.18103 5.19908 -8.50641 178.175 -178.88 -169.1 23.2143 5.86336 1.21042 38.5949 16.6222 6.85787 2.75424 19.6753 0.945608 11.1628 -3.09788 -5.58386 3.72608 -11.4796 -2.49442 179.511 176.812 179.457 177.255 -177.32 -179.376 1.05202 1.54263 -0.019712 2.68624 -0.241871 -1.89192 1.15177 -0.653125 1.15316 0.864764 -3.23436 0.92287 179.193 178.651 -179.979 0.985883 0.346577 -0.35006 1.10816 1.96261 1.14504
-163.503 95.9723 49.7918 0.268242 0.485688 -2.68171 179.392 179.744 179.5 179.392 179.744 179.5 179.392 179.744 179.5 179.392 179.744 179.5 158.256 174.878 179.435 142.189 143.98 168.624 2.18103 5.19908 -8.50641 178.175 -178.88 -169.1 23.2143 5.86336 1.21042 38.5949 16.6222 6.85787 2.75424 19.6753 0.945608 11.1639 -3.09788 -5.58386 3.72608 -11.4796 -2.49442 179.511 176.812 179.457 177.255 -177.32 -179.376 1.05202 1.54263 -0.019712 2.68624 -0.241871 -1.89192 1.15177 -0.653125 1.15316 0.864764 -3.23436 0.92287 179.193 178.651 -179.979 0.985883 0.346577 -0.35006 1.10816 1.96261 1.14504
-163.503 95.9723 49.7918 0.268242 0.485688 -2.68171 179.392 179.744 179.5 179.392 179.744 179.5 179.392 179.744 179.5 179.392 179.744 179.5 158.256 174.878 179.435 142.189 143.98 168.624 2.18103 5.19908 -8.50641 178.175 -178.88 -169.1 23.2143 5.86336 1.21042 38.5949 16.6222 6.85787 2.75424 19.6753 0.945608 11.165 -3.09788 -5.58386 3.72608 -11.4796 -2.49442 179.511 176.812 179.457 177.255 -177.32 -179.376 1.05202 1.54263 -0.019712 2.68624 -0.241871 -1.89192 1.15177 -0.653125 1.15316 0.864764 -3.23436 0.92287 179.193 178.651 -179.979 0.985883 0.346577 -0.35006 1.10816 1.96261 1.14504
-163.505 95.9724 49.7933 0.270048 0.487443 -2.67512 179.396 179.746 179.497 179.396 179.746 179.497 179.396 179.746 179.497 179.396 179.746 179.497 158.249 174.872 179.435 142.177 143.979 168.637 2.17731 5.20008 -8.50073 178.175 -178.881 -169.098 23.2142 5.86177 1.21041 38.5917 16.6203 6.85556 2.75241 19.6747 0.941324 11.1659 -3.09816 -5.58335 3.71607 -11.4944 -2.49671 179.507 176.819 179.456 177.254 -177.318 -179.378 1.05202 1.54327 -0.019712 2.68621 -0.240328 -1.89578 1.15177 -0.653126 1.15316 0.864557 -3.23496 0.92035 179.193 178.648 -179.979 0.980943 0.341284 -0.353936 1.10816 1.96262 1.14504
-163.505 95.9724 49.7933 0.270048 0.487443 -2.67512 179.396 179.746 179.497 179.396 179.746 179.497 179.396 179.746 179.497 179.396 179.746 179.497 158.249 174.872 179.435 142.177 143.979 168.637 2.17731 5.20008 -8.50073 178.175 -178.881 -169.098 23.2142 5.86177 1.21041 38.5917 16.6203 6.85556 2.75241 19.6747 0.941324 11.1671 -3.09816 -5.58335 3.71607 -11.4944 -2.49671 179.507 176.819 179.456 177.254 -177.318 -179.378 1.05202 1.54327 -0.019712 2.68621 -0.240328 -1.89578 1.15177 -0.653126 1.15316 0.864557 -3.23496 0.92035 179.193 178.648 -179.979 0.980943 0.341284 -0.353936 1.10816 1.96262 1.14504
-163.505 95.9724 49.7933 0.270048 0.487443 -2.67512 179.396 179.746 179.497 179.396 179.746 179.497 179.396 179.746 179.497 179.396 179.746 179.497 158.249 174.872 179.435 142.177 143.979 168.637 2.17731 5.20008 -8.50073 178.176 -178.881 -169.098 23.2142 5.86177 1.21041 38.5917 16.6203 6.85556 2.75241 19.6747 0.941324 11.1682 -3.09816 -5.58335 3.71607 -11.4944 -2.49671 179.507 176.819 179.456 177.254 -177.318 -179.378 1.05202 1.54327 -0.019712 2.68621 -0.240328 -1.89578 1.15177 -0.653126 1.15316 0.864557 -3.23496 0.92035 179.193 178.648 -179.979 0.980943 0.341284 -0.353936 1.10816 1.96262 1.14504
-163.51 95.9726 49.7965 0.268971 0.480042 -2.66792 179.402 179.738 179.495 179.402 179.738 179.495 179.402 179.738 179.495 179.402 179.738 179.495 158.226 174.943 179.435 142.14 143.99 168.703 2.16054 5.21301 -8.50099 178.106 -178.876 -169.04 23.2062 5.80763 1.2103 38.6126 16.5775 6.8266 2.75332 19.7158 0.935421 11.1157 -3.08114 -5.55873 3.65103 -11.6098 -2.49765 179.516 176.802 179.448 177.258 -177.327 -179.347 1.05202 1.54359 -0.019712 2.68453 -0.242402 -1.93378 1.15176 -0.652792 1.15316 0.869114 -3.23464 0.950993 179.193 178.622 -179.979 0.969779 0.321728 -0.391477 1.10825 1.95826 1.14504
-163.51 95.9726 49.7965 0.268971 0.480042 -2.66792 179.402 179.738 179.495 179.402 179.738 179.495 179.402 179.738 179.495 179.402 179.738 179.495 158.226 174.943 179.435 142.14 143.99 168.703 2.16054 5.21301 -8.50099 178.106 -178.876 -169.04 23.2062 5.80763 1.2103 38.6126 16.5775 6.8266 2.75332 19.7158 0.935421 11.1168 -3.08114 -5.55873 3.65103 -11.6098 -2.49765 179.516 176.802 179.448 177.258 -177.327 -179.347 1.05202 1.54359 -0.019712 2.68453 -0.242402 -1.93378 1.15176 -0.652792 1.15316 0.869114 -3.23464 0.950993 179.193 178.622 -179.979 0.969779 0.321728 -0.391477 1.10825 1.95826 1.14504
-163.51 95.9726 49.7965 0.268971 0.480042 -2.66792 179.402 179.738 179.495 179.402 179.738 179.495 179.402 179.738 179.495 179.402 179.738 179.495 158.226 174.943 179.435 142.14 143.99 168.703 2.16054 5.21301 -8.50099 178.106 -178.876 -169.04 23.2062 5.80763 1.2103 38.6126 16.5775 6.8266 2.75332 19.7158 0.935421 11.118 -3.08114 -5.55873 3.65103 -11.6098 -2.49765 179.516 176.802 179.448 177.258 -177.327 -179.347 1.05202 1.54359 -0.019712 2.68453 -0.242402 -1.93378 1.15176 -0.652792 1.15316 0.869114 -3.23464 0.950993 179.193 178.622 -179.979 0.969779 0.321728 -0.391477 1.10825 1.95826 1.14504
-163.51 95.9726 49.7965 0.268971 0.480042 -2.66792 179.402 179.738 179.495 179.402 179.738 179.495 179.402 179.738 179.495 179.402 179.738 179.495 158.226 174.943 179.435 142.14 143.99 168.703 2.16054 5.21301 -8.50099 178.106 -178.876 -169.04 23.2062 5.80763 1.2103 38.6126 16.5775 6.8266 2.75332 19.7158 0.935421 11.1191 -3.08114 -5.55873 3.65103 -11.6098 -2.49765 179.516 176.802 179.448 177.258 -177.327 -179.347 1.05202 1.54359 -0.019712 2.68453 -0.242402 -1.93378 1.15176 -0.652792 1.15316 0.869114 -3.23464 0.950993 179.193 178.622 -179.979 0.969779 0.321728 -0.391477 1.10825 1.95826 1.14504
-163.513 95.9728 49.7975 0.269433 0.479455 -2.66359 179.41 179.733 179.493 179.41 179.733 179.493 179.41 179.733 179.493 179.41 179.733 179.493 158.205 174.975 179.435 142.121 143.999 168.736 2.14187 5.2094 -8.49073 178.096 -178.886 -169.017 23.1872 5.76182 1.2102 38.6401 16.5608 6.80517 2.75906 19.7353 0.925059 11.1126 -3.0815 -5.54897 3.60737 -11.7162 -2.50688 179.512 176.805 179.448 177.259 -177.326 -179.33 1.05203 1.54577 -0.0197121 2.68115 -0.244632 -1.95451 1.1518 -0.654501 1.15316 0.870968 -3.24013 0.965479 179.193 178.604 -179.979 0.963283 0.307516 -0.409386 1.10826 1.95784 1.14504
-163.513 95.9728 49.7975 0.269433 0.479455 -2.66359 179.41 179.733 179.493 179.41 179.733 179.493 179.41 179.733 179.493 179.41 179.733 179.493 158.205 174.975 179.435 142.121 143.999 168.736 2.14187 5.2094 -8.49073 178.096 -178.886 -169.017 23.1872 5.76182 1.2102 38.6401 16.5608 6.80517 2.75906 19.7353 0.925059 11.1138 -3.0815 -5.54897 3.60737 -11.7162 -2.50688 179.512 176.805 179.448 177.259 -177.326 -179.33 1.05203 1.54577 -0.0197121 2.68115 -0.244632 -1.95451 1.1518 -0.654501 1.15316 0.870968 -3.24013 0.965479 179.193 178.604 -179.979 0.963283 0.307516 -0.409386 1.10826 1.95784 1.14504
-163.513 95.9728 49.7975 0.269433 0.479455 -2.66359 179.41 179.733 179.493 179.41 179.733 179.493 179.41 179.733 179.493 179.41 179.733 179.493 158.205 174.975 179.435 142.121 143.999 168.736 2.14187 5.2094 -8.49073 178.097 -178.886 -169.017 23.1872 5.76182 1.2102 38.6401 16.5608 6.80517 2.75906 19.7353 0.925059 11.1149 -3.0815 -5.54897 3.60737 -11.7162 -2.50688 179.512 176.805 179.448 177.259 -177.326 -179.33 1.05203 1.54577 -0.0197121 2.68115 -0.244632 -1.95451 1.1518 -0.654501 1.15316 0.870968 -3.24013 0.965479 179.193 178.604 -179.979 0.963283 0.307516 -0.409386 1.10826 1.95784 1.14504
-163.513 95.9728 49.7975 0.269433 0.479455 -2.66359 179.41 179.733 179.493 179.41 179.733 179.493 179.41 179.733 179.493 179.41 179.733 179.493 158.205 174.975 179.435 142.121 143.999 168.736 2.14187 5.2094 -8.49073 178.097 -178.886 -169.017 23.1872 5.76182 1.2102 38.6401 16.5608 6.80517 2.75906 19.7353 0.925059 11.1161 -3.0815 -5.54897 3.60737 -11.7162 -2.50688 179.512 176.805 179.448 177.259 -177.326 -179.33 1.05203 1.54577 -0.0197121 2.68115 -0.244632 -1.95451 1.1518 -0.654501 1.15316 0.870968 -3.24013 0.965479 179.193 178.604 -179.979 0.963283 0.307516 -0.409386 1.10826 1.95784 1.14504
-163.515 95.9729 49.7965 0.270203 0.478607 -2.66346 179.418 179.724 179.492 179.418 179.724 179.492 179.418 179.724 179.492 179.418 179.724 179.492 158.181 175.035 179.435 142.096 144.007 168.779 2.12477 5.22024 -8.48435 178.043 -178.891 -168.97 23.1592 5.67266 1.21001 38.6955 16.4978 6.75589 2.75521 19.8269 0.926913 11.0744 -3.07084 -5.54128 3.5564 -11.8879 -2.50865 179.515 176.778 179.443 177.26 -177.325 -179.291 1.05203 1.54681 -0.0197121 2.67712 -0.24829 -1.99294 1.15197 -0.663046 1.15316 0.872033 -3.25103 0.993144 179.193 178.578 -179.979 0.960939 0.290113 -0.435713 1.1083 1.95586 1.14504
-163.515 95.9729 49.7965 0.270203 0.478607 -2.66346 179.418 179.724 179.492 179.418 179.724 179.492 179.418 179.724 179.492 179.418 179.724 179.492 158.181 175.035 179.435 142.096 144.007 168.779 2.12477 5.22024 -8.48435 178.043 -178.891 -168.97 23.1592 5.67266 1.21001 38.6955 16.4978 6.75589 2.75521 19.8269 0.926913 11.0756 -3.07084 -5.54128 3.5564 -11.8879 -2.50865 179.515 176.778 179.443 177.26 -177.325 -179.291 1.05203 1.54681 -0.0197121 2.67712 -0.24829 -1.99294 1.15197 -0.663046 1.15316 0.872033 -3.25103 0.993144 179.193 178.578 -179.979 0.960939 0.290113 -0.435713 1.1083 1.95586 1.14504
-163.515 95.9729 49.7965 0.270203 0.478607 -2.66346 179.418 179.724 179.492 179.418 179.724 179.492 179.418 179.724 179.492 179.418 179.724 179.492 158.181 175.035 179.435 142.096 144.007 168.779 2.12477 5.22024 -8.48435 178.044 -178.891 -168.97 23.1592 5.67266 1.21001 38.6955 16.4978 6.75589 2.75521 19.8269 0.926913 11.0767 -3.07084 -5.54128 3.5564 -11.8879 -2.50865 179.515 176.778 179.443 177.26 -177.325 -179.291 1.05203 1.54681 -0.0197121 2.67712 -0.24829 -1.99294 1.15197 -0.663046 1.15316 0.872033 -3.25103 0.993144 179.193 178.578 -179.979 0.960939 0.290113 -0.435713 1.1083 1.95586 1.14504
-163.515 95.973 49.7941 0.271251 0.479533 -2.66674 179.425 179.716 179.492 179.425 179.716 179.492 179.425 179.716 179.492 179.425 179.716 179.492 158.162 175.076 179.435 142.086 144.014 168.797 2.10877 5.22317 -8.47673 178.031 -178.9 -168.949 23.1285 5.59961 1.20986 38.7449 16.4624 6.72356 2.76236 19.8769 0.921151 11.0635 -3.07084 -5.53869 3.51812 -12.0467 -2.51287 179.513 176.766 179.442 177.26 -177.322 -179.26 1.05203 1.54798 -0.0197121 2.6739 -0.251413 -2.01952 1.15207 -0.668198 1.15317 0.871947 -3.26335 1.01069 179.193 178.557 -179.979 0.961549 0.277953 -0.448387 1.10831 1.955 1.14504
-163.515 95.973 49.7941 0.271251 0.479533 -2.66674 179.425 179.716 179.492 179.425 179.716 179.492 179.425 179.716 179.492 179.425 179.716 179.492 158.162 175.076 179.435 142.086 144.014 168.797 2.10877 5.22317 -8.47673 178.031 -178.9 -168.949 23.1285 5.59961 1.20986 38.7449 16.4624 6.72356 2.76236 19.8769 0.921151 11.0647 -3.07084 -5.53869 3.51812 -12.0467 -2.51287 179.513 176.766 179.442 177.26 -177.322 -179.26 1.05203 1.54798 -0.0197121 2.6739 -0.251413 -2.01952 1.15207 -0.668198 1.15317 0.871947 -3.26335 1.01069 179.193 178.557 -179.979 0.961549 0.277953 -0.448387 1.10831 1.955 1.14504
-163.515 95.973 49.7941 0.271251 0.479533 -2.66674 179.425 179.716 179.492 179.425 179.716 179.492 179.425 179.716 179.492 179.425 179.716 179.492 158.162 175.076 179.435 142.086 144.014 168.797 2.10877 5.22317 -8.47673 178.032 -178.9 -168.949 23.1285 5.59961 1.20986 38.7449 16.4624 6.72356 2.76236 19.8769 0.921151 11.0658 -3.07084 -5.53869 3.51812 -12.0467 -2.51287 179.513 176.766 179.442 177.26 -177.322 -179.26 1.05203 1.54798 -0.0197121 2.6739 -0.251413 -2.01952 1.15207 -0.668198 1.15317 0.871947 -3.26335 1.01069 179.193 178.557 -179.979 0.961549 0.277953 -0.448387 1.10831 1.955 1.14504
-163.514 95.9732 49.7896 0.272966 0.48175 -2.67363 179.432 179.705 179.494 179.432 179.705 179.494 179.432 179.705 179.494 179.432 179.705 179.494 158.145 175.125 179.435 142.079 144.02 168.809 2.09241 5.22984 -8.46896 178.021 -178.91 -168.931 23.0913 5.51213 1.20968 38.804 16.419 6.68802 2.77083 19.9388 0.916453 11.0516 -3.07185 -5.53828 3.47798 -12.2477 -2.51421 179.509 176.751 179.441 177.259 -177.317 -179.221 1.05203 1.54852 -0.0197121 2.67131 -0.254156 -2.0498 1.15221 -0.675178 1.15317 0.87091 -3.28072 1.03013 179.193 178.532 -179.979 0.964208 0.265654 -0.458991 1.10834 1.95396 1.14504
-163.514 95.9732 49.7896 0.272966 0.48175 -2.67363 179.432 179.705 179.494 179.432 179.705 179.494 179.432 179.705 179.494 179.432 179.705 179.494 158.145 175.125 179.435 142.079 144.02 168.809 2.09241 5.22984 -8.46896 178.021 -178.91 -168.931 23.0913 5.51213 1.20968 38.804 16.419 6.68802 2.77083 19.9388 0.916453 11.0528 -3.07185 -5.53828 3.47798 -12.2477 -2.51421 179.509 176.751 179.441 177.259 -177.317 -179.221 1.05203 1.54852 -0.0197121 2.67131 -0.254156 -2.0498 1.15221 -0.675178 1.15317 0.87091 -3.28072 1.03013 179.193 178.532 -179.979 0.964208 0.265654 -0.458991 1.10834 1.95396 1.14504
-163.513 95.9733 49.7853 0.274589 0.484345 -2.68049 179.437 179.696 179.496 179.437 179.696 179.496 179.437 179.696 179.496 179.437 179.696 179.496 158.134 175.161 179.436 142.074 144.025 168.812 2.08129 5.23758 -8.46391 178.014 -178.916 -168.919 23.0633 5.44642 1.20955 38.8491 16.3781 6.66263 2.77627 19.9934 0.914961 11.0435 -3.07293 -5.53935 3.45023 -12.4081 -2.512 179.507 176.739 179.439 177.258 -177.313 -179.192 1.05203 1.54842 -0.0197121 2.67016 -0.255405 -2.07113 1.15233 -0.681234 1.15317 0.869606 -3.29585 1.04403 179.193 178.513 -179.979 0.966961 0.25745 -0.464572 1.10835 1.95317 1.14504
-163.513 95.9733 49.7853 0.274589 0.484345 -2.68049 179.437 179.696 179.496 179.437 179.696 179.496 179.437 179.696 179.496 179.437 179.696 179.496 158.134 175.161 179.436 142.074 144.025 168.812 2.08129 5.23758 -8.46391 178.014 -178.916 -168.919 23.0633 5.44642 1.20955 38.8491 16.3781 6.66263 2.77627 19.9934 0.914961 11.0446 -3.07293 -5.53935 3.45023 -12.4081 -2.512 179.507 176.739 179.439 177.258 -177.313 -179.192 1.05203 1.54842 -0.0197121 2.67016 -0.255405 -2.07113 1.15233 -0.681234 1.15317 0.869606 -3.29585 1.04403 179.193 178.513 -179.979 0.966961 0.25745 -0.464572 1.10835 1.95317 1.14504
-163.512 95.9735 49.7798 0.276644 0.48831 -2.68933 179.442 179.687 179.498 179.442 179.687 179.498 179.442 179.687 179.498 179.442 179.687 179.498 158.125 175.199 179.436 142.071 144.031 168.811 2.06966 5.24704 -8.45869 178.01 -178.923 -168.911 23.0326 5.37714 1.20941 38.8963 16.3376 6.63914 2.78352 20.0462 0.913005 11.0385 -3.07544 -5.54124 3.42155 -12.5911 -2.50852 179.504 176.728 179.437 177.256 -177.306 -179.162 1.05203 1.54819 -0.0197121 2.66951 -0.256004 -2.09108 1.15246 -0.687363 1.15317 0.86778 -3.3142 1.05803 179.193 178.492 -179.979 0.970328 0.249715 -0.468197 1.10836 1.95251 1.14504
-163.512 95.9735 49.7798 0.276644 0.48831 -2.68933 179.442 179.687 179.498 179.442 179.687 179.498 179.442 179.687 179.498 179.442 179.687 179.498 158.125 175.199 179.436 142.071 144.031 168.811 2.06966 5.24704 -8.45869 178.01 -178.923 -168.911 23.0326 5.37714 1.20941 38.8963 16.3376 6.63914 2.78352 20.0462 0.913005 11.0396 -3.07544 -5.54124 3.42155 -12.5911 -2.50852 179.504 176.728 179.437 177.256 -177.306 -179.162 1.05203 1.54819 -0.0197121 2.66951 -0.256004 -2.09108 1.15246 -0.687363 1.15317 0.86778 -3.3142 1.05803 179.193 178.492 -179.979 0.970328 0.249715 -0.468197 1.10836 1.95251 1.14504
-163.51 95.9737 49.773 0.279169 0.493932 -2.7003 179.447 179.675 179.501 179.447 179.675 179.501 179.447 179.675 179.501 179.447 179.675 179.501 158.117 175.24 179.436 142.069 144.038 168.804 2.05768 5.25904 -8.4532 178.008 -178.93 -168.904 22.9993 5.3037 1.20926 38.9455 16.2971 6.61737 2.79214 20.0985 0.911003 11.0362 -3.0791 -5.54377 3.39187 -12.799 -2.50314 179.5 176.717 179.436 177.254 -177.297 -179.132 1.05203 1.5478 -0.0197121 2.66941 -0.255765 -2.10885 1.15259 -0.693837 1.15317 0.865416 -3.33631 1.07238 179.193 178.471 -179.979 0.974206 0.242404 -0.470033 1.10838 1.95192 1.14504
-163.51 95.9737 49.773 0.279169 0.493932 -2.7003 179.447 179.675 179.501 179.447 179.675 179.501 179.447 179.675 179.501 179.447 179.675 179.501 158.117 175.24 179.436 142.069 144.038 168.804 2.05768 5.25904 -8.4532 178.008 -178.93 -168.904 22.9993 5.3037 1.20926 38.9455 16.2971 6.61737 2.79214 20.0985 0.911003 11.0373 -3.0791 -5.54377 3.39187 -12.799 -2.50314 179.5 176.717 179.436 177.254 -177.297 -179.132 1.05203 1.5478 -0.0197121 2.66941 -0.255765 -2.10885 1.15259 -0.693837 1.15317 0.865416 -3.33631 1.07238 179.193 178.471 -179.979 0.974206 0.242404 -0.470033 1.10838 1.95192 1.14504
-163.508 95.9739 49.7647 0.282178 0.501537 -2.7135 179.452 179.663 179.504 179.452 179.663 179.504 179.452 179.663 179.504 179.452 179.663 179.504 158.112 175.284 179.436 142.068 144.046 168.792 2.0455 5.27404 -8.44727 178.007 -178.937 -168.899 22.9639 5.22648 1.20911 38.996 16.2564 6.59784 2.80185 20.1503 0.909158 11.0366 -3.0837 -5.54678 3.36114 -13.0331 -2.49537 179.497 176.706 179.435 177.251 -177.286 -179.103 1.05203 1.54731 -0.0197121 2.66984 -0.254549 -2.12295 1.15273 -0.700736 1.15317 0.862523 -3.36255 1.08707 179.193 178.447 -179.979 0.978468 0.23566 -0.470001 1.10839 1.95134 1.14503
-163.508 95.9739 49.7647 0.282178 0.501537 -2.7135 179.452 179.663 179.504 179.452 179.663 179.504 179.452 179.663 179.504 179.452 179.663 179.504 158.112 175.284 179.436 142.068 144.046 168.792 2.0455 5.27404 -8.44727 178.007 -178.937 -168.899 22.9639 5.22648 1.20911 38.996 16.2564 6.59784 2.80185 20.1503 0.909158 11.0377 -3.0837 -5.54678 3.36114 -13.0331 -2.49537 179.497 176.706 179.435 177.251 -177.286 -179.103 1.05203 1.54731 -0.0197121 2.66984 -0.254549 -2.12295 1.15273 -0.700736 1.15317 0.862523 -3.36255 1.08707 179.193 178.447 -179.979 0.978468 0.23566 -0.470001 1.10839 1.95134 1.14503
-163.505 95.9741 49.7548 0.285664 0.511409 -2.729 179.457 179.649 179.508 179.457 179.649 179.508 179.457 179.649 179.508 179.457 179.649 179.508 158.109 175.331 179.436 142.067 144.055 168.775 2.03328 5.29238 -8.44073 178.006 -178.945 -168.896 22.9265 5.14585 1.20896 39.0471 16.216 6.58106 2.81242 20.2014 0.907566 11.0395 -3.08908 -5.55007 3.32935 -13.2945 -2.48488 179.492 176.696 179.434 177.247 -177.272 -179.078 1.05203 1.54682 -0.0197121 2.67073 -0.252255 -2.13176 1.15287 -0.708092 1.15318 0.859133 -3.39319 1.10204 179.193 178.422 -179.979 0.982979 0.229673 -0.468032 1.1084 1.95069 1.14503
-163.504 95.9743 49.7494 0.287624 0.518822 -2.73765 179.459 179.644 179.51 179.459 179.644 179.51 179.459 179.644 179.51 179.459 179.644 179.51 158.109 175.345 179.436 142.069 144.059 168.762 2.0267 5.29621 -8.4358 178.005 -178.948 -168.894 22.9095 5.12106 1.20891 39.0645 16.2047 6.58325 2.82317 20.2099 0.902799 11.0404 -3.0921 -5.55077 3.31601 -13.402 -2.48336 179.489 176.722 179.436 177.245 -177.262 -179.07 1.05203 1.54587 -0.0197121 2.67114 -0.250199 -2.13057 1.1529 -0.709206 1.15318 0.857286 -3.41005 1.10788 179.193 178.413 -179.979 0.985078 0.229037 -0.464545 1.1084 1.9506 1.14503
-163.502 95.9744 49.7434 0.289602 0.523718 -2.74684 179.462 179.634 179.513 179.462 179.634 179.513 179.462 179.634 179.513 179.462 179.634 179.513 158.109 175.381 179.436 142.067 144.066 168.752 2.02123 5.31513 -8.43351 178.004 -178.953 -168.893 22.8877 5.06147 1.2088 39.0988 16.1731 6.56664 2.82292 20.255 0.906866 11.0452 -3.09495 -5.55366 3.29652 -13.5842 -2.47064 179.488 176.686 179.433 177.243 -177.254 -179.057 1.05203 1.5464 -0.0197121 2.67201 -0.24884 -2.13387 1.15304 -0.716225 1.15318 0.855299 -3.42848 1.11746 179.193 178.395 -179.979 0.987604 0.224421 -0.464289 1.10842 1.94981 1.14503
-163.5 95.9745 49.7371 0.291726 0.531303 -2.75662 179.464 179.627 179.516 179.464 179.627 179.516 179.464 179.627 179.516 179.464 179.627 179.516 158.11 175.403 179.436 142.069 144.071 168.736 2.01427 5.32439 -8.4285 178.003 -178.957 -168.893 22.8674 5.02382 1.20873 39.1226 16.1561 6.56473 2.83198 20.2724 0.903508 11.0469 -3.09904 -5.55445 3.28018 -13.7291 -2.46534 179.485 176.694 179.435 177.24 -177.244 -179.049 1.05203 1.54599 -0.0197121 2.67273 -0.246544 -2.13147 1.15309 -0.718974 1.15318 0.853247 -3.44765 1.1245 179.193 178.383 -179.979 0.98983 0.223015 -0.460949 1.10843 1.94947 1.14503
-163.498 95.9747 49.7304 0.293934 0.5392 -2.76697 179.467 179.619 179.519 179.467 179.619 179.519 179.467 179.619 179.519 179.467 179.619 179.519 158.111 175.429 179.436 142.07 144.076 168.72 2.00782 5.33586 -8.4238 178.002 -178.961 -168.892 22.8469 4.98148 1.20865 39.1473 16.1393 6.56128 2.83942 20.2919 0.901778 11.0492 -3.10197 -5.55559 3.26315 -13.8887 -2.45857 179.482 176.693 179.437 177.238 -177.233 -179.043 1.05203 1.54576 -0.0197121 2.67355 -0.244079 -2.12753 1.15316 -0.722343 1.15318 0.851115 -3.46798 1.13209 179.193 178.37 -179.979 0.992064 0.221416 -0.457621 1.10844 1.94897 1.14503
-163.496 95.9748 49.7233 0.296221 0.547691 -2.77787 179.469 179.61 179.522 179.469 179.61 179.522 179.469 179.61 179.522 179.469 179.61 179.522 158.113 175.456 179.436 142.07 144.082 168.703 2.00163 5.34886 -8.41899 178 -178.964 -168.892 22.8261 4.93744 1.20857 39.1721 16.1227 6.55809 2.84628 20.3126 0.900533 11.0519 -3.10487 -5.55673 3.2458 -14.0565 -2.45053 179.479 176.691 179.438 177.236 -177.221 -179.038 1.05203 1.54549 -0.0197121 2.67443 -0.241311 -2.12147 1.15324 -0.72613 1.15318 0.84892 -3.48929 1.13985 179.193 178.357 -179.979 0.994239 0.220169 -0.453953 1.10845 1.94833 1.14503
-163.494 95.9749 49.7159 0.298576 0.556813 -2.78931 179.471 179.601 179.525 179.471 179.601 179.525 179.471 179.601 179.525 179.471 179.601 179.525 158.116 175.484 179.436 142.071 144.088 168.685 1.99558 5.36302 -8.41396 177.997 -178.968 -168.891 22.8051 4.89246 1.20849 39.1968 16.1061 6.55561 2.85279 20.3337 0.899537 11.055 -3.10779 -5.55783 3.22821 -14.2312 -2.44131 179.477 176.688 179.44 177.233 -177.209 -179.034 1.05203 1.54519 -0.0197121 2.67536 -0.238236 -2.11309 1.15332 -0.730209 1.15318 0.846677 -3.51154 1.14768 179.193 178.343 -179.979 0.996322 0.219372 -0.449851 1.10846 1.94752 1.14503
-163.492 95.9751 49.7081 0.300988 0.566561 -2.80127 179.474 179.591 179.528 179.474 179.591 179.528 179.474 179.591 179.528 179.474 179.591 179.528 158.12 175.513 179.436 142.071 144.094 168.666 1.98962 5.3782 -8.40868 177.995 -178.972 -168.891 22.7838 4.84677 1.20841 39.2213 16.0895 6.55401 2.85909 20.3551 0.898664 11.0586 -3.11073 -5.55887 3.21039 -14.4123 -2.43103 179.474 176.685 179.441 177.23 -177.196 -179.033 1.05203 1.54482 -0.0197121 2.67633 -0.234851 -2.10232 1.15341 -0.734506 1.15318 0.844403 -3.53465 1.15553 179.193 178.33 -179.979 0.998286 0.21908 -0.445304 1.10848 1.94654 1.14503
-163.49 95.9752 49.7 0.303427 0.576266 -2.8137 179.476 179.581 179.531 179.476 179.581 179.531 179.476 179.581 179.531 179.476 179.581 179.531 158.124 175.548 179.436 142.069 144.104 168.648 1.98624 5.40319 -8.4053 177.99 -178.976 -168.89 22.7629 4.79259 1.20831 39.2487 16.0645 6.54753 2.85788 20.3948 0.903403 11.0701 -3.1139 -5.562 3.19167 -14.6146 -2.41063 179.472 176.663 179.433 177.228 -177.182 -179.036 1.05203 1.54489 -0.0197121 2.67729 -0.231333 -2.08692 1.15357 -0.74255 1.15318 0.842104 -3.55849 1.16404 179.193 178.316 -179.979 1.00018 0.218564 -0.440981 1.10853 1.94436 1.14503
-163.488 95.9753 49.6915 0.30592 0.58773 -2.82661 179.479 179.572 179.535 179.479 179.572 179.535 179.479 179.572 179.535 179.479 179.572 179.535 158.129 175.574 179.436 142.071 144.111 168.624 1.97896 5.41631 -8.39837 177.986 -178.979 -168.89 22.7411 4.75176 1.20824 39.2711 16.0493 6.55142 2.86676 20.4103 0.900168 11.0737 -3.11796 -5.56228 3.17397 -14.7953 -2.4013 179.469 176.677 179.436 177.225 -177.168 -179.037 1.05203 1.54387 -0.019712 2.67835 -0.227156 -2.07292 1.15363 -0.745711 1.15319 0.839834 -3.58305 1.17146 179.193 178.305 -179.979 1.00175 0.220158 -0.435105 1.10855 1.94336 1.14503
-163.485 95.9754 49.6828 0.30842 0.59932 -2.83995 179.481 179.561 179.539 179.481 179.561 179.539 179.481 179.561 179.539 179.481 179.561 179.539 158.134 175.604 179.436 142.072 144.117 168.6 1.97265 5.43211 -8.39181 177.983 -178.983 -168.89 22.7191 4.70575 1.20816 39.2943 16.0349 6.55382 2.87391 20.428 0.898254 11.0777 -3.1208 -5.56274 3.15572 -14.9914 -2.39022 179.465 176.678 179.439 177.222 -177.152 -179.041 1.05202 1.54306 -0.019712 2.6794 -0.222809 -2.05534 1.15371 -0.749568 1.15319 0.83758 -3.60825 1.17922 179.193 178.294 -179.979 1.00318 0.221776 -0.429187 1.10858 1.94197 1.14503
-163.483 95.9755 49.6738 0.310917 0.611364 -2.85367 179.483 179.55 179.543 179.483 179.55 179.543 179.483 179.55 179.543 179.483 179.55 179.543 158.141 175.636 179.436 142.073 144.124 168.576 1.9667 5.44951 -8.3852 177.979 -178.987 -168.89 22.697 4.65801 1.20808 39.3175 16.0211 6.55647 2.88031 20.4467 0.896653 11.0818 -3.12353 -5.56315 3.1373 -15.1944 -2.37778 179.462 176.677 179.442 177.22 -177.137 -179.048 1.05202 1.5421 -0.019712 2.68048 -0.218144 -2.03514 1.1538 -0.753869 1.15319 0.83537 -3.63389 1.18708 179.193 178.283 -179.979 1.00438 0.224061 -0.423008 1.10861 1.94023 1.14503
-163.48 95.9757 49.6645 0.313374 0.623178 -2.86771 179.486 179.538 179.546 179.486 179.538 179.546 179.486 179.538 179.546 179.486 179.538 179.546 158.148 175.675 179.436 142.07 144.134 168.554 1.96394 5.47793 -8.38083 177.971 -178.989 -168.888 22.6751 4.60107 1.20798 39.3435 16.0021 6.55434 2.87959 20.4812 0.900004 11.0933 -3.12658 -5.56538 3.11802 -15.419 -2.35413 179.46 176.654 179.434 177.217 -177.121 -179.061 1.05202 1.54167 -0.019712 2.68147 -0.213338 -2.00812 1.15396 -0.762126 1.15319 0.833213 -3.65971 1.19532 179.193 178.271 -179.979 1.00539 0.226408 -0.416915 1.10869 1.93639 1.14502
-163.478 95.9758 49.655 0.315843 0.636725 -2.88213 179.488 179.528 179.55 179.488 179.528 179.55 179.488 179.528 179.55 179.488 179.528 179.55 158.155 175.704 179.436 142.073 144.142 168.525 1.95643 5.49294 -8.37273 177.967 -178.992 -168.888 22.6528 4.55822 1.20791 39.3646 15.9887 6.56204 2.88803 20.4954 0.896184 11.097 -3.13014 -5.56515 3.09999 -15.6178 -2.34272 179.456 176.67 179.438 177.214 -177.104 -179.068 1.05202 1.53953 -0.019712 2.68268 -0.207832 -1.98694 1.15403 -0.765433 1.15319 0.831167 -3.686 1.20292 179.193 178.263 -179.979 1.006 0.230944 -0.409824 1.10872 1.93466 1.14502
-163.476 95.976 49.6452 0.318253 0.650228 -2.89679 179.491 179.516 179.555 179.491 179.516 179.555 179.491 179.516 179.555 179.491 179.516 179.555 158.163 175.738 179.436 142.074 144.149 168.497 1.9501 5.51077 -8.36511 177.963 -178.996 -168.889 22.6303 4.51015 1.20783 39.3867 15.9764 6.56828 2.89469 20.5119 0.893446 11.1007 -3.13249 -5.56507 3.08162 -15.8311 -2.32945 179.453 176.672 179.441 177.212 -177.087 -179.079 1.05202 1.53755 -0.019712 2.68385 -0.202121 -1.96139 1.15411 -0.769472 1.15319 0.829214 -3.71241 1.21069 179.193 178.255 -179.979 1.00635 0.235768 -0.402665 1.10877 1.93233 1.14502
-163.473 95.9761 49.6353 0.320568 0.663317 -2.91163 179.493 179.503 179.559 179.493 179.503 179.559 179.493 179.503 179.559 179.493 179.503 179.559 158.173 175.779 179.436 142.071 144.158 168.472 1.94737 5.54019 -8.35995 177.955 -178.998 -168.888 22.6079 4.45191 1.20773 39.4116 15.9612 6.56947 2.8945 20.5428 0.895272 11.1105 -3.13493 -5.56656 3.06249 -16.0669 -2.30465 179.45 176.649 179.435 177.209 -177.07 -179.098 1.05202 1.53615 -0.019712 2.68489 -0.196253 -1.92756 1.15427 -0.777536 1.15319 0.827371 -3.73851 1.21863 179.193 178.247 -179.979 1.00644 0.240869 -0.395524 1.10887 1.92707 1.14502
-163.471 95.9763 49.6252 0.322868 0.678094 -2.92673 179.495 179.491 179.563 179.495 179.491 179.563 179.495 179.491 179.563 179.495 179.491 179.563 158.182 175.811 179.436 142.073 144.166 168.441 1.93965 5.55604 -8.3512 177.951 -179 -168.888 22.5854 4.40786 1.20766 39.4319 15.9491 6.5799 2.90254 20.5563 0.890638 11.1136 -3.13788 -5.56607 3.04477 -16.2745 -2.29223 179.447 176.666 179.439 177.207 -177.053 -179.109 1.05202 1.53272 -0.0197119 2.68623 -0.189679 -1.90238 1.15434 -0.780858 1.15319 0.825695 -3.765 1.22628 179.193 178.242 -179.979 1.00608 0.248076 -0.387829 1.10892 1.92469 1.14502
-163.469 95.9765 49.615 0.325064 0.69272 -2.94193 179.498 179.478 179.567 179.498 179.478 179.567 179.498 179.478 179.567 179.498 179.478 179.567 158.192 175.847 179.436 142.074 144.172 168.41 1.93321 5.57477 -8.34303 177.947 -179.003 -168.889 22.5627 4.35863 1.20758 39.4533 15.9381 6.58885 2.90879 20.5723 0.886946 11.1167 -3.13965 -5.56577 3.02692 -16.4955 -2.27788 179.443 176.669 179.443 177.205 -177.035 -179.123 1.05202 1.52936 -0.0197119 2.68753 -0.182861 -1.87268 1.15442 -0.784939 1.1532 0.824165 -3.79121 1.23395 179.193 178.238 -179.979 1.00542 0.255776 -0.38005 1.10898 1.92152 1.14501
-163.466 95.9766 49.6045 0.327118 0.706836 -2.95715 179.5 179.464 179.572 179.5 179.464 179.572 179.5 179.464 179.572 179.5 179.464 179.572 158.203 175.891 179.436 142.07 144.181 168.384 1.93046 5.60512 -8.3374 177.941 -179.005 -168.889 22.5401 4.29921 1.20748 39.4774 15.9251 6.59281 2.90848 20.6017 0.887483 11.1243 -3.14119 -5.56685 3.00853 -16.7377 -2.25168 179.44 176.647 179.436 177.202 -177.018 -179.147 1.05202 1.52655 -0.0197119 2.68867 -0.175846 -1.83425 1.15459 -0.793079 1.1532 0.822793 -3.81669 1.2415 179.193 178.234 -179.979 1.00443 0.264022 -0.37214 1.10912 1.91449 1.14501
-163.464 95.9769 49.594 0.329139 0.722626 -2.97251 179.502 179.451 179.576 179.502 179.451 179.576 179.502 179.451 179.576 179.502 179.451 179.576 158.214 175.925 179.436 142.072 144.188 168.35 1.92254 5.62155 -8.3283 177.938 -179.007 -168.889 22.5176 4.25427 1.20741 39.4971 15.9139 6.60573 2.91609 20.6152 0.881822 11.1266 -3.14343 -5.5664 2.99172 -16.9492 -2.23848 179.436 176.664 179.44 177.201 -176.999 -179.159 1.05202 1.52151 -0.0197118 2.69017 -0.168144 -1.80676 1.15465 -0.796426 1.1532 0.821631 -3.84261 1.24907 179.193 178.234 -179.979 1.00301 0.274167 -0.36409 1.10919 1.91138 1.14501
-163.462 95.9771 49.5833 0.33102 0.7382 -2.98781 179.505 179.437 179.581 179.505 179.437 179.581 179.505 179.437 179.581 179.505 179.437 179.581 158.226 175.964 179.436 142.073 144.195 168.318 1.91597 5.64083 -8.31985 177.935 -179.009 -168.891 22.4949 4.20426 1.20733 39.5179 15.9036 6.61716 2.92188 20.6313 0.87703 11.1287 -3.14447 -5.56622 2.97504 -17.1727 -2.22343 179.433 176.667 179.444 177.199 -176.981 -179.176 1.05202 1.51647 -0.0197118 2.69162 -0.16016 -1.77496 1.15474 -0.800527 1.1532 0.820653 -3.86794 1.25646 179.193 178.234 -179.979 1.00124 0.284991 -0.355918 1.10927 1.90728 1.14501
-163.46 95.9774 49.5724 0.332725 0.753218 -3.00297 179.507 179.422 179.585 179.507 179.422 179.585 179.507 179.422 179.585 179.507 179.422 179.585 158.24 176.011 179.436 142.068 144.203 168.29 1.91307 5.6715 -8.31397 177.931 -179.01 -168.892 22.4723 4.14425 1.20724 39.5415 15.8915 6.62361 2.92128 20.6605 0.876297 11.1336 -3.14482 -5.56727 2.95812 -17.4156 -2.19649 179.43 176.645 179.437 177.197 -176.964 -179.201 1.05201 1.51193 -0.0197118 2.6929 -0.151945 -1.73471 1.1549 -0.808682 1.1532 0.819867 -3.89221 1.26341 179.193 178.236 -179.979 0.999143 0.296595 -0.347436 1.10945 1.89833 1.145
-163.458 95.9777 49.5615 0.334389 0.769909 -3.01813 179.509 179.409 179.589 179.509 179.409 179.589 179.509 179.409 179.589 179.509 179.409 179.589 158.253 176.047 179.436 142.07 144.21 168.255 1.90501 5.68819 -8.30476 177.93 -179.012 -168.893 22.4499 4.09876 1.20717 39.5608 15.8807 6.63881 2.92848 20.6744 0.86947 11.135 -3.14622 -5.56723 2.94286 -17.6262 -2.18294 179.426 176.663 179.441 177.196 -176.945 -179.214 1.05201 1.50515 -0.0197117 2.69458 -0.143089 -1.70676 1.15497 -0.812026 1.1532 0.819311 -3.9171 1.27065 179.193 178.24 -179.979 0.996642 0.309778 -0.339214 1.10953 1.89443 1.145
-163.456 95.978 49.5504 0.335891 0.786365 -3.03309 179.511 179.394 179.594 179.511 179.394 179.594 179.511 179.394 179.594 179.511 179.394 179.594 158.267 176.088 179.436 142.07 144.216 168.221 1.89835 5.70771 -8.29627 177.929 -179.014 -168.895 22.4273 4.04837 1.2071 39.5814 15.8707 6.65249 2.93381 20.6911 0.863512 11.136 -3.14638 -5.56754 2.92804 -17.847 -2.16766 179.423 176.666 179.445 177.194 -176.927 -179.231 1.05201 1.49834 -0.0197116 2.6962 -0.133935 -1.67506 1.15505 -0.816115 1.1532 0.818961 -3.9412 1.27749 179.193 178.245 -179.979 0.993816 0.323777 -0.330797 1.10963 1.88937 1.14499
-163.454 95.9784 49.5391 0.337197 0.802268 -3.04775 179.513 179.378 179.598 179.513 179.378 179.598 179.513 179.378 179.598 179.513 179.378 179.598 158.282 176.138 179.436 142.065 144.223 168.192 1.89526 5.73821 -8.29031 177.929 -179.015 -168.897 22.4049 3.9883 1.20701 39.6047 15.8584 6.66116 2.93282 20.7211 0.861599 11.1378 -3.14532 -5.56896 2.91334 -18.0852 -2.14079 179.42 176.644 179.438 177.193 -176.909 -179.256 1.05201 1.49201 -0.0197116 2.69764 -0.12454 -1.63579 1.15521 -0.824237 1.15321 0.818814 -3.96404 1.2835 179.193 178.252 -179.979 0.990665 0.338725 -0.321835 1.10985 1.87843 1.14499
-163.453 95.9788 49.5277 0.338467 0.81984 -3.06227 179.516 179.364 179.602 179.516 179.364 179.602 179.516 179.364 179.602 179.516 179.364 179.602 158.297 176.176 179.436 142.066 144.229 168.156 1.88719 5.75493 -8.2812 177.929 -179.016 -168.899 22.3826 3.94253 1.20694 39.6239 15.8476 6.67843 2.93963 20.7358 0.853575 11.1381 -3.14578 -5.56967 2.9003 -18.2901 -2.1273 179.416 176.661 179.442 177.193 -176.89 -179.268 1.052 1.48362 -0.0197115 2.69946 -0.11458 -1.60918 1.15528 -0.827564 1.15321 0.818898 -3.98777 1.29007 179.193 178.261 -179.979 0.987202 0.354851 -0.313537 1.10994 1.87374 1.14498
-163.451 95.9793 49.5161 0.339567 0.83719 -3.07642 179.518 179.349 179.607 179.518 179.349 179.607 179.518 179.349 179.607 179.518 179.349 179.607 158.313 176.219 179.436 142.066 144.235 168.121 1.88056 5.77446 -8.27284 177.93 -179.017 -168.901 22.3602 3.89208 1.20687 39.6443 15.8375 6.69415 2.9445 20.7535 0.846488 11.1378 -3.14494 -5.57082 2.88796 -18.5034 -2.11224 179.413 176.664 179.446 177.192 -176.871 -179.284 1.052 1.47525 -0.0197114 2.70121 -0.10434 -1.57961 1.15536 -0.831634 1.15321 0.819184 -4.01063 1.29597 179.193 178.272 -179.979 0.983459 0.371865 -0.304923 1.11006 1.86772 1.14498
-163.45 95.9797 49.5044 0.340528 0.854766 -3.09021 179.52 179.333 179.611 179.52 179.333 179.611 179.52 179.333 179.611 179.52 179.333 179.611 158.33 176.264 179.436 142.064 144.24 168.087 1.87441 5.79517 -8.26484 177.931 -179.018 -168.904 22.3379 3.84044 1.2068 39.665 15.8275 6.70978 2.94854 20.7729 0.839526 11.1368 -3.14366 -5.57234 2.87654 -18.7152 -2.09636 179.409 176.665 179.448 177.192 -176.852 -179.3 1.052 1.46657 -0.0197113 2.70295 -0.0937907 -1.55014 1.15545 -0.836143 1.15321 0.819673 -4.03302 1.30136 179.193 178.283 -179.979 0.979456 0.389822 -0.296162 1.1102 1.86072 1.14497
-163.448 95.9802 49.4925 0.341296 0.871904 -3.10351 179.521 179.317 179.615 179.521 179.317 179.615 179.521 179.317 179.615 179.521 179.317 179.615 158.348 176.317 179.436 142.058 144.246 168.058 1.87146 5.82601 -8.25917 177.936 -179.02 -168.907 22.3158 3.78049 1.20671 39.6886 15.8131 6.72072 2.94632 20.8066 0.836709 11.1341 -3.14043 -5.57483 2.86575 -18.9398 -2.06934 179.407 176.643 179.439 177.192 -176.833 -179.321 1.052 1.45833 -0.0197113 2.70454 -0.0830435 -1.51559 1.15563 -0.844717 1.15321 0.820352 -4.05417 1.30538 179.193 178.297 -179.979 0.975184 0.408818 -0.2865 1.11049 1.84644 1.14497
-163.447 95.9808 49.4804 0.34205 0.890685 -3.1165 179.523 179.301 179.619 179.523 179.301 179.619 179.523 179.301 179.619 179.523 179.301 179.619 158.365 176.357 179.436 142.059 144.252 168.02 1.86365 5.8427 -8.25039 177.938 -179.021 -168.909 22.2937 3.7346 1.20665 39.7079 15.8018 6.74043 2.9526 20.823 0.827258 11.1328 -3.1396 -5.57692 2.85643 -19.1308 -2.05622 179.404 176.659 179.443 177.192 -176.813 -179.331 1.05199 1.44844 -0.0197112 2.70643 -0.0718534 -1.49305 1.15569 -0.848117 1.15321 0.821229 -4.07662 1.31038 179.193 178.312 -179.979 0.970769 0.428399 -0.278116 1.1106 1.84063 1.14496
-163.446 95.9813 49.468 0.342647 0.909288 -3.12894 179.525 179.285 179.623 179.525 179.285 179.623 179.525 179.285 179.623 179.525 179.285 179.623 158.384 176.403 179.436 142.058 144.257 167.984 1.85734 5.86211 -8.24235 177.94 -179.021 -168.912 22.2716 3.68434 1.20658 39.7285 15.7911 6.75855 2.9568 20.8425 0.818934 11.1307 -3.1374 -5.57951 2.84815 -19.3277 -2.04188 179.4 176.662 179.446 177.192 -176.793 -179.343 1.05199 1.43877 -0.0197111 2.70821 -0.0604785 -1.46873 1.15578 -0.852245 1.15322 0.822278 -4.09824 1.3143 179.193 178.328 -179.979 0.966162 0.448854 -0.269193 1.11075 1.83332 1.14496
-163.445 95.9819 49.4554 0.343125 0.928133 -3.14084 179.527 179.269 179.626 179.527 179.269 179.626 179.527 179.269 179.626 179.527 179.269 179.626 158.404 176.449 179.436 142.056 144.262 167.948 1.85159 5.88259 -8.23467 177.944 -179.021 -168.914 22.2494 3.63299 1.20651 39.7495 15.7802 6.77652 2.96018 20.8637 0.810827 11.1277 -3.13473 -5.58247 2.84094 -19.5215 -2.027 179.397 176.662 179.448 177.193 -176.772 -179.354 1.05199 1.42906 -0.019711 2.70995 -0.0489083 -1.4452 1.15587 -0.856818 1.15322 0.823488 -4.11957 1.31747 179.193 178.346 -179.979 0.961408 0.470055 -0.260045 1.11092 1.82496 1.14495
-163.444 95.9826 49.4426 0.343498 0.94728 -3.15218 179.528 179.252 179.63 179.528 179.252 179.63 179.528 179.252 179.63 179.528 179.252 179.63 158.424 176.497 179.436 142.054 144.267 167.912 1.84613 5.9035 -8.22718 177.948 -179.022 -168.917 22.2274 3.58139 1.20644 39.7707 15.769 6.7948 2.96311 20.8862 0.802705 11.124 -3.13165 -5.58579 2.83481 -19.7104 -2.01188 179.394 176.662 179.449 177.193 -176.751 -179.365 1.05198 1.41933 -0.0197109 2.71164 -0.0371697 -1.42318 1.15597 -0.861671 1.15322 0.824849 -4.14073 1.31993 179.193 178.364 -179.979 0.956537 0.491922 -0.250753 1.1111 1.81583 1.14495
-163.443 95.9832 49.4296 0.343775 0.966742 -3.16292 179.53 179.235 179.633 179.53 179.235 179.633 179.53 179.235 179.633 179.53 179.235 179.633 158.445 176.545 179.437 142.052 144.272 167.876 1.84088 5.92454 -8.21983 177.952 -179.022 -168.919 22.2053 3.5298 1.20637 39.7921 15.7572 6.81351 2.96576 20.9094 0.794496 11.1197 -3.1282 -5.58943 2.82977 -19.8937 -1.99676 179.391 176.662 179.449 177.194 -176.729 -179.375 1.05198 1.40964 -0.0197109 2.71328 -0.0252961 -1.40287 1.15607 -0.866712 1.15322 0.826345 -4.16179 1.32166 179.193 178.384 -179.979 0.951578 0.514389 -0.241333 1.11129 1.80611 1.14494
-163.442 95.9839 49.4162 0.343965 0.986517 -3.17303 179.531 179.218 179.637 179.531 179.218 179.637 179.531 179.218 179.637 179.531 179.218 179.637 158.466 176.593 179.437 142.049 144.277 167.839 1.83584 5.9456 -8.21259 177.957 -179.022 -168.922 22.1833 3.47826 1.20631 39.8137 15.7449 6.83268 2.96822 20.9333 0.786184 11.1148 -3.1244 -5.59337 2.82579 -20.0712 -1.98183 179.389 176.661 179.449 177.195 -176.707 -179.383 1.05198 1.40007 -0.0197108 2.71486 -0.0133229 -1.38433 1.15617 -0.871889 1.15322 0.827965 -4.18283 1.32265 179.193 178.404 -179.979 0.946555 0.537391 -0.23179 1.1115 1.79591 1.14493
-163.441 95.9846 49.4026 0.344078 1.0066 -3.1825 179.532 179.2 179.64 179.532 179.2 179.64 179.532 179.2 179.64 179.532 179.2 179.64 158.488 176.642 179.437 142.047 144.283 167.802 1.83102 5.96659 -8.20545 177.962 -179.022 -168.924 22.1613 3.4268 1.20624 39.8354 15.7321 6.8523 2.97052 20.9576 0.777781 11.1093 -3.12026 -5.59757 2.82286 -20.2427 -1.96721 179.386 176.66 179.449 177.196 -176.683 -179.391 1.05197 1.3907 -0.0197107 2.71635 -0.0012851 -1.36757 1.15628 -0.877177 1.15322 0.829693 -4.20388 1.32287 179.193 178.426 -179.979 0.941491 0.560864 -0.222125 1.11171 1.78532 1.14493
-163.441 95.9853 49.3887 0.344123 1.027 -3.19131 179.533 179.183 179.643 179.533 179.183 179.643 179.533 179.183 179.643 179.533 179.183 179.643 158.511 176.691 179.437 142.045 144.288 167.764 1.82643 5.98748 -8.1984 177.967 -179.021 -168.926 22.1393 3.37539 1.20618 39.8572 15.719 6.87236 2.97272 20.9823 0.769303 11.1033 -3.11581 -5.60197 2.82093 -20.408 -1.953 179.383 176.66 179.449 177.198 -176.66 -179.397 1.05197 1.38163 -0.0197106 2.71776 0.0107842 -1.35253 1.15639 -0.882562 1.15322 0.831516 -4.22501 1.32232 179.193 178.447 -179.979 0.936403 0.584747 -0.212342 1.11193 1.77439 1.14492
-163.44 95.986 49.3745 0.344111 1.0477 -3.19946 179.534 179.165 179.646 179.534 179.165 179.646 179.534 179.165 179.646 179.534 179.165 179.646 158.534 176.741 179.437 142.043 144.294 167.726 1.82208 6.0082 -8.19145 177.973 -179.021 -168.928 22.1173 3.32404 1.20611 39.8792 15.7054 6.89284 2.97486 21.0072 0.760774 11.0967 -3.11105 -5.60653 2.81994 -20.5669 -1.93929 179.381 176.659 179.448 177.199 -176.635 -179.402 1.05197 1.37293 -0.0197105 2.71907 0.0228547 -1.33917 1.1565 -0.888041 1.15323 0.833423 -4.24628 1.32097 179.193 178.47 -179.979 0.931306 0.608985 -0.202444 1.11215 1.76317 1.14491
-163.44 95.9867 49.36 0.34405 1.0687 -3.20694 179.535 179.147 179.649 179.535 179.147 179.649 179.535 179.147 179.649 179.535 179.147 179.649 158.557 176.79 179.437 142.041 144.299 167.687 1.81798 6.02872 -8.18459 177.978 -179.02 -168.93 22.0953 3.27272 1.20605 39.9014 15.6916 6.91372 2.97699 21.0321 0.752215 11.0896 -3.10601 -5.6112 2.81984 -20.7195 -1.92614 179.378 176.659 179.448 177.201 -176.61 -179.407 1.05196 1.36466 -0.0197105 2.72026 0.0348997 -1.32737 1.15661 -0.893613 1.15323 0.835401 -4.26774 1.31884 179.193 178.493 -179.979 0.926209 0.633522 -0.19244 1.11238 1.75168 1.14491
-163.439 95.9874 49.3451 0.34395 1.09001 -3.21375 179.536 179.128 179.651 179.536 179.128 179.651 179.536 179.128 179.651 179.536 179.128 179.651 158.582 176.84 179.437 142.04 144.305 167.647 1.81415 6.049 -8.17783 177.983 -179.019 -168.931 22.0732 3.22141 1.20599 39.9237 15.6774 6.93497 2.97916 21.0569 0.743648 11.082 -3.1007 -5.61592 2.82054 -20.8657 -1.9136 179.376 176.659 179.447 177.203 -176.583 -179.411 1.05196 1.35689 -0.0197104 2.72134 0.0468969 -1.31705 1.15672 -0.899282 1.15323 0.83744 -4.28943 1.31593 179.193 178.516 -179.979 0.921116 0.658314 -0.182336 1.11261 1.73996 1.1449
-163.439 95.9882 49.33 0.343819 1.11162 -3.2199 179.537 179.11 179.654 179.537 179.11 179.654 179.537 179.11 179.654 179.537 179.11 179.654 158.606 176.89 179.437 142.038 144.311 167.606 1.81058 6.06898 -8.17118 177.989 -179.017 -168.932 22.0511 3.17011 1.20593 39.9461 15.663 6.95656 2.98142 21.0813 0.735094 11.0738 -3.09513 -5.62064 2.82194 -21.0054 -1.90171 179.374 176.658 179.446 177.204 -176.556 -179.414 1.05196 1.34966 -0.0197104 2.7223 0.0588293 -1.30805 1.15684 -0.90505 1.15323 0.839531 -4.31143 1.31228 179.193 178.54 -179.979 0.916028 0.683318 -0.172143 1.11285 1.72804 1.14489
-163.439 95.9889 49.3145 0.343666 1.13355 -3.22542 179.538 179.091 179.656 179.538 179.091 179.656 179.538 179.091 179.656 179.538 179.091 179.656 158.632 176.939 179.437 142.038 144.318 167.565 1.8073 6.08863 -8.16465 177.994 -179.015 -168.933 22.0289 3.1188 1.20587 39.9686 15.6484 6.97848 2.98384 21.1052 0.726574 11.0651 -3.08931 -5.6253 2.82396 -21.1386 -1.89052 179.371 176.658 179.445 177.206 -176.528 -179.416 1.05196 1.34302 -0.0197103 2.72313 0.0706857 -1.30025 1.15696 -0.910919 1.15323 0.841668 -4.33378 1.30789 179.193 178.564 -179.979 0.910938 0.708501 -0.161869 1.1131 1.71592 1.14488
-163.438 95.9897 49.2986 0.343497 1.1558 -3.23031 179.538 179.071 179.658 179.538 179.071 179.658 179.538 179.071 179.658 179.538 179.071 179.658 158.657 176.989 179.437 142.037 144.324 167.523 1.80428 6.10789 -8.15823 177.999 -179.013 -168.934 22.0067 3.06746 1.20581 39.9912 15.6336 7.00068 2.98648 21.1285 0.718106 11.0559 -3.08326 -5.62984 2.82648 -21.2653 -1.88007 179.369 176.658 179.445 177.208 -176.499 -179.418 1.05195 1.337 -0.0197103 2.72385 0.082461 -1.29349 1.15708 -0.91689 1.15324 0.843846 -4.35654 1.30281 179.193 178.587 -179.979 0.905836 0.733838 -0.151523 1.11334 1.70362 1.14488
-163.438 95.9904 49.2825 0.34332 1.17839 -3.23462 179.539 179.052 179.66 179.539 179.052 179.66 179.539 179.052 179.66 179.539 179.052 179.66 158.683 177.039 179.437 142.037 144.331 167.481 1.80154 6.12669 -8.15195 178.004 -179.011 -168.935 21.9844 3.0161 1.20576 40.0139 15.6186 7.02314 2.98942 21.1509 0.709704 11.0462 -3.07698 -5.63422 2.8294 -21.3857 -1.8704 179.367 176.658 179.444 177.21 -176.469 -179.42 1.05195 1.33159 -0.0197102 2.72445 0.0941568 -1.2876 1.1572 -0.922964 1.15324 0.846061 -4.37976 1.29706 179.193 178.611 -179.979 0.900706 0.759311 -0.141114 1.11359 1.69116 1.14487
-163.438 95.9912 49.2659 0.343138 1.20133 -3.23836 179.539 179.032 179.662 179.539 179.032 179.662 179.539 179.032 179.662 179.539 179.032 179.662 158.71 177.089 179.437 142.037 144.337 167.437 1.79907 6.14498 -8.1458 178.009 -179.008 -168.935 21.962 2.96469 1.2057 40.0367 15.6036 7.04583 2.99271 21.1722 0.701382 11.036 -3.0705 -5.63839 2.83258 -21.4997 -1.86153 179.364 176.658 179.443 177.212 -176.439 -179.422 1.05195 1.32682 -0.0197102 2.72493 0.105782 -1.28241 1.15732 -0.929137 1.15324 0.848311 -4.4035 1.2907 179.193 178.635 -179.979 0.895529 0.78491 -0.130648 1.11384 1.67854 1.14486
-163.438 95.9919 49.2491 0.342958 1.22466 -3.24158 179.539 179.012 179.663 179.539 179.012 179.663 179.539 179.012 179.663 179.539 179.012 179.663 158.736 177.139 179.437 142.038 144.344 167.393 1.79685 6.16269 -8.13981 178.014 -179.005 -168.935 21.9394 2.91325 1.20564 40.0595 15.5885 7.06871 2.99643 21.1922 0.693148 11.0253 -3.06382 -5.6423 2.83592 -21.6075 -1.85351 179.362 176.659 179.443 177.215 -176.407 -179.424 1.05195 1.32265 -0.0197101 2.72532 0.11735 -1.27775 1.15745 -0.935405 1.15324 0.850598 -4.4278 1.28376 179.193 178.659 -179.979 0.890282 0.810633 -0.120129 1.1141 1.66577 1.14485
-163.438 95.9927 49.2322 0.342876 1.24837 -3.2446 179.54 178.992 179.665 179.54 178.992 179.665 179.54 178.992 179.665 179.54 178.992 179.665 158.76 177.18 179.437 142.047 144.353 167.346 1.79223 6.17032 -8.13726 178.016 -179.004 -168.934 21.9195 2.8724 1.2056 40.0744 15.5778 7.09752 3.0041 21.2015 0.685146 11.0224 -3.05939 -5.64699 2.83813 -21.6897 -1.84944 179.362 176.676 179.443 177.217 -176.375 -179.424 1.05195 1.3169 -0.0197101 2.72562 0.12963 -1.27498 1.1575 -0.938022 1.15324 0.852859 -4.45306 1.28075 179.193 178.681 -179.979 0.885487 0.835211 -0.113796 1.1142 1.66055 1.14485
-163.438 95.9934 49.2142 0.342572 1.27229 -3.24654 179.54 178.97 179.666 179.54 178.97 179.666 179.54 178.97 179.666 179.54 178.97 179.666 158.791 177.243 179.437 142.037 144.358 167.306 1.79534 6.20234 -8.12968 178.026 -178.997 -168.935 21.8945 2.80527 1.20553 40.1072 15.5531 7.11088 3.00303 21.2363 0.679434 10.9898 -3.04556 -5.64809 2.84324 -21.8116 -1.83727 179.356 176.651 179.439 177.219 -176.34 -179.429 1.05195 1.31667 -0.0197101 2.72579 0.14014 -1.26829 1.15779 -0.952351 1.15325 0.855288 -4.47782 1.26595 179.193 178.707 -179.979 0.879299 0.862804 -0.096586 1.1148 1.63086 1.14483
-163.438 95.9941 49.1967 0.342519 1.29678 -3.24876 179.54 178.95 179.668 179.54 178.95 179.668 179.54 178.95 179.668 179.54 178.95 179.668 158.815 177.282 179.437 142.048 144.368 167.256 1.79051 6.20754 -8.12737 178.028 -178.996 -168.934 21.8742 2.7661 1.20549 40.1217 15.5422 7.14146 3.01173 21.2424 0.671426 10.9878 -3.04166 -5.65231 2.84491 -21.8807 -1.83467 179.356 176.671 179.439 177.221 -176.307 -179.429 1.05194 1.31123 -0.0197101 2.72597 0.152773 -1.2663 1.15783 -0.954344 1.15325 0.857624 -4.5044 1.26329 179.193 178.728 -179.979 0.874331 0.887535 -0.0913934 1.11487 1.62691 1.14483
-163.438 95.9949 49.1779 0.342311 1.3224 -3.25004 179.54 178.928 179.669 179.54 178.928 179.669 179.54 178.928 179.669 179.54 178.928 179.669 158.846 177.336 179.437 142.046 144.373 167.207 1.78975 6.22552 -8.11746 178.035 -178.989 -168.934 21.8481 2.7087 1.20543 40.1508 15.5272 7.16261 3.01746 21.2557 0.660843 10.9756 -3.03497 -5.65443 2.84826 -21.9762 -1.8301 179.352 176.665 179.44 177.224 -176.27 -179.433 1.05194 1.31125 -0.0197101 2.72603 0.163654 -1.2616 1.15797 -0.961069 1.15325 0.860169 -4.53178 1.2519 179.193 178.753 -179.979 0.868052 0.914946 -0.0782414 1.11515 1.61329 1.14482
-163.439 95.9956 49.1596 0.342241 1.34755 -3.25156 179.54 178.907 179.67 179.54 178.907 179.67 179.54 178.907 179.67 179.54 178.907 179.67 158.871 177.378 179.437 142.056 144.382 167.157 1.78657 6.2316 -8.11624 178.037 -178.986 -168.934 21.8274 2.66617 1.20539 40.1661 15.5161 7.1916 3.02571 21.2612 0.654474 10.9725 -3.03027 -5.65804 2.84969 -22.0403 -1.82829 179.352 176.678 179.44 177.226 -176.235 -179.434 1.05194 1.30695 -0.01971 2.7261 0.176282 -1.25907 1.15802 -0.963833 1.15325 0.862611 -4.55929 1.24727 179.193 178.775 -179.979 0.862598 0.940396 -0.0717151 1.11526 1.60775 1.14482
-163.439 95.9964 49.14 0.342048 1.37434 -3.25225 179.54 178.884 179.672 179.54 178.884 179.672 179.54 178.884 179.672 179.54 178.884 179.672 158.903 177.432 179.437 142.053 144.387 167.108 1.78724 6.25001 -8.1071 178.045 -178.978 -168.935 21.8012 2.60612 1.20533 40.196 15.5013 7.21063 3.03216 21.2725 0.644928 10.9571 -3.02251 -5.65927 2.85238 -22.1265 -1.82539 179.347 176.669 179.44 177.228 -176.195 -179.44 1.05194 1.30788 -0.01971 2.72606 0.187331 -1.25297 1.15819 -0.972135 1.15325 0.865275 -4.58835 1.23376 179.193 178.799 -179.979 0.855748 0.968359 -0.0569324 1.1156 1.59063 1.14481
-163.439 95.9971 49.121 0.341989 1.40046 -3.2533 179.539 178.862 179.673 179.539 178.862 179.673 179.539 178.862 179.673 179.539 178.862 179.673 158.927 177.475 179.437 142.064 144.396 167.058 1.78479 6.2554 -8.10668 178.048 -178.975 -168.935 21.7801 2.56275 1.20529 40.2116 15.4899 7.23946 3.04072 21.2763 0.639508 10.9531 -3.01759 -5.6622 2.8529 -22.1821 -1.82469 179.346 176.68 179.44 177.231 -176.159 -179.442 1.05194 1.30382 -0.01971 2.72608 0.200407 -1.25004 1.15825 -0.975296 1.15325 0.867843 -4.61723 1.22852 179.193 178.821 -179.979 0.849774 0.99443 -0.0501855 1.11573 1.58413 1.14481
-163.439 95.9979 49.1006 0.341758 1.4284 -3.25352 179.539 178.838 179.674 179.539 178.838 179.674 179.539 178.838 179.674 179.539 178.838 179.674 158.96 177.537 179.437 142.056 144.399 167.014 1.78868 6.28167 -8.09979 178.064 -178.968 -168.939 21.7545 2.49442 1.20523 40.2439 15.467 7.25143 3.05466 21.288 0.628488 10.8734 -2.99243 -5.65419 2.85502 -22.2633 -1.8216 179.34 176.663 179.438 177.233 -176.117 -179.453 1.05194 1.3063 -0.01971 2.72593 0.211454 -1.23929 1.15868 -0.996552 1.15326 0.870662 -4.64775 1.20949 179.193 178.846 -179.979 0.841963 1.0234 -0.0301979 1.11667 1.53722 1.14478
-163.44 95.9986 49.081 0.341745 1.45576 -3.25435 179.539 178.816 179.675 179.539 178.816 179.675 179.539 178.816 179.675 179.539 178.816 179.675 158.985 177.577 179.437 142.069 144.41 166.961 1.78564 6.28321 -8.09962 178.067 -178.965 -168.939 21.7328 2.45451 1.20519 40.2588 15.4558 7.28276 3.06311 21.2873 0.623945 10.8735 -2.98846 -5.6571 2.85395 -22.3069 -1.82244 179.339 176.678 179.438 177.235 -176.079 -179.455 1.05194 1.30117 -0.01971 2.72598 0.225584 -1.23712 1.15871 -0.997897 1.15326 0.873376 -4.67842 1.20607 179.193 178.868 -179.979 0.835515 1.04998 -0.0253918 1.11672 1.53442 1.14478
-163.44 95.9994 49.0604 0.341695 1.48478 -3.25483 179.539 178.793 179.676 179.539 178.793 179.676 179.539 178.793 179.676 179.539 178.793 179.676 159.013 177.62 179.437 142.077 144.419 166.908 1.78341 6.2873 -8.09647 178.071 -178.96 -168.939 21.7086 2.40879 1.20515 40.2793 15.4434 7.31089 3.07281 21.2857 0.617111 10.8725 -2.98494 -5.65926 2.85258 -22.3542 -1.82393 179.337 176.687 179.438 177.238 -176.038 -179.459 1.05194 1.29859 -0.01971 2.72601 0.239125 -1.23332 1.15875 -1.00014 1.15326 0.876284 -4.71089 1.19955 179.193 178.89 -179.979 0.828144 1.07807 -0.0176726 1.11682 1.52961 1.14478
-163.441 96.0002 49.0394 0.341638 1.51444 -3.25526 179.538 178.769 179.677 179.538 178.769 179.677 179.538 178.769 179.677 179.538 178.769 179.677 159.042 177.665 179.437 142.083 144.428 166.854 1.78222 6.29251 -8.09296 178.076 -178.954 -168.939 21.6837 2.36028 1.20511 40.3013 15.4309 7.33711 3.08319 21.2831 0.610125 10.8704 -2.98123 -5.66084 2.85068 -22.4 -1.82619 179.334 176.692 179.438 177.241 -175.996 -179.464 1.05194 1.29622 -0.0197099 2.72601 0.25289 -1.2281 1.15881 -1.00312 1.15326 0.879279 -4.74415 1.19131 179.193 178.914 -179.979 0.820312 1.10675 -0.00820781 1.11695 1.52305 1.14478
-163.441 96.001 49.0175 0.34152 1.54584 -3.25534 179.538 178.745 179.678 179.538 178.745 179.678 179.538 178.745 179.678 179.538 178.745 179.678 159.076 177.719 179.437 142.081 144.429 166.802 1.78474 6.3055 -8.0833 178.089 -178.944 -168.944 21.6555 2.29728 1.20505 40.3327 15.42 7.35344 3.09706 21.277 0.598941 10.8565 -2.97486 -5.65976 2.84879 -22.4555 -1.83066 179.329 176.684 179.439 177.243 -175.95 -179.477 1.05194 1.29716 -0.0197099 2.72581 0.265955 -1.21594 1.15899 -1.01183 1.15327 0.882446 -4.77929 1.17393 179.193 178.938 -179.979 0.811205 1.13714 0.010299 1.11735 1.50299 1.14476
-163.442 96.0018 48.9964 0.341518 1.5757 -3.25611 179.537 178.72 179.679 179.537 178.72 179.679 179.537 178.72 179.679 179.537 178.72 179.679 159.102 177.762 179.437 142.091 144.439 166.75 1.784 6.30726 -8.08525 178.094 -178.94 -168.946 21.633 2.25253 1.20502 40.3489 15.409 7.38224 3.10743 21.2727 0.595634 10.8534 -2.9705 -5.66101 2.84528 -22.4879 -1.83394 179.326 176.692 179.438 177.246 -175.909 -179.482 1.05194 1.29104 -0.0197099 2.72585 0.281783 -1.21087 1.15906 -1.01509 1.15327 0.885509 -4.81295 1.16796 179.193 178.961 -179.979 0.803123 1.16596 0.0179343 1.1175 1.49542 1.14476
-163.443 96.0026 48.9744 0.341523 1.60766 -3.25674 179.537 178.696 179.68 179.537 178.696 179.68 179.537 178.696 179.68 179.537 178.696 179.68 159.131 177.807 179.437 142.098 144.447 166.697 1.78352 6.31037 -8.08388 178.101 -178.934 -168.948 21.6077 2.20431 1.20498 40.3703 15.3968 7.40865 3.11917 21.2662 0.589861 10.8493 -2.96671 -5.66163 2.84098 -22.5209 -1.83819 179.322 176.697 179.438 177.248 -175.865 -179.489 1.05194 1.28624 -0.0197099 2.72588 0.297676 -1.20441 1.15913 -1.01892 1.15327 0.888772 -4.84896 1.16005 179.193 178.985 -179.979 0.794115 1.19622 0.027559 1.11769 1.48633 1.14476
-163.443 96.0033 48.9513 0.341422 1.64165 -3.25703 179.537 178.67 179.681 179.537 178.67 179.681 179.537 178.67 179.681 179.537 178.67 179.681 159.165 177.867 179.437 142.093 144.44 166.649 1.78541 6.31713 -8.0742 178.15 -178.933 -168.971 21.5786 2.13316 1.20492 40.4003 15.4039 7.42174 3.15662 21.2214 0.566338 10.7501 -2.94007 -5.64596 2.83631 -22.5653 -1.85088 179.315 176.688 179.445 177.251 -175.816 -179.51 1.05194 1.28601 -0.0197099 2.72552 0.312586 -1.18416 1.15962 -1.04319 1.15328 0.892232 -4.88702 1.13718 179.193 179.01 -179.979 0.783348 1.22857 0.0521281 1.11894 1.42369 1.14472
-163.444 96.0042 48.9292 0.341517 1.67373 -3.25828 179.536 178.645 179.682 179.536 178.645 179.682 179.536 178.645 179.682 179.536 178.645 179.682 159.192 177.908 179.437 142.104 144.452 166.596 1.78453 6.31584 -8.07724 178.153 -178.93 -168.973 21.5551 2.09216 1.20489 40.416 15.3923 7.45333 3.16526 21.2144 0.565215 10.7507 -2.93646 -5.64717 2.8304 -22.586 -1.85521 179.312 176.697 179.444 177.254 -175.775 -179.514 1.05193 1.27603 -0.0197098 2.72562 0.331079 -1.18051 1.15965 -1.04456 1.15328 0.895549 -4.92329 1.13408 179.193 179.034 -179.979 0.774271 1.25895 0.0576499 1.11901 1.42028 1.14472
-163.445 96.005 48.9062 0.341627 1.70816 -3.25945 179.536 178.619 179.683 179.536 178.619 179.683 179.536 178.619 179.683 179.536 178.619 179.683 159.222 177.951 179.437 142.11 144.462 166.542 1.78448 6.31659 -8.0771 178.159 -178.924 -168.976 21.5288 2.04604 1.20485 40.4376 15.3793 7.48141 3.17712 21.2047 0.560289 10.7502 -2.93393 -5.64756 2.82372 -22.6078 -1.86068 179.308 176.703 179.443 177.257 -175.729 -179.52 1.05193 1.26749 -0.0197097 2.72566 0.349655 -1.17446 1.15969 -1.04683 1.15328 0.89907 -4.96213 1.12796 179.193 179.059 -179.979 0.764148 1.29097 0.0663313 1.11912 1.41448 1.14472
-163.445 96.0058 48.8828 0.341767 1.74342 -3.26081 179.535 178.593 179.684 179.535 178.593 179.684 179.535 178.593 179.684 179.535 178.593 179.684 159.252 177.995 179.437 142.115 144.472 166.489 1.78535 6.31828 -8.07648 178.167 -178.918 -168.981 21.5019 1.99752 1.20482 40.4605 15.3663 7.50795 3.19085 21.1928 0.554258 10.7489 -2.93147 -5.64733 2.81643 -22.628 -1.86692 179.304 176.707 179.442 177.26 -175.683 -179.528 1.05193 1.25811 -0.0197096 2.72561 0.369002 -1.16671 1.15975 -1.04984 1.15328 0.902664 -5.00187 1.12031 179.193 179.084 -179.979 0.753553 1.32368 0.0768691 1.11928 1.4066 1.14472
-163.446 96.0066 48.8583 0.34186 1.78106 -3.26197 179.534 178.566 179.685 179.534 178.566 179.685 179.534 178.566 179.685 179.534 178.566 179.685 159.288 178.055 179.437 142.108 144.465 166.442 1.78647 6.31967 -8.06676 178.237 -178.923 -169.016 21.4707 1.92793 1.20477 40.489 15.387 7.52434 3.23705 21.1234 0.525538 10.6694 -2.91197 -5.63198 2.80811 -22.6554 -1.88357 179.297 176.703 179.45 177.263 -175.633 -179.551 1.05192 1.2519 -0.0197096 2.72509 0.388204 -1.14422 1.16017 -1.07034 1.15329 0.90643 -5.04406 1.09771 179.193 179.111 -179.979 0.741201 1.35846 0.102495 1.12044 1.3483 1.14469
-163.447 96.0075 48.8349 0.342124 1.81616 -3.26415 179.534 178.539 179.686 179.534 178.539 179.686 179.534 178.539 179.686 179.534 178.539 179.686 159.316 178.096 179.437 142.117 144.477 166.389 1.78677 6.31754 -8.07164 178.241 -178.92 -169.021 21.446 1.88643 1.20474 40.5053 15.3752 7.55677 3.24611 21.1137 0.52547 10.6704 -2.90906 -5.63239 2.79984 -22.667 -1.88903 179.293 176.709 179.449 177.265 -175.59 -179.554 1.05192 1.23611 -0.0197095 2.72507 0.410663 -1.14007 1.1602 -1.0717 1.15329 0.910025 -5.08357 1.09544 179.193 179.137 -179.979 0.730692 1.39138 0.108551 1.12052 1.34466 1.14469
-163.448 96.0083 48.8106 0.342445 1.85384 -3.26634 179.533 178.512 179.687 179.533 178.512 179.687 179.533 178.512 179.687 179.533 178.512 179.687 159.347 178.14 179.437 142.12 144.489 166.337 1.78812 6.31768 -8.0733 178.248 -178.915 -169.026 21.4185 1.84017 1.20471 40.5275 15.3619 7.58591 3.25927 21.1003 0.520759 10.6706 -2.90724 -5.63192 2.79084 -22.6792 -1.8955 179.288 176.713 179.448 177.268 -175.544 -179.56 1.05191 1.22076 -0.0197094 2.72494 0.43377 -1.13363 1.16024 -1.07399 1.15329 0.913799 -5.12592 1.09029 179.193 179.164 -179.979 0.719173 1.42592 0.117724 1.12064 1.33841 1.14468
-163.448 96.0091 48.7851 0.342762 1.89418 -3.26836 179.532 178.484 179.689 179.532 178.484 179.689 179.532 178.484 179.689 179.532 178.484 179.689 159.384 178.199 179.437 142.11 144.488 166.292 1.78937 6.32075 -8.06564 178.328 -178.924 -169.068 21.386 1.77478 1.20466 40.5552 15.3847 7.60685 3.30742 21.0231 0.490747 10.605 -2.89215 -5.61742 2.7806 -22.697 -1.91087 179.281 176.711 179.454 177.271 -175.493 -179.58 1.05191 1.20779 -0.0197093 2.72437 0.45713 -1.11402 1.16059 -1.09128 1.1533 0.917733 -5.17113 1.07092 179.193 179.192 -179.979 0.705971 1.46242 0.141287 1.12167 1.28708 1.14466
-163.449 96.01 48.7608 0.34321 1.93158 -3.27137 179.531 178.455 179.69 179.531 178.455 179.69 179.531 178.455 179.69 179.531 178.455 179.69 159.413 178.242 179.437 142.116 144.501 166.241 1.79049 6.31856 -8.07179 178.332 -178.921 -169.074 21.3605 1.73281 1.20464 40.5718 15.3725 7.64047 3.31695 21.012 0.491031 10.6063 -2.88967 -5.61727 2.7711 -22.7041 -1.91647 179.276 176.715 179.453 177.274 -175.45 -179.583 1.0519 1.18638 -0.0197091 2.72414 0.483192 -1.10983 1.16062 -1.09264 1.1533 0.92147 -5.21308 1.06943 179.193 179.219 -179.979 0.694602 1.49718 0.147682 1.12174 1.28334 1.14466
-163.45 96.0108 48.7354 0.343743 1.97168 -3.27438 179.53 178.426 179.691 179.53 178.426 179.691 179.53 178.426 179.691 179.53 178.426 179.691 159.446 178.287 179.437 142.117 144.514 166.191 1.79292 6.31913 -8.07471 178.34 -178.917 -169.081 21.332 1.68637 1.20461 40.5945 15.3588 7.67116 3.33106 20.9965 0.486172 10.6067 -2.8882 -5.61619 2.76105 -22.712 -1.92274 179.27 176.717 179.452 177.277 -175.404 -179.589 1.05189 1.16461 -0.019709 2.72382 0.510356 -1.10369 1.16066 -1.09498 1.1533 0.925364 -5.25805 1.06517 179.193 179.247 -179.979 0.682287 1.53352 0.157083 1.12187 1.27683 1.14465
-163.451 96.0116 48.7089 0.344304 2.01453 -3.27723 179.529 178.397 179.692 179.529 178.397 179.692 179.529 178.397 179.692 179.529 178.397 179.692 159.484 178.35 179.437 142.1 144.519 166.152 1.79473 6.32856 -8.06905 178.442 -178.933 -169.135 21.2983 1.62242 1.20457 40.6213 15.3864 7.69611 3.38481 20.907 0.452579 10.539 -2.87349 -5.6 2.74976 -22.7257 -1.93603 179.263 176.714 179.457 177.28 -175.354 -179.606 1.05189 1.14403 -0.0197088 2.72312 0.538381 -1.08621 1.16102 -1.11271 1.15331 0.929401 -5.30611 1.04719 179.193 179.276 -179.979 0.668371 1.57164 0.180362 1.12294 1.22328 1.14463
-163.451 96.0125 48.6835 0.34496 2.05426 -3.281 179.528 178.367 179.693 179.528 178.367 179.693 179.528 178.367 179.693 179.528 178.367 179.693 159.515 178.394 179.437 142.104 144.534 166.102 1.79661 6.32672 -8.07628 178.446 -178.931 -169.142 21.2719 1.57988 1.20454 40.6383 15.374 7.73151 3.39473 20.8945 0.4531 10.5404 -2.871 -5.59935 2.73962 -22.7305 -1.94115 179.258 176.716 179.456 177.283 -175.311 -179.609 1.05188 1.11625 -0.0197086 2.72266 0.56845 -1.08227 1.16105 -1.11413 1.15331 0.933234 -5.3506 1.04645 179.193 179.305 -179.979 0.656385 1.6081 0.187009 1.12302 1.21938 1.14463
-163.452 96.0133 48.657 0.345718 2.09677 -3.28472 179.527 178.336 179.694 179.527 178.336 179.694 179.527 178.336 179.694 179.527 178.336 179.694 159.55 178.442 179.437 142.1 144.547 166.055 1.80004 6.32836 -8.08024 178.456 -178.926 -169.152 21.2425 1.53314 1.20452 40.6612 15.3599 7.76448 3.4097 20.8772 0.447985 10.5409 -2.86956 -5.59768 2.72916 -22.7368 -1.94645 179.252 176.717 179.456 177.286 -175.265 -179.613 1.05187 1.08741 -0.0197084 2.72214 0.600046 -1.07686 1.1611 -1.11655 1.15331 0.937209 -5.3983 1.04301 179.193 179.334 -179.979 0.643527 1.64603 0.196518 1.12316 1.21261 1.14463
-163.453 96.0141 48.6293 0.346519 2.14207 -3.28824 179.526 178.305 179.695 179.526 178.305 179.695 179.526 178.305 179.695 179.526 178.305 179.695 159.59 178.511 179.437 142.074 144.563 166.023 1.80135 6.34735 -8.07659 178.602 -178.959 -169.228 21.207 1.46981 1.20448 40.6852 15.4047 7.79551 3.47412 20.7584 0.407258 10.4456 -2.84763 -5.57568 2.71729 -22.7511 -1.95613 179.245 176.71 179.459 177.289 -175.215 -179.627 1.05186 1.05866 -0.0197083 2.72135 0.63304 -1.06253 1.16149 -1.13606 1.15331 0.941325 -5.44931 1.02631 179.193 179.364 -179.979 0.629151 1.68552 0.219399 1.12434 1.15351 1.1446
-163.454 96.0149 48.6027 0.347371 2.18417 -3.29255 179.524 178.272 179.696 179.524 178.272 179.696 179.524 178.272 179.696 179.524 178.272 179.696 159.623 178.557 179.437 142.074 144.579 165.975 1.80354 6.34599 -8.08458 178.606 -178.956 -169.236 21.1797 1.42645 1.20446 40.7025 15.3908 7.83327 3.48472 20.7463 0.407722 10.448 -2.84611 -5.57461 2.70703 -22.7559 -1.96019 179.239 176.71 179.46 177.293 -175.172 -179.629 1.05185 1.02423 -0.019708 2.72068 0.667341 -1.05911 1.16152 -1.13733 1.15331 0.945243 -5.49654 1.02617 179.193 179.394 -179.979 0.616786 1.72349 0.22617 1.12441 1.15003 1.1446
-163.455 96.0157 48.5742 0.348337 2.23109 -3.29643 179.523 178.24 179.697 179.523 178.24 179.697 179.523 178.24 179.697 179.523 178.24 179.697 159.664 178.625 179.437 142.047 144.598 165.945 1.80848 6.36927 -8.08431 178.698 -178.971 -169.286 21.1448 1.3689 1.20443 40.7289 15.4065 7.86685 3.53127 20.6693 0.379067 10.4043 -2.8367 -5.56183 2.69603 -22.77 -1.96427 179.233 176.702 179.46 177.296 -175.123 -179.638 1.05183 0.989519 -0.0197078 2.71994 0.703828 -1.04976 1.16178 -1.1505 1.15332 0.949412 -5.54965 1.01377 179.193 179.424 -179.979 0.602471 1.76369 0.245162 1.1252 1.11051 1.14459
-163.455 96.0165 48.5467 0.349293 2.27479 -3.30096 179.521 178.206 179.697 179.521 178.206 179.697 179.521 178.206 179.697 179.521 178.206 179.697 159.698 178.673 179.437 142.045 144.615 165.898 1.81108 6.36859 -8.09259 178.703 -178.968 -169.295 21.1169 1.32483 1.20441 40.7462 15.3927 7.90634 3.54202 20.6559 0.379767 10.4059 -2.83439 -5.5605 2.68599 -22.7757 -1.96748 179.227 176.701 179.46 177.299 -175.08 -179.64 1.05182 0.95076 -0.0197076 2.71915 0.74096 -1.04673 1.16181 -1.15192 1.15332 0.953402 -5.59884 1.01385 179.193 179.454 -179.979 0.589958 1.80256 0.252014 1.12527 1.10659 1.14458
-163.456 96.0172 48.5173 0.350365 2.32333 -3.305 179.52 178.172 179.698 179.52 178.172 179.698 179.52 178.172 179.698 179.52 178.172 179.698 159.741 178.747 179.437 142.01 144.64 165.873 1.81578 6.39874 -8.09333 178.815 -178.99 -169.355 21.081 1.26722 1.20438 40.7717 15.4131 7.94358 3.59302 20.5689 0.348295 10.3488 -2.82173 -5.54501 2.67536 -22.7932 -1.96845 179.221 176.69 179.459 177.302 -175.031 -179.647 1.05181 0.910988 -0.0197074 2.71841 0.780681 -1.03944 1.16209 -1.16586 1.15333 0.957651 -5.65417 1.00184 179.193 179.484 -179.979 0.575531 1.84344 0.27085 1.12611 1.06456 1.14457
-163.457 96.018 48.4888 0.351391 2.36863 -3.30962 179.518 178.137 179.698 179.518 178.137 179.698 179.518 178.137 179.698 179.518 178.137 179.698 159.777 178.797 179.437 142.006 144.658 165.827 1.81846 6.39854 -8.10168 178.821 -178.987 -169.365 21.0524 1.22239 1.20436 40.7891 15.399 7.98504 3.60383 20.5547 0.349333 10.3504 -2.81895 -5.5435 2.66573 -22.8007 -1.97079 179.216 176.689 179.46 177.305 -174.987 -179.648 1.05179 0.868137 -0.0197072 2.71755 0.820582 -1.03689 1.16212 -1.1673 1.15333 0.961742 -5.70544 1.00204 179.193 179.515 -179.979 0.562928 1.88315 0.277727 1.12619 1.06056 1.14457
-163.457 96.0187 48.4584 0.352533 2.41877 -3.31371 179.516 178.101 179.699 179.516 178.101 179.699 179.516 178.101 179.699 179.516 178.101 179.699 159.822 178.876 179.437 141.965 144.689 165.807 1.82341 6.43542 -8.10322 178.942 -179.012 -169.429 21.0156 1.16466 1.20433 40.8141 15.4219 8.02582 3.65716 20.4617 0.316437 10.2873 -2.80475 -5.52662 2.65574 -22.8225 -1.96859 179.21 176.673 179.458 177.308 -174.938 -179.653 1.05178 0.823748 -0.0197069 2.71683 0.863374 -1.03166 1.1624 -1.18137 1.15333 0.966105 -5.76311 0.99027 179.193 179.545 -179.979 0.548432 1.92462 0.296423 1.12705 1.0178 1.14455
-163.458 96.0195 48.4289 0.353594 2.46566 -3.31832 179.514 178.064 179.699 179.514 178.064 179.699 179.514 178.064 179.699 179.514 178.064 179.699 159.86 178.928 179.437 141.958 144.708 165.761 1.82596 6.4356 -8.11141 178.948 -179.01 -169.44 20.9862 1.11888 1.20431 40.8315 15.4077 8.06932 3.66799 20.4469 0.317876 10.2888 -2.80162 -5.52498 2.64669 -22.8322 -1.97013 179.205 176.672 179.459 177.312 -174.894 -179.654 1.05176 0.777186 -0.0197067 2.71593 0.905912 -1.02961 1.16243 -1.1828 1.15333 0.970332 -5.81657 0.990494 179.193 179.576 -179.979 0.535761 1.96512 0.303297 1.12713 1.01375 1.14455
-163.459 96.0202 48.3974 0.354762 2.51736 -3.32234 179.513 178.027 179.7 179.513 178.027 179.7 179.513 178.027 179.7 179.513 178.027 179.7 159.906 179.013 179.437 141.91 144.747 165.747 1.83007 6.48093 -8.11349 179.095 -179.044 -169.517 20.9478 1.06001 1.20429 40.8546 15.4441 8.11443 3.72754 20.3334 0.280996 10.2016 -2.78041 -5.50373 2.63725 -22.8591 -1.96496 179.199 176.652 179.455 177.315 -174.844 -179.658 1.05174 0.728779 -0.0197065 2.71526 0.95153 -1.02634 1.16273 -1.19774 1.15334 0.974857 -5.8767 0.978758 179.193 179.606 -179.979 0.521194 2.00713 0.321937 1.12805 0.967611 1.14453
-163.46 96.0209 48.3669 0.355821 2.5658 -3.32685 179.511 177.988 179.7 179.511 177.988 179.7 179.511 177.988 179.7 179.511 177.988 179.7 159.946 179.067 179.437 141.901 144.767 165.701 1.83198 6.4807 -8.1213 179.1 -179.04 -169.527 20.9175 1.01301 1.20427 40.8723 15.4285 8.16001 3.73863 20.3196 0.282646 10.2039 -2.77809 -5.50202 2.6289 -22.8713 -1.96596 179.195 176.651 179.457 177.318 -174.799 -179.658 1.05173 0.678998 -0.0197063 2.71433 0.996513 -1.02479 1.16276 -1.19902 1.15334 0.979267 -5.93242 0.978968 179.193 179.636 -179.979 0.508447 2.04839 0.32876 1.12813 0.963919 1.14453
-163.461 96.0215 48.3342 0.356982 2.61899 -3.33075 179.509 177.949 179.7 179.509 177.949 179.7 179.509 177.949 179.7 179.509 177.949 179.7 159.995 179.158 179.437 141.848 144.803 165.689 1.83808 6.52672 -8.12299 179.212 -179.061 -169.587 20.8788 0.954192 1.20425 40.8982 15.4479 8.2064 3.79052 20.2283 0.251074 10.1473 -2.76505 -5.48587 2.62111 -22.9027 -1.95936 179.19 176.629 179.453 177.322 -174.749 -179.66 1.05171 0.627277 -0.0197061 2.7137 1.04465 -1.02338 1.16303 -1.21234 1.15335 0.983998 -5.99505 0.967349 179.193 179.666 -179.979 0.4938 2.09092 0.347194 1.12897 0.921896 1.14452
-163.461 96.0222 48.3025 0.358003 2.66888 -3.33512 179.506 177.909 179.701 179.506 177.909 179.701 179.506 177.909 179.701 179.506 177.909 179.701 160.037 179.215 179.437 141.837 144.824 165.643 1.83968 6.52697 -8.13018 179.218 -179.058 -169.598 20.8476 0.90585 1.20424 40.9161 15.4327 8.25397 3.80126 20.2129 0.253449 10.1488 -2.76158 -5.48408 2.61362 -22.9175 -1.95997 179.185 176.627 179.454 177.325 -174.703 -179.661 1.05169 0.574867 -0.0197059 2.71274 1.09183 -1.02231 1.16306 -1.21375 1.15335 0.98864 -6.05306 0.967489 179.193 179.696 -179.979 0.480928 2.13295 0.353986 1.12905 0.91772 1.14452
-163.462 96.0228 48.2686 0.359116 2.72348 -3.33886 179.504 177.868 179.701 179.504 177.868 179.701 179.504 177.868 179.701 179.504 177.868 179.701 160.088 179.31 179.437 141.777 144.871 165.635 1.84358 6.58086 -8.13165 179.361 -179.092 -169.674 20.8068 0.844133 1.20422 40.94 15.472 8.30445 3.86163 20.0935 0.216363 10.0563 -2.73875 -5.46159 2.60656 -22.954 -1.95192 179.181 176.602 179.448 177.329 -174.651 -179.661 1.05167 0.520643 -0.0197057 2.71213 1.14212 -1.02253 1.16335 -1.22844 1.15335 0.993639 -6.11824 0.955885 179.193 179.725 -179.979 0.466119 2.17599 0.372302 1.13 0.869954 1.1445
-163.463 96.0234 48.2358 0.360075 2.77472 -3.34309 179.502 177.825 179.701 179.502 177.825 179.701 179.502 177.825 179.701 179.502 177.825 179.701 160.132 179.37 179.438 141.764 144.893 165.589 1.84408 6.58005 -8.13801 179.366 -179.088 -169.683 20.7745 0.794128 1.2042 40.9586 15.4558 8.35399 3.87236 20.0792 0.219117 10.0585 -2.73609 -5.45977 2.6 -22.9712 -1.95264 179.177 176.6 179.449 177.333 -174.604 -179.662 1.05165 0.466257 -0.0197055 2.71111 1.1912 -1.0219 1.16338 -1.2297 1.15335 0.998559 -6.17854 0.956043 179.193 179.755 -179.979 0.453055 2.21881 0.378989 1.13008 0.866105 1.1445
-163.464 96.024 48.2007 0.361122 2.8306 -3.34668 179.5 177.782 179.701 179.5 177.782 179.701 179.5 177.782 179.701 179.5 177.782 179.701 160.187 179.47 179.438 141.701 144.933 165.58 1.84903 6.62892 -8.13762 179.469 -179.107 -169.74 20.733 0.730917 1.20418 40.986 15.4787 8.40473 3.92395 19.9833 0.187827 9.99792 -2.72193 -5.44268 2.59504 -23.0112 -1.94581 179.173 176.573 179.444 177.337 -174.551 -179.661 1.05164 0.410378 -0.0197054 2.71045 1.24324 -1.02353 1.16364 -1.24276 1.15336 1.00387 -6.24624 0.944792 179.193 179.782 -179.979 0.438034 2.26241 0.396876 1.13096 0.82219 1.14449
-163.465 96.0246 48.1667 0.361998 2.88303 -3.3508 179.497 177.738 179.701 179.497 177.738 179.701 179.497 177.738 179.701 179.497 177.738 179.701 160.232 179.532 179.438 141.687 144.957 165.534 1.84877 6.62804 -8.14299 179.474 -179.104 -169.75 20.6996 0.679095 1.20417 41.0053 15.4631 8.45608 3.93406 19.9675 0.191409 9.99925 -2.71829 -5.44076 2.58955 -23.0305 -1.94682 179.17 176.571 179.445 177.341 -174.503 -179.661 1.05162 0.354714 -0.0197053 2.70933 1.29389 -1.02329 1.16367 -1.24413 1.15336 1.00911 -6.30876 0.945014 179.193 179.812 -179.979 0.424689 2.30604 0.403469 1.13104 0.817805 1.14449
-163.466 96.0251 48.1304 0.362957 2.94006 -3.3543 179.495 177.693 179.702 179.495 177.693 179.702 179.495 177.693 179.702 179.495 177.693 179.702 160.29 179.637 179.438 141.619 145.005 165.527 1.85119 6.68105 -8.14143 179.597 -179.133 -169.817 20.6557 0.611227 1.20415 41.0315 15.5078 8.50975 3.99287 19.8442 0.155132 9.90313 -2.69472 -5.41736 2.58571 -23.0743 -1.94114 179.165 176.544 179.439 177.345 -174.448 -179.659 1.0516 0.298062 -0.0197052 2.70858 1.34725 -1.02609 1.16396 -1.25851 1.15337 1.01478 -6.37892 0.934235 179.193 179.839 -179.979 0.409347 2.35022 0.42088 1.13205 0.767516 1.14447
-163.467 96.0257 48.0952 0.363744 2.99353 -3.35837 179.492 177.647 179.702 179.492 177.647 179.702 179.492 177.647 179.702 179.492 177.647 179.702 160.337 179.701 179.438 141.603 145.03 165.478 1.84942 6.6784 -8.14569 179.599 -179.13 -169.826 20.621 0.557264 1.20414 41.052 15.4912 8.56286 4.00276 19.8297 0.159058 9.90519 -2.69228 -5.41534 2.58137 -23.0951 -1.94292 179.163 176.542 179.438 177.35 -174.398 -179.659 1.05158 0.241838 -0.0197051 2.70729 1.39911 -1.02615 1.16398 -1.25975 1.15337 1.02038 -6.44359 0.934688 179.193 179.868 -179.979 0.395631 2.39471 0.427298 1.13213 0.763441 1.14447
-163.469 96.0262 48.0576 0.364616 3.05154 -3.36183 179.489 177.6 179.703 179.489 177.6 179.703 179.489 177.6 179.703 179.489 177.6 179.703 160.398 179.809 179.438 141.535 145.069 165.469 1.85195 6.72117 -8.14113 179.678 -179.144 -169.872 20.5762 0.486342 1.20413 41.0832 15.519 8.61542 4.05069 19.7339 0.129469 9.84481 -2.6787 -5.39795 2.58011 -23.1405 -1.94063 179.158 176.514 179.434 177.354 -174.342 -179.657 1.05156 0.185294 -0.019705 2.70633 1.45333 -1.02977 1.16424 -1.27255 1.15337 1.02642 -6.5161 0.924871 179.193 179.893 -179.979 0.379919 2.43954 0.443827 1.13306 0.716873 1.14446
-163.47 96.0267 48.0213 0.365314 3.10588 -3.36593 179.486 177.552 179.703 179.486 177.552 179.703 179.486 177.552 179.703 179.486 177.552 179.703 160.448 179.875 179.438 141.517 145.096 165.419 1.84904 6.71773 -8.14425 179.68 -179.142 -169.881 20.5401 0.430131 1.20412 41.1048 15.5034 8.67013 4.05966 19.7183 0.1342 9.84587 -2.67573 -5.39569 2.57705 -23.1623 -1.9433 179.157 176.513 179.433 177.359 -174.29 -179.657 1.05154 0.129219 -0.0197049 2.7048 1.50604 -1.03005 1.16427 -1.27391 1.15337 1.0324 -6.5828 0.925648 179.193 179.922 -179.979 0.365746 2.48492 0.450076 1.13315 0.712202 1.14446
-163.472 96.0271 47.9824 0.3661 3.16474 -3.36943 179.483 177.502 179.704 179.483 177.502 179.704 179.483 177.502 179.704 179.483 177.502 179.704 160.512 179.986 179.438 141.447 145.136 165.408 1.84945 6.75656 -8.13746 179.751 -179.157 -169.924 20.493 0.35361 1.20411 41.1377 15.541 8.72331 4.10779 19.6152 0.103637 9.77435 -2.6603 -5.37599 2.57773 -23.2091 -1.94454 179.152 176.486 179.429 177.364 -174.231 -179.654 1.05152 0.073629 -0.0197049 2.70357 1.56069 -1.03416 1.16454 -1.28723 1.15338 1.03885 -6.65755 0.917033 179.193 179.946 -179.979 0.349583 2.53044 0.465577 1.13416 0.661747 1.14445
-163.473 96.0275 47.9449 0.366718 3.21979 -3.37363 179.48 177.452 179.705 179.48 177.452 179.705 179.48 177.452 179.705 179.48 177.452 179.705 160.564 -179.946 179.438 141.429 145.164 165.356 1.84507 6.75143 -8.13945 179.751 -179.156 -169.933 20.4555 0.295 1.2041 41.1607 15.526 8.77963 4.11586 19.5999 0.108965 9.7751 -2.65787 -5.37341 2.57604 -23.2313 -1.94829 179.15 176.485 179.427 177.369 -174.177 -179.654 1.0515 0.0183852 -0.0197049 2.70173 1.61388 -1.03454 1.16456 -1.28859 1.15338 1.04521 -6.72614 0.918282 179.193 179.974 -179.979 0.334894 2.57674 0.471603 1.13426 0.656886 1.14445
-163.475 96.0279 47.9049 0.367434 3.27937 -3.37724 179.477 177.401 179.706 179.477 177.401 179.706 179.477 177.401 179.706 179.477 177.401 179.706 160.631 -179.833 179.438 141.359 145.202 165.341 1.84386 6.78236 -8.12999 179.802 -179.167 -169.966 20.4063 0.2127 1.20409 41.1965 15.5686 8.83253 4.16003 19.4989 0.0797887 9.70562 -2.644 -5.35359 2.57906 -23.2783 -1.95382 179.145 176.459 179.424 177.374 -174.117 -179.651 1.05148 -0.0354577 -0.0197049 2.70014 1.66854 -1.03873 1.16483 -1.3019 1.15339 1.05206 -6.803 0.911193 179.193 179.997 -179.979 0.318251 2.62299 0.485831 1.13531 0.604527 1.14443
-163.477 96.0283 47.8662 0.36799 3.33498 -3.38161 179.474 177.349 179.707 179.474 177.349 179.707 179.474 177.349 179.707 179.474 177.349 179.707 160.685 -179.763 179.438 141.34 145.231 165.287 1.83796 6.77524 -8.13098 179.8 -179.167 -169.974 20.3672 0.15157 1.20409 41.2211 15.5541 8.89042 4.16716 19.4845 0.0855858 9.70613 -2.64265 -5.35058 2.57882 -23.3005 -1.95867 179.144 176.459 179.421 177.38 -174.061 -179.65 1.05146 -0.0892445 -0.0197049 2.69794 1.72186 -1.0391 1.16486 -1.30326 1.15339 1.05879 -6.87336 0.913011 179.193 -179.976 -179.979 0.303016 2.67022 0.491611 1.13541 0.599491 1.14443
-163.479 96.0286 47.8249 0.368657 3.39515 -3.38537 179.47 177.295 179.708 179.47 177.295 179.708 179.47 177.295 179.708 179.47 177.295 179.708 160.755 -179.649 179.438 141.27 145.265 165.269 1.83526 6.7968 -8.1189 179.826 -179.173 -169.997 20.3157 0.0631406 1.20409 41.2604 15.6009 8.94262 4.20556 19.3891 0.0586215 9.643 -2.63175 -5.33125 2.58439 -23.3467 -1.96853 179.138 176.434 179.42 177.385 -173.997 -179.648 1.05145 -0.140635 -0.0197049 2.69593 1.77614 -1.04291 1.16513 -1.31654 1.15339 1.066 -6.95218 0.907648 179.193 -179.954 -179.979 0.285892 2.71722 0.504422 1.13649 0.545281 1.14442
-163.481 96.029 47.7851 0.369175 3.45122 -3.38995 179.467 177.241 179.71 179.467 177.241 179.71 179.467 177.241 179.71 179.467 177.241 179.71 160.812 -179.578 179.438 141.252 145.295 165.213 1.82791 6.78753 -8.11905 179.823 -179.173 -170.003 20.275 -0.000540877 1.20408 41.2866 15.5871 9.0021 4.21164 19.3759 0.0648277 9.64327 -2.63185 -5.32771 2.5857 -23.3684 -1.97433 179.138 176.435 179.416 177.391 -173.94 -179.647 1.05143 -0.192418 -0.019705 2.69336 1.8293 -1.04316 1.16515 -1.3179 1.15339 1.07308 -7.02418 0.910087 179.193 -179.927 -179.979 0.270114 2.76539 0.50995 1.13659 0.540069 1.14442
-163.483 96.0292 47.7426 0.369819 3.51189 -3.39391 179.463 177.186 179.711 179.463 177.186 179.711 179.463 177.186 179.711 179.463 177.186 179.711 160.885 -179.463 179.438 141.182 145.326 165.19 1.82387 6.79908 -8.10462 179.824 -179.175 -170.014 20.2212 -0.0953345 1.20409 41.3295 15.6381 9.05344 4.24299 19.2882 0.0405594 9.58911 -2.6249 -5.30921 2.59393 -23.4134 -1.9881 179.131 176.412 179.416 177.397 -173.874 -179.646 1.05141 -0.240761 -0.0197051 2.6909 1.88288 -1.04612 1.16542 -1.33119 1.1534 1.08062 -7.10483 0.906517 179.193 -179.906 -179.979 0.25254 2.81315 0.521302 1.13771 0.484024 1.14441
-163.485 96.0295 47.7017 0.370329 3.56831 -3.39872 179.459 177.129 179.713 179.459 177.129 179.713 179.459 177.129 179.713 179.459 177.129 179.713 160.944 -179.39 179.438 141.163 145.358 165.132 1.8152 6.78761 -8.10416 179.819 -179.175 -170.019 20.1787 -0.161536 1.20409 41.3574 15.6253 9.11458 4.24792 19.2766 0.0471488 9.58913 -2.62675 -5.30504 2.59686 -23.4343 -1.9946 179.131 176.413 179.411 177.403 -173.813 -179.645 1.05139 -0.290096 -0.0197051 2.68795 1.93561 -1.04613 1.16545 -1.33256 1.1534 1.08798 -7.17835 0.909578 179.193 -179.88 -179.979 0.236261 2.86223 0.526593 1.13782 0.478642 1.14441
-163.487 96.0296 47.658 0.370985 3.62939 -3.40289 179.455 177.072 179.714 179.455 177.072 179.714 179.455 177.072 179.714 179.455 177.072 179.714 161.019 -179.275 179.437 141.095 145.385 165.105 1.81005 6.78913 -8.08782 179.795 -179.172 -170.018 20.1225 -0.262733 1.2041 41.4041 15.6809 9.1651 4.27124 19.1981 0.0259251 9.54599 -2.62454 -5.28764 2.60782 -23.4775 -2.01148 179.123 176.392 179.413 177.409 -173.745 -179.645 1.05138 -0.33493 -0.0197052 2.68504 1.98825 -1.04776 1.16572 -1.34589 1.15341 1.09578 -7.26068 0.907724 179.193 -179.86 -179.979 0.218297 2.91076 0.536565 1.13898 0.42084 1.1444
-163.489 96.0299 47.6159 0.371522 3.68609 -3.40795 179.451 177.014 179.716 179.451 177.014 179.716 179.451 177.014 179.716 179.451 177.014 179.716 161.08 -179.2 179.437 141.076 145.418 165.044 1.80029 6.7755 -8.08701 179.788 -179.173 -170.022 20.0782 -0.331368 1.2041 41.4336 15.6693 9.22802 4.27492 19.1882 0.0329062 9.54576 -2.62836 -5.28282 2.6124 -23.4974 -2.01831 179.124 176.394 179.407 177.415 -173.682 -179.644 1.05136 -0.381486 -0.0197053 2.68174 2.04034 -1.04744 1.16574 -1.34728 1.15341 1.10336 -7.3356 0.91136 179.193 -179.835 -179.979 0.20159 2.96072 0.54166 1.13909 0.415299 1.1444
-163.492 96.03 47.5711 0.372226 3.7475 -3.41232 179.447 176.955 179.718 179.447 176.955 179.718 179.447 176.955 179.718 179.447 176.955 179.718 161.159 -179.085 179.437 141.009 145.441 165.013 1.79435 6.76758 -8.0693 179.742 -179.165 -170.009 20.0195 -0.438833 1.20412 41.484 15.7298 9.27792 4.28955 19.1197 0.0149704 9.51523 -2.63148 -5.26675 2.62607 -23.5389 -2.03721 179.115 176.374 179.41 177.421 -173.611 -179.645 1.05135 -0.422502 -0.0197054 2.67842 2.09187 -1.04729 1.16601 -1.3607 1.15341 1.11135 -7.41947 0.911007 179.193 -179.815 -179.979 0.18332 3.01002 0.550449 1.14027 0.35588 1.14439
-163.494 96.0301 47.5269 0.372919 3.80687 -3.41725 179.442 176.895 179.72 179.442 176.895 179.72 179.442 176.895 179.72 179.442 176.895 179.72 161.23 -178.998 179.437 140.971 145.475 164.959 1.78429 6.75171 -8.05923 179.728 -179.165 -170.009 19.9672 -0.519973 1.20413 41.5268 15.7323 9.33816 4.28941 19.1049 0.0153335 9.51291 -2.63826 -5.25945 2.63587 -23.5647 -2.04599 179.113 176.37 179.405 177.427 -173.542 -179.646 1.05133 -0.464071 -0.0197055 2.67486 2.14309 -1.0465 1.16608 -1.36407 1.15341 1.11922 -7.49992 0.914044 179.193 -179.793 -179.979 0.165712 3.06033 0.556277 1.14056 0.341631 1.14439
-163.497 96.0301 47.482 0.373623 3.86609 -3.4222 179.438 176.833 179.723 179.438 176.833 179.723 179.438 176.833 179.723 179.438 176.833 179.723 161.304 -178.892 179.437 140.924 145.496 164.916 1.77749 6.73552 -8.04994 179.666 -179.153 -169.986 19.9118 -0.623441 1.20416 41.5686 15.7875 9.39248 4.29786 19.0512 0.00761858 9.49731 -2.64605 -5.24662 2.64858 -23.5975 -2.06378 179.106 176.359 179.408 177.434 -173.471 -179.649 1.05132 -0.50312 -0.0197056 2.67114 2.19353 -1.04421 1.16632 -1.37581 1.15342 1.12715 -7.58093 0.915952 179.193 -179.771 -179.979 0.147799 3.11088 0.563332 1.14161 0.288797 1.14439
-163.499 96.0301 47.4367 0.374426 3.92565 -3.42736 179.433 176.771 179.725 179.433 176.771 179.725 179.433 176.771 179.725 179.433 176.771 179.725 161.377 -178.804 179.437 140.886 145.531 164.859 1.76666 6.71649 -8.03991 179.65 -179.152 -169.982 19.8573 -0.707646 1.20418 41.6136 15.792 9.45426 4.29492 19.0403 0.00870781 9.49582 -2.65543 -5.2389 2.66036 -23.622 -2.07195 179.104 176.355 179.403 177.44 -173.4 -179.65 1.05131 -0.541234 -0.0197058 2.66733 2.24377 -1.0424 1.16639 -1.37918 1.15342 1.13507 -7.66263 0.919537 179.193 -179.749 -179.979 0.12999 3.16196 0.568938 1.1419 0.274459 1.14438
-163.502 96.0301 47.3907 0.375262 3.98499 -3.43253 179.429 176.708 179.727 179.429 176.708 179.727 179.429 176.708 179.727 179.429 176.708 179.727 161.453 -178.697 179.437 140.839 145.55 164.814 1.76007 6.6947 -8.03058 179.571 -179.136 -169.949 19.7995 -0.815839 1.20421 41.6582 15.8502 9.50883 4.29575 18.9962 0.00436123 9.49355 -2.66846 -5.22782 2.67528 -23.6536 -2.08905 179.097 176.345 179.407 177.446 -173.327 -179.655 1.0513 -0.576715 -0.0197059 2.66334 2.29319 -1.03807 1.16663 -1.39106 1.15343 1.14302 -7.74478 0.922069 179.193 -179.728 -179.979 0.111944 3.2133 0.575686 1.14297 0.2209 1.14438
-163.504 96.0301 47.3442 0.376221 4.04466 -3.43792 179.424 176.644 179.73 179.424 176.644 179.73 179.424 176.644 179.73 179.424 176.644 179.73 161.528 -178.608 179.437 140.801 145.586 164.755 1.74886 6.673 -8.02093 179.554 -179.134 -169.943 19.7427 -0.902961 1.20423 41.7052 15.8571 9.57233 4.29004 18.9886 0.00629842 9.49288 -2.68021 -5.21983 2.68895 -23.677 -2.09608 179.094 176.341 179.401 177.453 -173.254 -179.657 1.05128 -0.611439 -0.019706 2.65936 2.34246 -1.03512 1.1667 -1.39452 1.15343 1.1509 -7.82758 0.926003 179.194 -179.707 -179.979 0.0940382 3.26514 0.581277 1.14326 0.206326 1.14438
-163.507 96.03 47.2972 0.377235 4.10405 -3.44333 179.419 176.578 179.733 179.419 176.578 179.733 179.419 176.578 179.733 179.419 176.578 179.733 161.606 -178.499 179.437 140.754 145.605 164.707 1.74287 6.64701 -8.01202 179.461 -179.113 -169.9 19.6824 -1.01572 1.20427 41.7523 15.9194 9.62747 4.28407 18.9519 0.00494411 9.50294 -2.69809 -5.21045 2.70587 -23.7075 -2.11153 179.087 176.332 179.405 177.459 -173.179 -179.664 1.05127 -0.643488 -0.0197061 2.65519 2.39095 -1.02853 1.16694 -1.40672 1.15344 1.15875 -7.9107 0.928837 179.194 -179.686 -179.979 0.0759503 3.31728 0.588064 1.14435 0.151941 1.14437
-163.509 96.0298 47.2497 0.378398 4.16372 -3.44898 179.414 176.512 179.735 179.414 176.512 179.735 179.414 176.512 179.735 179.414 176.512 179.735 161.684 -178.408 179.437 140.715 145.642 164.646 1.73163 6.62318 -8.003 179.443 -179.11 -169.89 19.6233 -1.10564 1.20431 41.8011 15.9286 9.69278 4.27583 18.9469 0.00779195 9.50302 -2.71189 -5.2024 2.72131 -23.7301 -2.11692 179.084 176.329 179.4 177.465 -173.103 -179.668 1.05126 -0.675012 -0.0197063 2.65112 2.43935 -1.02435 1.16701 -1.41029 1.15344 1.16651 -7.99445 0.932939 179.194 -179.665 -179.979 0.0580423 3.36987 0.593865 1.14464 0.137175 1.14437
-163.512 96.0296 47.2015 0.379637 4.22305 -3.45467 179.409 176.445 179.738 179.409 176.445 179.738 179.409 176.445 179.738 179.409 176.445 179.738 161.764 -178.298 179.437 140.668 145.66 164.596 1.72655 6.59446 -7.99491 179.339 -179.084 -169.839 19.5605 -1.22275 1.20436 41.8505 15.9951 9.74872 4.26397 18.916 0.00909782 9.52397 -2.73396 -5.19468 2.74004 -23.76 -2.12983 179.076 176.32 179.405 177.471 -173.025 -179.676 1.05125 -0.703884 -0.0197064 2.64682 2.48704 -1.01534 1.16727 -1.42293 1.15344 1.1742 -8.07838 0.935789 179.194 -179.644 -179.979 0.0399894 3.42279 0.601042 1.14574 0.0821371 1.14437
-163.514 96.0294 47.1529 0.381028 4.28246 -3.46057 179.404 176.377 179.741 179.404 176.377 179.741 179.404 176.377 179.741 179.404 176.377 179.741 161.845 -178.195 179.437 140.625 145.687 164.54 1.71932 6.5669 -7.98714 179.268 -179.064 -169.8 19.4974 -1.32917 1.20441 41.9003 16.04 9.81082 4.25157 18.896 0.0120448 9.53973 -2.75444 -5.18747 2.75823 -23.7861 -2.13758 179.07 176.314 179.405 177.477 -172.948 -179.684 1.05124 -0.731885 -0.0197065 2.6426 2.53456 -1.0073 1.16744 -1.4316 1.15345 1.18176 -8.16279 0.939212 179.194 -179.624 -179.979 0.0220598 3.47614 0.607936 1.14647 0.0456707 1.14437
-163.516 96.0291 47.1038 0.38256 4.34177 -3.46667 179.398 176.308 179.744 179.398 176.308 179.744 179.398 176.308 179.744 179.398 176.308 179.744 161.926 -178.092 179.437 140.582 145.716 164.483 1.7122 6.53896 -7.97982 179.2 -179.045 -169.762 19.4333 -1.43704 1.20446 41.9515 16.0826 9.87327 4.23737 18.8806 0.016012 9.55652 -2.77553 -5.18069 2.77725 -23.812 -2.14345 179.064 176.308 179.404 177.483 -172.869 -179.692 1.05123 -0.758547 -0.0197066 2.63836 2.58182 -0.998321 1.16762 -1.44022 1.15345 1.1892 -8.24751 0.942557 179.194 -179.603 -179.979 0.00418569 3.52987 0.615184 1.14718 0.0102879 1.14437
-163.519 96.0288 47.0542 0.384246 4.40094 -3.47297 179.393 176.238 179.747 179.393 176.238 179.747 179.393 176.238 179.747 179.393 176.238 179.747 162.009 -177.987 179.437 140.537 145.745 164.425 1.70551 6.5107 -7.97305 179.131 -179.024 -169.721 19.3681 -1.54657 1.20452 42.0038 16.1256 9.93634 4.22178 18.8668 0.0207311 9.57493 -2.79742 -5.17435 2.79698 -23.8379 -2.14777 179.058 176.301 179.404 177.489 -172.789 -179.701 1.05122 -0.783973 -0.0197067 2.63411 2.62885 -0.988383 1.16779 -1.44906 1.15346 1.1965 -8.33251 0.945798 179.194 -179.583 -179.979 179.986 176.416 -179.377 1.14788 -0.0251317 1.14437
-163.521 96.0284 47.004 0.386095 4.45995 -3.47951 179.387 176.166 179.75 179.387 176.166 179.75 179.387 176.166 179.75 179.387 176.166 179.75 162.092 -177.881 179.437 140.493 145.775 164.367 1.69934 6.48233 -7.96684 179.061 -179.002 -169.678 19.3017 -1.65779 1.20459 42.057 16.1697 10.0001 4.20511 18.8535 0.0260673 9.59466 -2.81994 -5.16845 2.81735 -23.8639 -2.15055 179.052 176.295 179.404 177.495 -172.709 -179.711 1.05122 -0.808274 -0.0197068 2.62987 2.67572 -0.977499 1.16798 -1.45816 1.15346 1.20365 -8.41775 0.94892 179.194 -179.562 -179.979 179.969 176.361 -179.369 1.14859 -0.0606466 1.14437
-163.523 96.028 46.9534 0.388118 4.51876 -3.48632 179.382 176.094 179.753 179.382 176.094 179.753 179.382 176.094 179.753 179.382 176.094 179.753 162.176 -177.773 179.437 140.447 145.806 164.308 1.69374 6.45403 -7.96121 178.989 -178.977 -169.633 19.2341 -1.77071 1.20466 42.1111 16.2147 10.0645 4.18761 18.8404 0.031924 9.61532 -2.84289 -5.16294 2.8383 -23.8901 -2.15176 179.045 176.289 179.403 177.5 -172.628 -179.722 1.05121 -0.831563 -0.019707 2.62562 2.7225 -0.96569 1.16817 -1.46756 1.15347 1.21065 -8.5032 0.951917 179.194 -179.542 -179.979 179.951 176.307 -179.36 1.1493 -0.0962486 1.14437
-163.525 96.0276 46.9023 0.390322 4.57734 -3.49342 179.376 176.021 179.756 179.376 176.021 179.756 179.376 176.021 179.756 179.376 176.021 179.756 162.262 -177.664 179.437 140.402 145.837 164.248 1.68874 6.42594 -7.95615 178.917 -178.951 -169.586 19.1654 -1.88535 1.20474 42.166 16.2607 10.1295 4.16953 18.8269 0.0382147 9.63654 -2.86607 -5.1578 2.85978 -23.9166 -2.15141 179.038 176.282 179.403 177.506 -172.547 -179.733 1.0512 -0.853955 -0.0197071 2.62138 2.76924 -0.952985 1.16836 -1.47727 1.15347 1.21747 -8.58882 0.954792 179.194 -179.521 -179.979 179.933 176.251 -179.351 1.15002 -0.131928 1.14437
-163.527 96.027 46.8507 0.392717 4.63565 -3.50084 179.371 175.947 179.76 179.371 175.947 179.76 179.371 175.947 179.76 179.371 175.947 179.76 162.348 -177.553 179.437 140.355 145.869 164.188 1.68436 6.39819 -7.95166 178.844 -178.923 -169.537 19.0955 -2.00171 1.20482 42.2218 16.3074 10.1952 4.15108 18.8129 0.0448505 9.65795 -2.88929 -5.15301 2.88173 -23.9435 -2.14951 179.031 176.275 179.403 177.511 -172.465 -179.746 1.05119 -0.875568 -0.0197072 2.61713 2.81602 -0.939424 1.16857 -1.48734 1.15348 1.22414 -8.67458 0.957553 179.194 -179.501 -179.979 179.916 176.195 -179.341 1.15073 -0.167676 1.14438
-163.529 96.0265 46.7986 0.39531 4.69368 -3.50861 179.365 175.872 179.763 179.365 175.872 179.763 179.365 175.872 179.763 179.365 175.872 179.763 162.436 -177.441 179.437 140.308 145.902 164.128 1.68062 6.37087 -7.94773 178.772 -178.893 -169.487 19.0247 -2.11981 1.20491 42.2783 16.3547 10.2614 4.1325 18.798 0.0517436 9.6792 -2.9124 -5.14852 2.90409 -23.9709 -2.14609 179.024 176.268 179.403 177.516 -172.383 -179.758 1.05119 -0.896515 -0.0197073 2.61287 2.8629 -0.925057 1.16878 -1.49778 1.15348 1.23063 -8.76045 0.960216 179.194 -179.48 -179.979 179.898 176.139 -179.331 1.15145 -0.203489 1.14438
-163.531 96.0259 46.746 0.398106 4.75139 -3.51677 179.359 175.795 179.767 179.359 175.795 179.767 179.359 175.795 179.767 179.359 175.795 179.767 162.524 -177.327 179.437 140.26 145.936 164.067 1.67753 6.34406 -7.94431 178.699 -178.861 -169.437 18.9528 -2.23969 1.20501 42.3357 16.4025 10.3282 4.11397 18.782 0.058803 9.69998 -2.93523 -5.14429 2.92681 -23.999 -2.1412 179.017 176.261 179.402 177.521 -172.3 -179.771 1.05118 -0.916909 -0.0197074 2.60859 2.90994 -0.909944 1.16899 -1.50861 1.15349 1.23695 -8.84641 0.962799 179.194 -179.46 -179.979 179.881 176.083 -179.32 1.15216 -0.239363 1.14438
-163.533 96.0252 46.693 0.401111 4.80875 -3.52532 179.353 175.718 179.77 179.353 175.718 179.77 179.353 175.718 179.77 179.353 175.718 179.77 162.613 -177.211 179.437 140.211 145.971 164.006 1.67509 6.31781 -7.94139 178.627 -178.827 -169.386 18.8799 -2.36137 1.20511 42.3938 16.4504 10.3955 4.09568 18.7647 0.0659416 9.71999 -2.95767 -5.14026 2.94984 -24.0277 -2.1349 179.009 176.253 179.402 177.526 -172.218 -179.785 1.05117 -0.936855 -0.0197075 2.60428 2.9572 -0.894152 1.16922 -1.51987 1.15349 1.24311 -8.93244 0.965324 179.194 -179.44 -179.979 179.863 176.026 -179.308 1.15288 -0.275294 1.14438
-163.535 96.0245 46.6395 0.404327 4.86575 -3.5343 179.347 175.639 179.774 179.347 175.639 179.774 179.347 175.639 179.774 179.347 175.639 179.774 162.704 -177.093 179.437 140.162 146.006 163.944 1.67331 6.29214 -7.93894 178.555 -178.792 -169.335 18.8061 -2.48486 1.20522 42.4528 16.4985 10.4633 4.07779 18.7459 0.0730712 9.73899 -2.9796 -5.13638 2.97312 -24.0572 -2.12726 179.001 176.245 179.402 177.531 -172.135 -179.799 1.05116 -0.956455 -0.0197076 2.59993 3.00473 -0.877757 1.16946 -1.53156 1.1535 1.2491 -9.01852 0.967812 179.194 -179.419 -179.979 179.846 175.969 -179.295 1.1536 -0.311282 1.14439
-163.536 96.0238 46.5856 0.407758 4.92236 -3.54373 179.341 175.56 179.778 179.341 175.56 179.778 179.341 175.56 179.778 179.341 175.56 179.778 162.795 -176.974 179.437 140.112 146.042 163.882 1.67218 6.26705 -7.93691 178.485 -178.756 -169.286 18.7315 -2.61018 1.20534 42.5126 16.5465 10.5315 4.06047 18.7255 0.0801085 9.75676 -3.00095 -5.1326 2.99661 -24.0877 -2.11835 178.994 176.237 179.401 177.535 -172.053 -179.813 1.05116 -0.9758 -0.0197077 2.59552 3.05258 -0.860842 1.1697 -1.54372 1.15351 1.25493 -9.10462 0.970285 179.194 -179.399 -179.979 179.829 175.911 -179.282 1.15432 -0.347324 1.14439
-163.538 96.0229 46.5312 0.411404 4.97858 -3.55359 179.335 175.479 179.782 179.335 175.479 179.782 179.335 175.479 179.782 179.335 175.479 179.782 162.887 -176.852 179.437 140.061 146.078 163.819 1.67166 6.24249 -7.93525 178.417 -178.719 -169.237 18.6561 -2.73735 1.20546 42.5731 16.5941 10.6001 4.04381 18.7035 0.0869814 9.77309 -3.02163 -5.12886 3.02026 -24.1191 -2.10826 178.985 176.229 179.401 177.54 -171.97 -179.827 1.05115 -0.994973 -0.0197079 2.59105 3.10081 -0.843496 1.16996 -1.55634 1.15351 1.26061 -9.19075 0.972761 179.194 -179.379 -179.979 179.811 175.853 -179.268 1.15504 -0.383383 1.1444
-163.539 96.0221 46.4763 0.415265 5.03438 -3.56391 179.328 175.397 179.786 179.328 175.397 179.786 179.328 175.397 179.786 179.328 175.397 179.786 162.98 -176.729 179.437 140.009 146.115 163.756 1.67182 6.21848 -7.93394 178.352 -178.68 -169.191 18.5799 -2.86641 1.20559 42.6345 16.6415 10.6691 4.02796 18.6796 0.093592 9.788 -3.04166 -5.1251 3.04401 -24.1515 -2.09707 178.977 176.22 179.401 177.544 -171.887 -179.841 1.05115 -1.01405 -0.019708 2.58651 3.14945 -0.825804 1.17022 -1.56948 1.15352 1.26614 -9.27687 0.975251 179.194 -179.359 -179.979 179.794 175.794 -179.254 1.15576 -0.419562 1.1444
-163.541 96.0212 46.4207 0.419483 5.09045 -3.57394 179.322 175.315 179.79 179.322 175.315 179.79 179.322 175.315 179.79 179.322 175.315 179.79 163.074 -176.604 179.437 139.957 146.152 163.692 1.67257 6.19488 -7.93294 178.289 -178.642 -169.148 18.503 -2.99723 1.20573 42.6967 16.6882 10.7384 4.01296 18.6541 0.099902 9.80127 -3.06099 -5.12125 3.06787 -24.185 -2.08487 178.969 176.211 179.4 177.548 -171.79 -179.872 1.05115 -1.00278 -0.0197079 2.58065 3.18275 -0.790964 1.17048 -1.58225 1.15353 1.27129 -9.36382 0.976963 179.194 -179.339 -179.979 179.776 175.736 -179.239 1.15649 -0.455821 1.14441
-163.542 96.0203 46.3648 0.423854 5.14578 -3.5847 179.315 175.231 179.795 179.315 175.231 179.795 179.315 175.231 179.795 179.315 175.231 179.795 163.17 -176.477 179.436 139.904 146.189 163.627 1.67386 6.17157 -7.93216 178.231 -178.604 -169.109 18.4256 -3.12995 1.20588 42.7597 16.7341 10.8079 3.99887 18.6269 0.105857 9.81282 -3.07959 -5.11728 3.09174 -24.2198 -2.07173 178.96 176.202 179.4 177.552 -171.699 -179.897 1.05115 -1.00443 -0.0197079 2.57518 3.22324 -0.762971 1.17075 -1.59581 1.15354 1.2764 -9.45039 0.97904 179.194 -179.319 -179.979 179.759 175.677 -179.223 1.15721 -0.491998 1.14441
-163.543 96.0193 46.3085 0.428437 5.20068 -3.59588 179.309 175.146 179.799 179.309 175.146 179.799 179.309 175.146 179.799 179.309 175.146 179.799 163.266 -176.348 179.436 139.851 146.227 163.562 1.67573 6.14852 -7.93157 178.176 -178.566 -169.074 18.3475 -3.26457 1.20604 42.8236 16.779 10.8778 3.98577 18.5981 0.111377 9.82279 -3.09754 -5.11313 3.1156 -24.2559 -2.05775 178.952 176.193 179.399 177.556 -171.609 -179.92 1.05115 -1.0061 -0.0197079 2.56959 3.2642 -0.734879 1.17103 -1.60992 1.15354 1.28136 -9.53691 0.981136 179.194 -179.3 -179.979 179.741 175.617 -179.206 1.15793 -0.528239 1.14442
-163.545 96.0182 46.2518 0.433227 5.25512 -3.60743 179.302 175.06 179.803 179.302 175.06 179.803 179.302 175.06 179.803 179.302 175.06 179.803 163.363 -176.217 179.436 139.797 146.264 163.496 1.67815 6.12559 -7.93114 178.127 -178.529 -169.043 18.2689 -3.40107 1.20621 42.8883 16.823 10.9478 3.97369 18.5676 0.116423 9.83119 -3.11487 -5.10875 3.13941 -24.2934 -2.043 178.943 176.184 179.399 177.56 -171.518 -179.944 1.05115 -1.00779 -0.0197079 2.56386 3.30561 -0.7067 1.17133 -1.62458 1.15355 1.28618 -9.62337 0.98324 179.194 -179.28 -179.979 179.724 175.558 -179.189 1.15866 -0.564497 1.14443
-163.546 96.0172 46.1947 0.438231 5.30917 -3.61932 179.296 174.973 179.808 179.296 174.973 179.808 179.296 174.973 179.808 179.296 174.973 179.808 163.461 -176.087 179.436 139.743 146.306 163.427 1.67851 6.10129 -7.93022 178.105 -178.5 -169.029 18.1906 -3.53477 1.20638 42.9556 16.8494 11.0189 3.9605 18.5481 0.122982 9.83441 -3.12954 -5.10445 3.16358 -24.3316 -2.02805 178.935 176.175 179.399 177.563 -171.428 -179.966 1.05115 -1.00952 -0.0197079 2.55809 3.3474 -0.680223 1.17156 -1.6362 1.15356 1.29085 -9.70978 0.985768 179.194 -179.261 -179.979 179.706 175.498 -179.172 1.1592 -0.591749 1.14443
-163.547 96.016 46.1372 0.443415 5.36261 -3.6315 179.289 174.885 179.812 179.289 174.885 179.812 179.289 174.885 179.812 179.289 174.885 179.812 163.561 -175.949 179.436 139.687 146.339 163.361 1.68434 6.07929 -7.9304 178.047 -178.46 -169.001 18.1105 -3.67961 1.20657 43.0207 16.9047 11.0881 3.95231 18.5049 0.125232 9.84348 -3.14778 -5.09927 3.18684 -24.3727 -2.01146 178.927 176.165 179.398 177.567 -171.338 -179.992 1.05115 -1.01125 -0.019708 2.552 3.38979 -0.650324 1.17195 -1.65537 1.15357 1.29539 -9.79599 0.987383 179.194 -179.241 -179.979 179.688 175.438 -179.153 1.1601 -0.636608 1.14444
-163.548 96.0149 46.0793 0.448815 5.41571 -3.64394 179.282 174.796 179.817 179.282 174.796 179.817 179.282 174.796 179.817 179.282 174.796 179.817 163.661 -175.816 179.436 139.632 146.379 163.291 1.68625 6.05541 -7.92974 178.03 -178.432 -168.996 18.0312 -3.81693 1.20676 43.0895 16.9299 11.1597 3.94096 18.4815 0.130801 9.84564 -3.16192 -5.09455 3.21072 -24.4141 -1.99554 178.918 176.156 179.398 177.57 -171.248 179.987 1.05115 -1.01302 -0.019708 2.54595 3.43245 -0.62399 1.1722 -1.66793 1.15358 1.29975 -9.88212 0.989847 179.194 -179.222 -179.979 179.67 175.378 -179.135 1.16065 -0.664027 1.14445
-163.548 96.0137 46.0211 0.454388 5.46815 -3.65655 179.276 174.706 179.822 179.276 174.706 179.822 179.276 174.706 179.822 179.276 174.706 179.822 163.762 -175.675 179.436 139.575 146.411 163.223 1.6925 6.03196 -7.92968 177.99 -178.397 -168.983 17.9503 -3.96565 1.20697 43.1563 16.9834 11.2292 3.93532 18.4343 0.131609 9.851 -3.17903 -5.08846 3.23366 -24.4586 -1.97773 178.91 176.147 179.397 177.573 -171.159 179.962 1.05114 -1.0148 -0.019708 2.53958 3.47569 -0.594279 1.17262 -1.68854 1.15359 1.30397 -9.96797 0.991255 179.194 -179.203 -179.979 179.652 175.317 -179.115 1.16154 -0.708942 1.14446
-163.549 96.0125 45.9626 0.460198 5.52061 -3.66938 179.269 174.615 179.826 179.269 174.615 179.826 179.269 174.615 179.826 179.269 174.615 179.826 163.863 -175.55 179.436 139.526 146.458 163.144 1.69539 6.00824 -7.92977 177.987 -178.377 -168.991 17.8716 -4.09292 1.20716 43.2253 16.9842 11.3078 3.92646 18.419 0.137222 9.84985 -3.19205 -5.08382 3.25595 -24.4985 -1.96288 178.904 176.142 179.399 177.576 -171.069 179.946 1.05114 -1.01668 -0.019708 2.53361 3.51887 -0.573681 1.17277 -1.69617 1.15359 1.308 -10.0542 0.995584 179.194 -179.184 -179.979 179.634 175.257 -179.097 1.16185 -0.724047 1.14446
-163.55 96.0112 45.9037 0.466121 5.5716 -3.68213 179.262 174.522 179.831 179.262 174.522 179.831 179.262 174.522 179.831 179.262 174.522 179.831 163.968 -175.393 179.436 139.461 146.481 163.082 1.70214 5.98232 -7.92843 177.961 -178.347 -168.994 17.7889 -4.25891 1.20742 43.2961 17.0538 11.3701 3.92221 18.3612 0.135906 9.85433 -3.20888 -5.07629 3.27983 -24.5514 -1.94225 178.894 176.128 179.396 177.579 -170.98 179.916 1.05114 -1.01846 -0.019708 2.52666 3.56317 -0.53886 1.17333 -1.72384 1.15361 1.31185 -10.1389 0.994573 179.194 -179.164 -179.979 179.615 175.196 -179.075 1.16297 -0.78052 1.14448
-163.551 96.0099 45.8446 0.472309 5.62298 -3.69505 179.255 174.429 179.835 179.255 174.429 179.835 179.255 174.429 179.835 179.255 174.429 179.835 164.071 -175.265 179.436 139.411 146.528 163 1.7067 5.95877 -7.9288 177.961 -178.328 -169.01 17.7095 -4.38947 1.20763 43.3667 17.0529 11.4491 3.91448 18.3433 0.140842 9.8532 -3.22181 -5.07118 3.30173 -24.5948 -1.92697 178.888 176.123 179.398 177.581 -170.891 179.9 1.05114 -1.02037 -0.019708 2.52046 3.60708 -0.518525 1.1735 -1.73211 1.15361 1.31547 -10.2245 0.998668 179.194 -179.146 -179.979 179.597 175.135 -179.057 1.16328 -0.795751 1.14448
-163.551 96.0086 45.7851 0.478607 5.67277 -3.70777 179.248 174.334 179.84 179.248 174.334 179.84 179.248 174.334 179.84 179.248 174.334 179.84 164.177 -175.105 179.435 139.346 146.548 162.938 1.71291 5.92848 -7.92612 177.963 -178.309 -169.034 17.6262 -4.55952 1.20791 43.4392 17.1206 11.5112 3.91322 18.2813 0.137827 9.85482 -3.23797 -5.06258 3.32516 -24.6518 -1.90538 178.878 176.11 179.394 177.584 -170.803 179.87 1.05114 -1.02219 -0.019708 2.5133 3.65205 -0.484097 1.17409 -1.76185 1.15363 1.31888 -10.3084 0.997028 179.194 -179.126 -179.979 179.578 175.073 -179.033 1.16441 -0.852132 1.1445
-163.552 96.0073 45.7255 0.485144 5.7225 -3.72048 179.241 174.239 179.844 179.241 174.239 179.844 179.241 174.239 179.844 179.241 174.239 179.844 164.283 -174.963 179.435 139.289 146.585 162.862 1.7191 5.90275 -7.92506 177.969 -178.293 -169.061 17.5449 -4.70745 1.20816 43.5134 17.139 11.5831 3.90719 18.2499 0.140415 9.8548 -3.25133 -5.05604 3.34784 -24.7043 -1.88768 178.87 176.101 179.395 177.586 -170.715 179.849 1.05114 -1.0241 -0.019708 2.5066 3.69688 -0.458714 1.17441 -1.7773 1.15364 1.32203 -10.3924 0.998442 179.194 -179.107 -179.979 179.56 175.011 -179.012 1.16495 -0.879194 1.14451
-163.552 96.006 45.6656 0.491866 5.77149 -3.73305 179.234 174.143 179.848 179.234 174.143 179.848 179.234 174.143 179.848 179.234 174.143 179.848 164.391 -174.816 179.435 139.23 146.617 162.787 1.72569 5.87494 -7.92343 177.982 -178.282 -169.096 17.4631 -4.86169 1.20843 43.5884 17.164 11.6529 3.90386 18.2125 0.14101 9.85492 -3.26568 -5.04869 3.37012 -24.7594 -1.869 178.863 176.092 179.395 177.588 -170.628 179.827 1.05114 -1.02601 -0.019708 2.49973 3.74205 -0.431749 1.17479 -1.79658 1.15365 1.32491 -10.4758 0.998982 179.194 -179.087 -179.979 179.541 174.95 -178.99 1.16561 -0.912251 1.14452
-163.552 96.0047 45.6056 0.498775 5.81969 -3.74542 179.227 174.045 179.853 179.227 174.045 179.853 179.227 174.045 179.853 179.227 174.045 179.853 164.499 -174.662 179.435 139.17 146.639 162.714 1.73032 5.83714 -7.91956 178.022 -178.28 -169.147 17.3799 -5.02375 1.20873 43.6613 17.2117 11.722 3.90657 18.1521 0.137082 9.85237 -3.2808 -5.03934 3.39158 -24.8177 -1.84823 178.856 176.083 179.392 177.589 -170.541 179.802 1.05114 -1.02792 -0.0197081 2.4927 3.78754 -0.402868 1.17534 -1.82383 1.15367 1.32749 -10.5585 0.998536 179.194 -179.068 -179.979 179.522 174.888 -178.967 1.16653 -0.958306 1.14453
-163.552 96.0034 45.5454 0.505907 5.86736 -3.75758 179.22 173.947 179.857 179.22 173.947 179.857 179.22 173.947 179.857 179.22 173.947 179.857 164.608 -174.515 179.435 139.111 146.674 162.635 1.73805 5.80894 -7.91757 178.039 -178.274 -169.189 17.2979 -5.17678 1.20902 43.7388 17.2251 11.7932 3.90299 18.1186 0.138517 9.8519 -3.29413 -5.03186 3.41366 -24.8764 -1.83009 178.849 176.075 179.393 177.59 -170.455 179.78 1.05114 -1.02987 -0.0197081 2.48584 3.83308 -0.377694 1.17568 -1.84071 1.15368 1.32975 -10.6405 0.999027 179.194 -179.048 -179.979 179.503 174.825 -178.945 1.16705 -0.984671 1.14454
-163.552 96.002 45.485 0.513231 5.91411 -3.76947 179.214 173.847 179.861 179.214 173.847 179.861 179.214 173.847 179.861 179.214 173.847 179.861 164.718 -174.358 179.435 139.051 146.694 162.56 1.74207 5.76748 -7.91239 178.098 -178.281 -169.254 17.2144 -5.34188 1.20934 43.8148 17.2657 11.8611 3.90638 18.0608 0.134666 9.84905 -3.30896 -5.02215 3.43489 -24.9389 -1.80924 178.842 176.066 179.391 177.591 -170.369 179.754 1.05114 -1.03179 -0.0197081 2.47874 3.87896 -0.348789 1.17624 -1.86852 1.1537 1.33167 -10.7217 0.997868 179.194 -179.029 -179.979 179.484 174.763 -178.922 1.16792 -1.02787 1.14455
-163.552 96.0007 45.4246 0.520781 5.9602 -3.78111 179.207 173.747 179.865 179.207 173.747 179.865 179.207 173.747 179.865 179.207 173.747 179.865 164.829 -174.205 179.435 138.991 146.719 162.482 1.7477 5.72876 -7.90765 178.148 -178.287 -169.316 17.1312 -5.50353 1.20966 43.8929 17.2928 11.9303 3.90764 18.0117 0.132872 9.84684 -3.32288 -5.01302 3.45627 -25.0029 -1.78951 178.836 176.058 179.39 177.592 -170.284 179.73 1.05114 -1.03374 -0.0197081 2.47173 3.92491 -0.321568 1.17672 -1.89212 1.15372 1.33322 -10.8022 0.997023 179.194 -179.008 -179.979 179.466 174.7 -178.899 1.16861 -1.0626 1.14457
-163.552 95.9994 45.3642 0.528561 6.00563 -3.79246 179.2 173.645 179.869 179.2 173.645 179.869 179.2 173.645 179.869 179.2 173.645 179.869 164.941 -174.054 179.434 138.93 146.752 162.402 1.75625 5.69712 -7.90415 178.176 -178.289 -169.37 17.0484 -5.66202 1.20999 43.9742 17.3021 11.9998 3.90609 17.9765 0.133616 9.8467 -3.33647 -5.00478 3.47788 -25.0685 -1.77104 178.829 176.05 179.391 177.592 -170.2 179.707 1.05114 -1.03571 -0.0197081 2.46481 3.9709 -0.295829 1.1771 -1.91089 1.15373 1.33438 -10.8818 0.996458 179.194 -178.988 -179.979 179.447 174.636 -178.876 1.16913 -1.08878 1.14458
-163.551 95.9981 45.3034 0.536556 6.05085 -3.80412 179.193 173.543 179.872 179.193 173.543 179.872 179.193 173.543 179.872 179.193 173.543 179.872 165.053 -173.893 179.434 138.868 146.769 162.325 1.75921 5.6486 -7.89662 178.257 -178.307 -169.45 16.9642 -5.83119 1.21035 44.0541 17.3368 12.0661 3.9109 17.9181 0.129765 9.84411 -3.35113 -4.99453 3.49866 -25.137 -1.75004 178.824 176.042 179.389 177.591 -170.116 179.681 1.05114 -1.03765 -0.0197081 2.4577 4.0172 -0.266436 1.1777 -1.94062 1.15375 1.33544 -10.9745 1.00302 179.194 -178.996 -179.979 179.43 174.589 -178.86 1.16994 -1.1292 1.14459
-163.551 95.9969 45.2427 0.544789 6.09522 -3.8153 179.186 173.44 179.876 179.186 173.44 179.876 179.186 173.44 179.876 179.186 173.44 179.876 165.167 -173.736 179.434 138.806 146.791 162.245 1.7645 5.60378 -7.8897 178.322 -178.323 -169.524 16.8801 -5.99741 1.21071 44.136 17.3604 12.1334 3.91376 17.8669 0.127822 9.84214 -3.36504 -4.98478 3.51961 -25.2074 -1.73014 178.818 176.035 179.388 177.591 -170.032 179.656 1.05114 -1.03961 -0.0197081 2.45069 4.06347 -0.238366 1.17821 -1.96621 1.15377 1.336 -11.0614 1.00685 179.194 -178.994 -179.979 179.412 174.535 -178.842 1.17061 -1.16243 1.14461
-163.55 95.9956 45.182 0.553255 6.13896 -3.82623 179.179 173.336 179.88 179.179 173.336 179.88 179.179 173.336 179.88 179.179 173.336 179.88 165.281 -173.578 179.434 138.743 146.814 162.165 1.76981 5.55796 -7.8822 178.388 -178.34 -169.598 16.7957 -6.16503 1.21109 44.2195 17.3815 12.1996 3.91682 17.8164 0.12612 9.84053 -3.379 -4.97497 3.54046 -25.2798 -1.7103 178.812 176.027 179.387 177.59 -169.949 179.63 1.05114 -1.04157 -0.0197081 2.44368 4.1098 -0.209857 1.17874 -1.99215 1.15379 1.33616 -11.1477 1.01051 179.194 -178.991 -179.979 179.395 174.481 -178.824 1.17126 -1.19501 1.14462
-163.549 95.9943 45.1213 0.561958 6.18217 -3.83694 179.172 173.231 179.883 179.172 173.231 179.883 179.172 173.231 179.883 179.172 173.231 179.883 165.396 -173.418 179.434 138.679 146.835 162.085 1.77502 5.51039 -7.87399 178.456 -178.359 -169.674 16.711 -6.33401 1.21148 44.3044 17.4015 12.265 3.92017 17.7654 0.124597 9.8391 -3.39293 -4.96503 3.56121 -25.3543 -1.69048 178.806 176.02 179.386 177.589 -169.867 179.603 1.05114 -1.04354 -0.0197082 2.43668 4.15615 -0.180846 1.17927 -2.01863 1.1538 1.33593 -11.2333 1.01405 179.194 -178.989 -179.979 179.378 174.428 -178.806 1.1719 -1.22727 1.14463
-163.548 95.993 45.0606 0.570894 6.22492 -3.84745 179.165 173.126 179.886 179.165 173.126 179.886 179.165 173.126 179.886 179.165 173.126 179.886 165.512 -173.258 179.434 138.614 146.856 162.005 1.78008 5.461 -7.86504 178.525 -178.38 -169.75 16.626 -6.50426 1.21189 44.3907 17.4208 12.3293 3.92379 17.7137 0.123278 9.83773 -3.40681 -4.95499 3.58186 -25.4306 -1.6707 178.801 176.013 179.386 177.587 -169.785 179.575 1.05113 -1.04552 -0.0197082 2.42967 4.20252 -0.151281 1.17981 -2.0456 1.15382 1.33532 -11.3185 1.01754 179.194 -178.986 -179.979 179.361 174.374 -178.787 1.17254 -1.25926 1.14465
-163.547 95.9917 44.9999 0.580061 6.26736 -3.85781 179.158 173.02 179.89 179.158 173.02 179.89 179.158 173.02 179.89 179.158 173.02 179.89 165.629 -173.096 179.433 138.549 146.876 161.924 1.78502 5.40984 -7.85539 178.595 -178.401 -169.825 16.5405 -6.67568 1.21231 44.4785 17.4396 12.3924 3.92763 17.6612 0.122209 9.83637 -3.4206 -4.94483 3.60242 -25.5088 -1.65097 178.796 176.006 179.385 177.585 -169.703 179.547 1.05113 -1.04751 -0.0197082 2.42265 4.24889 -0.121119 1.18036 -2.07298 1.15384 1.33436 -11.4033 1.02104 179.194 -178.984 -179.979 179.344 174.319 -178.769 1.17318 -1.29101 1.14466
-163.546 95.9904 44.9392 0.589452 6.30963 -3.86807 179.151 172.914 179.893 179.151 172.914 179.893 179.151 172.914 179.893 179.151 172.914 179.893 165.746 -172.934 179.433 138.482 146.896 161.843 1.78981 5.35702 -7.84506 178.665 -178.423 -169.9 16.4547 -6.84813 1.21274 44.5676 17.4578 12.4544 3.93162 17.6079 0.121441 9.83497 -3.43429 -4.93459 3.62289 -25.5886 -1.63133 178.791 176 179.384 177.582 -169.622 179.518 1.05113 -1.04952 -0.0197082 2.41561 4.29525 -0.0903262 1.18092 -2.1007 1.15386 1.33307 -11.488 1.0246 179.194 -178.981 -179.979 179.328 174.265 -178.751 1.17381 -1.32254 1.14468
-163.545 95.9891 44.8785 0.599057 6.3519 -3.87827 179.144 172.807 179.896 179.144 172.807 179.896 179.144 172.807 179.896 179.144 172.807 179.896 165.864 -172.772 179.433 138.415 146.916 161.763 1.79449 5.30267 -7.83411 178.735 -178.445 -169.972 16.3685 -7.02148 1.21318 44.6582 17.4756 12.5149 3.93569 17.5538 0.121016 9.83348 -3.44785 -4.92428 3.64329 -25.6699 -1.61179 178.785 175.993 179.384 177.58 -169.541 179.489 1.05113 -1.05153 -0.0197082 2.40854 4.3416 -0.058881 1.18149 -2.12864 1.15388 1.33148 -11.5726 1.0283 179.194 -178.978 -179.979 179.312 174.211 -178.733 1.17443 -1.3539 1.14469
-163.543 95.9877 44.8179 0.608863 6.39436 -3.88847 179.137 172.699 179.899 179.137 172.699 179.899 179.137 172.699 179.899 179.137 172.699 179.899 165.982 -172.609 179.433 138.346 146.935 161.683 1.79906 5.24694 -7.82257 178.803 -178.467 -170.043 16.2819 -7.19557 1.21364 44.7502 17.493 12.574 3.9398 17.4991 0.120967 9.83187 -3.46126 -4.9139 3.66362 -25.7525 -1.59237 178.78 175.987 179.383 177.577 -169.459 179.458 1.05113 -1.05357 -0.0197082 2.40142 4.38793 -0.0267714 1.18205 -2.15671 1.15391 1.32964 -11.6575 1.03219 179.194 -178.975 -179.979 179.296 174.156 -178.715 1.17506 -1.38513 1.14471
-163.542 95.9863 44.7572 0.618856 6.43723 -3.89873 179.13 172.592 179.903 179.13 172.592 179.903 179.13 172.592 179.903 179.13 172.592 179.903 166.101 -172.446 179.433 138.277 146.954 161.603 1.80354 5.19 -7.81053 178.869 -178.488 -170.11 16.1948 -7.37022 1.21412 44.8438 17.5101 12.6316 3.9439 17.4437 0.121319 9.83008 -3.47451 -4.90347 3.68389 -25.8362 -1.5731 178.775 175.98 179.382 177.574 -169.377 179.428 1.05113 -1.05562 -0.0197082 2.39424 4.43424 0.00600404 1.18262 -2.18478 1.15393 1.3276 -11.7427 1.03635 179.194 -178.972 -179.979 179.28 174.102 -178.697 1.17568 -1.41627 1.14472
-163.54 95.9848 44.6964 0.629018 6.48071 -3.90912 179.123 172.484 179.906 179.123 172.484 179.906 179.123 172.484 179.906 179.123 172.484 179.906 166.22 -172.283 179.432 138.206 146.974 161.524 1.80794 5.13202 -7.79804 178.932 -178.509 -170.175 16.1072 -7.54525 1.2146 44.9388 17.5268 12.6874 3.94793 17.3877 0.122082 9.82808 -3.48759 -4.893 3.70412 -25.9207 -1.55398 178.771 175.974 179.382 177.57 -169.295 179.396 1.05113 -1.0577 -0.0197082 2.38697 4.48053 0.0394452 1.18318 -2.21272 1.15395 1.3254 -11.8287 1.04085 179.194 -178.97 -179.979 179.265 174.047 -178.68 1.1763 -1.44738 1.14474
-163.538 95.9833 44.6357 0.639329 6.52505 -3.91968 179.116 172.377 179.909 179.116 172.377 179.909 179.116 172.377 179.909 179.116 172.377 179.909 166.34 -172.12 179.432 138.134 146.993 161.445 1.81228 5.07318 -7.78518 178.992 -178.528 -170.235 16.0193 -7.72046 1.2151 45.0353 17.5431 12.7415 3.95189 17.3311 0.123258 9.82582 -3.50046 -4.8825 3.7243 -26.0059 -1.53504 178.766 175.968 179.381 177.567 -169.211 179.364 1.05113 -1.0598 -0.0197083 2.37961 4.5268 0.0735405 1.18374 -2.24041 1.15397 1.32312 -11.9155 1.04575 179.194 -178.967 -179.979 179.25 173.993 -178.663 1.17692 -1.47851 1.14475
-163.536 95.9817 44.5748 0.649767 6.57049 -3.93049 179.109 172.27 179.912 179.109 172.27 179.912 179.109 172.27 179.912 179.109 172.27 179.912 166.46 -171.957 179.432 138.061 147.013 161.367 1.81657 5.0137 -7.77204 179.048 -178.546 -170.291 15.9309 -7.89566 1.21561 45.1332 17.5591 12.7938 3.95574 17.2739 0.124835 9.82326 -3.51313 -4.87197 3.74447 -26.0915 -1.51628 178.761 175.963 179.38 177.564 -169.127 179.332 1.05113 -1.06193 -0.0197083 2.37212 4.57306 0.108281 1.18429 -2.2677 1.15399 1.3208 -12.0036 1.05111 179.194 -178.964 -179.979 179.236 173.938 -178.646 1.17755 -1.50972 1.14477
-163.534 95.98 44.5138 0.660312 6.61725 -3.94161 179.102 172.163 179.916 179.102 172.163 179.916 179.102 172.163 179.916 179.102 172.163 179.916 166.58 -171.795 179.432 137.987 147.033 161.29 1.82084 4.95376 -7.75868 179.1 -178.562 -170.343 15.842 -8.07063 1.21613 45.2326 17.5748 12.8441 3.95948 17.2162 0.12679 9.82036 -3.52558 -4.86142 3.76462 -26.1772 -1.49773 178.756 175.957 179.38 177.56 -169.041 179.299 1.05113 -1.06408 -0.0197083 2.3645 4.61931 0.143657 1.18483 -2.29446 1.15401 1.31852 -12.0931 1.05701 179.194 -178.961 -179.979 179.221 173.883 -178.63 1.17817 -1.54104 1.14478
-163.532 95.9781 44.4526 0.67094 6.66557 -3.95309 179.096 172.056 179.919 179.096 172.056 179.919 179.096 172.056 179.919 179.096 172.056 179.919 166.701 -171.634 179.431 137.911 147.054 161.214 1.82509 4.89358 -7.74519 179.148 -178.576 -170.39 15.7528 -8.24518 1.21666 45.3334 17.5901 12.8925 3.96313 17.158 0.129085 9.81708 -3.5378 -4.85085 3.7848 -26.2629 -1.47938 178.752 175.952 179.379 177.557 -168.954 179.266 1.05113 -1.06626 -0.0197083 2.35672 4.66556 0.179664 1.18535 -2.32056 1.15403 1.31633 -12.1844 1.06349 179.194 -178.958 -179.979 179.207 173.829 -178.614 1.1788 -1.57254 1.1448
-163.53 95.9762 44.3913 0.681629 6.71568 -3.96502 179.089 171.95 179.923 179.089 171.95 179.923 179.089 171.95 179.923 179.089 171.95 179.923 166.822 -171.473 179.431 137.835 147.075 161.139 1.82933 4.83336 -7.73166 179.191 -178.588 -170.432 15.6632 -8.41909 1.2172 45.4355 17.605 12.9389 3.96672 17.0992 0.131674 9.8134 -3.54978 -4.84026 3.80502 -26.3483 -1.46124 178.747 175.946 179.379 177.553 -168.865 179.233 1.05113 -1.06847 -0.0197083 2.34876 4.71181 0.216306 1.18587 -2.34586 1.15405 1.3143 -12.2776 1.07062 179.194 -178.955 -179.979 179.193 173.774 -178.598 1.17944 -1.60427 1.14482
-163.528 95.9742 44.3297 0.69236 6.76777 -3.97743 179.082 171.845 179.926 179.082 171.845 179.926 179.082 171.845 179.926 179.082 171.845 179.926 166.943 -171.314 179.431 137.757 147.097 161.066 1.83358 4.77329 -7.71815 179.228 -178.598 -170.469 15.5732 -8.59218 1.21775 45.5389 17.6195 12.9833 3.97026 17.0398 0.134498 9.80929 -3.56153 -4.82965 3.82531 -26.4332 -1.44331 178.743 175.941 179.378 177.55 -168.773 179.199 1.05113 -1.07071 -0.0197083 2.34062 4.75807 0.253595 1.18636 -2.37024 1.15408 1.31249 -12.3731 1.07845 179.194 -178.953 -179.979 179.179 173.72 -178.582 1.18008 -1.63626 1.14484
-163.526 95.972 44.2679 0.70312 6.82214 -3.9904 179.076 171.741 179.93 179.076 171.741 179.93 179.076 171.741 179.93 179.076 171.741 179.93 167.063 -171.161 179.431 137.678 147.131 160.991 1.84011 4.72505 -7.70716 179.244 -178.601 -170.492 15.4835 -8.75841 1.21829 45.645 17.6179 13.0276 3.97004 16.9939 0.140296 9.80871 -3.57323 -4.82039 3.84605 -26.5168 -1.42676 178.738 175.936 179.379 177.547 -168.68 179.168 1.05112 -1.07299 -0.0197083 2.33247 4.80423 0.288797 1.18671 -2.388 1.15409 1.31096 -12.471 1.0873 179.194 -178.95 -179.979 179.165 173.665 -178.568 1.18056 -1.66041 1.14485
-163.524 95.9696 44.2059 0.713868 6.87865 -4.00395 179.07 171.637 179.934 179.07 171.637 179.934 179.07 171.637 179.934 179.07 171.637 179.934 167.185 -170.998 179.431 137.599 147.144 160.922 1.84227 4.65602 -7.69177 179.286 -178.609 -170.526 15.3923 -8.93501 1.21888 45.7499 17.6447 13.0659 3.977 16.9218 0.1409 9.80075 -3.58456 -4.80862 3.86627 -26.6006 -1.40814 178.734 175.931 179.377 177.545 -168.584 179.131 1.05112 -1.07525 -0.0197084 2.32368 4.85065 0.330225 1.18727 -2.41554 1.15411 1.30976 -12.5714 1.09641 179.194 -178.947 -179.979 179.151 173.611 -178.553 1.18137 -1.7008 1.14488
-163.521 95.9671 44.1435 0.724622 6.93783 -4.01817 179.063 171.534 179.938 179.063 171.534 179.938 179.063 171.534 179.938 179.063 171.534 179.938 167.305 -170.848 179.43 137.518 147.179 160.85 1.84817 4.607 -7.68082 179.298 -178.61 -170.542 15.3021 -9.09875 1.21943 45.8578 17.6437 13.1066 3.97701 16.873 0.146743 9.79946 -3.59575 -4.79931 3.88732 -26.6825 -1.39184 178.73 175.926 179.378 177.543 -168.486 179.1 1.05112 -1.07757 -0.0197084 2.31509 4.89685 0.366809 1.1876 -2.43172 1.15413 1.30893 -12.6747 1.10683 179.194 -178.944 -179.979 179.137 173.557 -178.539 1.18187 -1.72576 1.14489
-163.519 95.9645 44.0808 0.735337 6.9994 -4.03307 179.057 171.432 179.942 179.057 171.432 179.942 179.057 171.432 179.942 179.057 171.432 179.942 167.427 -170.688 179.43 137.436 147.193 160.783 1.85081 4.53975 -7.66606 179.326 -178.613 -170.563 15.2105 -9.27253 1.22003 45.9644 17.6704 13.1413 3.98473 16.798 0.147037 9.78952 -3.60635 -4.78728 3.90788 -26.7642 -1.37366 178.726 175.922 179.376 177.541 -168.385 179.062 1.05112 -1.07987 -0.0197084 2.3058 4.94333 0.409943 1.18809 -2.45631 1.15415 1.30851 -12.7808 1.1177 179.194 -178.942 -179.979 179.123 173.503 -178.524 1.18269 -1.76722 1.14492
-163.516 95.9617 44.0178 0.746038 7.06382 -4.04871 179.051 171.332 179.946 179.051 171.332 179.946 179.051 171.332 179.946 179.051 171.332 179.946 167.548 -170.54 179.43 137.354 147.229 160.714 1.85609 4.49135 -7.65549 179.332 -178.609 -170.571 15.1199 -9.43322 1.22059 46.074 17.6687 13.1785 3.98517 16.7473 0.152673 9.78771 -3.61715 -4.77796 3.92938 -26.8439 -1.3576 178.722 175.917 179.376 177.539 -168.281 179.031 1.05112 -1.08221 -0.0197084 2.29674 4.98959 0.44817 1.18838 -2.47048 1.15416 1.30853 -12.89 1.12979 179.194 -178.939 -179.979 179.11 173.449 -178.511 1.18321 -1.7928 1.14493
-163.514 95.9588 43.9545 0.756694 7.13086 -4.0651 179.044 171.232 179.951 179.044 171.232 179.951 179.044 171.232 179.951 179.044 171.232 179.951 167.669 -170.39 179.43 137.27 147.259 160.648 1.86045 4.43855 -7.64401 179.339 -178.605 -170.577 15.0289 -9.59747 1.22118 46.1844 17.6753 13.2115 3.98837 16.6889 0.156279 9.78412 -3.62809 -4.76793 3.95091 -26.9226 -1.34099 178.718 175.913 179.376 177.538 -168.174 178.996 1.05112 -1.08454 -0.0197084 2.28718 5.03602 0.490161 1.18871 -2.48675 1.15417 1.30903 -13.0023 1.14263 179.194 -178.937 -179.979 179.096 173.394 -178.498 1.18385 -1.82477 1.14495
-163.511 95.9556 43.8908 0.767296 7.20053 -4.08226 179.038 171.133 179.955 179.038 171.133 179.955 179.038 171.133 179.955 179.038 171.133 179.955 167.79 -170.234 179.429 137.186 147.274 160.585 1.86364 4.3729 -7.63024 179.346 -178.599 -170.582 14.9367 -9.76641 1.22179 46.2923 17.705 13.2419 3.99876 16.605 0.154826 9.76946 -3.63728 -4.75508 3.97213 -27.0009 -1.3231 178.714 175.91 179.374 177.537 -168.065 178.957 1.05112 -1.08684 -0.0197084 2.27708 5.08263 0.536716 1.18912 -2.50735 1.15419 1.31001 -13.1175 1.15627 179.194 -178.934 -179.979 179.082 173.34 -178.485 1.18475 -1.86988 1.14498
-163.508 95.9524 43.8267 0.777877 7.2731 -4.10022 179.032 171.036 179.96 179.032 171.036 179.96 179.032 171.036 179.96 179.032 171.036 179.96 167.911 -170.091 179.429 137.102 147.312 160.52 1.86795 4.32582 -7.62051 179.345 -178.591 -170.579 14.846 -9.92189 1.22237 46.4037 17.7026 13.2747 4.00046 16.5504 0.159482 9.76678 -3.64742 -4.74571 3.99449 -27.077 -1.30724 178.71 175.906 179.374 177.537 -167.952 178.924 1.05112 -1.08917 -0.0197084 2.26726 5.12902 0.578108 1.18934 -2.51839 1.1542 1.31148 -13.2359 1.17098 179.194 -178.932 -179.979 179.068 173.287 -178.472 1.18528 -1.89655 1.145
-163.505 95.9489 43.7623 0.788408 7.34825 -4.11897 179.026 170.94 179.965 179.026 170.94 179.965 179.026 170.94 179.965 179.026 170.94 179.965 168.032 -169.944 179.429 137.015 147.344 160.458 1.87187 4.27552 -7.61022 179.341 -178.581 -170.573 14.7551 -10.0807 1.22297 46.5156 17.7082 13.3036 4.0054 16.4876 0.16176 9.76202 -3.65768 -4.73555 4.01691 -27.1521 -1.29086 178.707 175.902 179.374 177.537 -167.837 178.888 1.05112 -1.09146 -0.0197085 2.25693 5.17558 0.623796 1.18959 -2.53077 1.15421 1.31345 -13.3573 1.1865 179.194 -178.93 -179.979 179.054 173.233 -178.46 1.18595 -1.92979 1.14502
-163.503 95.9454 43.6975 0.798886 7.42592 -4.1385 179.02 170.844 179.97 179.02 170.844 179.97 179.02 170.844 179.97 179.02 170.844 179.97 168.154 -169.794 179.428 136.93 147.362 160.399 1.87607 4.21563 -7.59842 179.323 -178.566 -170.559 14.663 -10.2438 1.22359 46.6246 17.7371 13.3306 4.01824 16.398 0.158505 9.74434 -3.66571 -4.72228 4.03898 -27.2268 -1.27335 178.704 175.899 179.372 177.537 -167.719 178.847 1.05112 -1.09369 -0.0197085 2.24601 5.22234 0.674698 1.1899 -2.54605 1.15423 1.31592 -13.4816 1.20288 179.194 -178.928 -179.979 179.04 173.179 -178.447 1.18688 -1.9766 1.14505
-163.5 95.9416 43.6324 0.809351 7.50629 -4.1588 179.014 170.75 179.975 179.014 170.75 179.975 179.014 170.75 179.975 179.014 170.75 179.975 168.274 -169.654 179.428 136.844 147.401 160.338 1.87935 4.17051 -7.58986 179.316 -178.553 -170.547 14.5726 -10.3938 1.22418 46.7371 17.7336 13.3601 4.02183 16.3391 0.161561 9.7411 -3.6753 -4.71288 4.06224 -27.2997 -1.25752 178.7 175.896 179.372 177.538 -167.599 178.812 1.05112 -1.09594 -0.0197085 2.23547 5.26886 0.720221 1.19006 -2.55398 1.15423 1.31887 -13.6089 1.22006 179.194 -178.925 -179.979 179.026 173.125 -178.435 1.18743 -2.00425 1.14507
-163.497 95.9377 43.567 0.819763 7.58891 -4.17982 179.008 170.657 179.98 179.008 170.657 179.98 179.008 170.657 179.98 179.008 170.657 179.98 168.396 -169.506 179.428 136.757 147.424 160.282 1.88388 4.11621 -7.57975 179.287 -178.533 -170.524 14.4811 -10.5527 1.2248 46.8472 17.758 13.3851 4.03544 16.2499 0.157599 9.72436 -3.68314 -4.69994 4.08491 -27.3724 -1.24033 178.698 175.893 179.371 177.539 -167.476 178.769 1.05112 -1.09809 -0.0197085 2.22405 5.31573 0.774418 1.19029 -2.56529 1.15424 1.32228 -13.7389 1.23809 179.194 -178.923 -179.979 179.012 173.071 -178.424 1.18835 -2.04996 1.1451
-163.494 95.9337 43.5012 0.830169 7.67401 -4.20155 179.002 170.565 179.986 179.002 170.565 179.986 179.002 170.565 179.986 179.002 170.565 179.986 168.516 -169.369 179.428 136.67 147.464 160.224 1.88641 4.07246 -7.57209 179.275 -178.517 -170.506 14.3911 -10.6992 1.22539 46.9602 17.7534 13.413 4.04046 16.1884 0.159372 9.72114 -3.69248 -4.69058 4.10863 -27.4436 -1.22441 178.694 175.89 179.371 177.541 -167.35 178.732 1.05112 -1.10023 -0.0197085 2.21308 5.36233 0.823159 1.19041 -2.5713 1.15425 1.32614 -13.8716 1.25671 179.194 -178.921 -179.979 178.998 173.017 -178.412 1.18891 -2.07814 1.14512
-163.491 95.9295 43.4352 0.840529 7.76111 -4.22389 178.996 170.473 179.991 178.996 170.473 179.991 178.996 170.473 179.991 178.996 170.473 179.991 168.637 -169.224 179.427 136.582 147.489 160.17 1.891 4.0211 -7.56329 179.236 -178.493 -170.475 14.2999 -10.8544 1.22602 47.0705 17.7772 13.437 4.05606 16.095 0.153803 9.70325 -3.69972 -4.67746 4.13161 -27.5149 -1.2072 178.692 175.888 179.369 177.543 -167.222 178.687 1.05111 -1.10227 -0.0197085 2.20119 5.40929 0.881165 1.19058 -2.57969 1.15426 1.33042 -14.0065 1.27615 179.194 -178.919 -179.979 178.985 172.964 -178.401 1.18984 -2.1247 1.14516
-163.487 95.9252 43.3689 0.850888 7.85041 -4.24682 178.99 170.383 179.996 178.99 170.383 179.996 178.99 170.383 179.996 178.99 170.383 179.996 168.758 -169.088 179.427 136.495 147.529 160.114 1.89269 3.97829 -7.55654 179.221 -178.475 -170.454 14.2103 -10.9978 1.22662 47.1837 17.772 13.4638 4.0627 16.0302 0.154129 9.69987 -3.70871 -4.66809 4.15556 -27.5852 -1.19114 178.689 175.886 179.37 177.545 -167.092 178.648 1.05111 -1.10429 -0.0197085 2.18985 5.45598 0.933329 1.19067 -2.58401 1.15426 1.3351 -14.144 1.29595 179.194 -178.918 -179.979 178.971 172.91 -178.389 1.19042 -2.15344 1.14518
-163.484 95.9208 43.3024 0.861204 7.94144 -4.27023 178.985 170.293 -179.998 178.985 170.293 -179.998 178.985 170.293 -179.998 178.985 170.293 -179.998 168.878 -168.945 179.427 136.406 147.555 160.063 1.89707 3.92916 -7.54898 179.173 -178.448 -170.416 14.1195 -11.1498 1.22725 47.2938 17.7958 13.4871 4.08041 15.9321 0.146826 9.68063 -3.71527 -4.65475 4.17855 -27.6557 -1.17383 178.687 175.884 179.368 177.548 -166.96 178.599 1.05111 -1.10618 -0.0197086 2.17758 5.50303 0.995263 1.19079 -2.58984 1.15427 1.34015 -14.2834 1.31649 179.194 -178.916 -179.979 178.957 172.856 -178.378 1.19137 -2.20075 1.14522
-163.481 95.9163 43.2356 0.871507 8.03429 -4.29406 178.979 170.204 -179.993 178.979 170.204 -179.993 178.979 170.204 -179.993 178.979 170.204 -179.993 168.999 -168.807 179.427 136.319 147.588 160.011 1.89962 3.88366 -7.5426 179.136 -178.422 -170.382 14.0294 -11.2954 1.22787 47.4049 17.8073 13.5121 4.09442 15.8449 0.141826 9.66734 -3.72222 -4.64304 4.20183 -27.7259 -1.15702 178.684 175.883 179.367 177.551 -166.826 178.554 1.05111 -1.10802 -0.0197086 2.16553 5.54996 1.05506 1.19086 -2.59358 1.15427 1.34553 -14.4248 1.33732 179.194 -178.914 -179.979 178.943 172.803 -178.366 1.19214 -2.23962 1.14525
-163.477 95.9117 43.1688 0.881785 8.12875 -4.31821 178.973 170.115 -179.987 178.973 170.115 -179.987 178.973 170.115 -179.987 178.973 170.115 -179.987 169.119 -168.67 179.426 136.231 147.622 159.961 1.90171 3.8389 -7.53675 179.099 -178.396 -170.348 13.9397 -11.4397 1.22849 47.5163 17.8169 13.5366 4.10891 15.758 0.136303 9.65482 -3.72924 -4.63151 4.22494 -27.796 -1.14013 178.682 175.882 179.367 177.554 -166.691 178.506 1.05111 -1.10979 -0.0197086 2.15336 5.59691 1.11658 1.19092 -2.59643 1.15427 1.35123 -14.5679 1.35847 179.194 -178.912 -179.979 178.93 172.749 -178.355 1.19292 -2.27834 1.14528
-163.474 95.9069 43.1017 0.892032 8.22468 -4.34258 178.967 170.028 -179.982 178.967 170.028 -179.982 178.967 170.028 -179.982 178.967 170.028 -179.982 169.238 -168.534 179.426 136.144 147.655 159.911 1.90332 3.7944 -7.53141 179.06 -178.369 -170.312 13.85 -11.5829 1.22912 47.6279 17.8262 13.5609 4.12408 15.6698 0.13011 9.6423 -3.73607 -4.62 4.24772 -27.8664 -1.12313 178.68 175.881 179.366 177.557 -166.553 178.458 1.05111 -1.11147 -0.0197086 2.14109 5.64389 1.17973 1.19096 -2.59854 1.15427 1.3572 -14.7127 1.37987 179.194 -178.911 -179.979 178.916 172.696 -178.344 1.1937 -2.31727 1.14531
-163.47 95.9021 43.0346 0.902241 8.32194 -4.36707 178.962 169.94 -179.977 178.962 169.94 -179.977 178.962 169.94 -179.977 178.962 169.94 -179.977 169.358 -168.398 179.426 136.056 147.689 159.862 1.90438 3.74996 -7.52655 179.021 -178.341 -170.276 13.7606 -11.7252 1.22975 47.7394 17.8354 13.585 4.1399 15.58 0.123253 9.62963 -3.74267 -4.60851 4.27007 -27.937 -1.10605 178.678 175.88 179.366 177.561 -166.415 178.408 1.05111 -1.11307 -0.0197086 2.12874 5.69089 1.24438 1.19099 -2.6 1.15428 1.36342 -14.8588 1.40143 179.194 -178.909 -179.979 178.903 172.642 -178.333 1.19448 -2.3564 1.14534
-163.467 95.8972 42.9674 0.912402 8.42041 -4.39158 178.956 169.853 -179.972 178.956 169.853 -179.972 178.956 169.853 -179.972 178.956 169.853 -179.972 169.477 -168.262 179.426 135.97 147.723 159.814 1.90483 3.70543 -7.52214 178.98 -178.313 -170.239 13.6711 -11.8667 1.23038 47.851 17.8445 13.609 4.15625 15.489 0.115801 9.61689 -3.74905 -4.59704 4.29187 -28.0082 -1.08888 178.676 175.88 179.366 177.564 -166.275 178.357 1.05111 -1.11458 -0.0197086 2.11635 5.73789 1.31033 1.19101 -2.60087 1.15428 1.36986 -15.0062 1.42308 179.194 -178.907 -179.979 178.89 172.589 -178.322 1.19526 -2.39565 1.14537
-163.463 95.8922 42.9002 0.922506 8.51996 -4.41599 178.95 169.767 -179.967 178.95 169.767 -179.967 178.95 169.767 -179.967 178.95 169.767 -179.967 169.595 -168.128 179.425 135.883 147.757 159.767 1.90462 3.66065 -7.51818 178.939 -178.284 -170.201 13.5818 -12.0076 1.23102 47.9627 17.8536 13.6327 4.173 15.3968 0.107818 9.60412 -3.7552 -4.58561 4.31301 -28.08 -1.07164 178.674 175.88 179.365 177.568 -166.134 178.304 1.05111 -1.11602 -0.0197086 2.10392 5.7849 1.37739 1.19101 -2.60124 1.15428 1.3765 -15.1546 1.44475 179.194 -178.906 -179.979 178.877 172.536 -178.31 1.19605 -2.43503 1.1454
-163.459 95.8871 42.833 0.932539 8.62049 -4.44022 178.945 169.681 -179.962 178.945 169.681 -179.962 178.945 169.681 -179.962 178.945 169.681 -179.962 169.713 -167.994 179.425 135.798 147.79 159.721 1.90371 3.61548 -7.51462 178.897 -178.255 -170.164 13.4924 -12.148 1.23167 48.0744 17.8628 13.6563 4.19002 15.3038 0.0993731 9.59135 -3.76113 -4.57424 4.33338 -28.1525 -1.05433 178.672 175.881 179.365 177.572 -165.992 178.25 1.05111 -1.11738 -0.0197086 2.0915 5.8319 1.44534 1.19101 -2.60117 1.15428 1.38332 -15.3039 1.46639 179.194 -178.904 -179.979 178.864 172.483 -178.3 1.19684 -2.47453 1.14544
-163.456 95.882 42.7659 0.942488 8.7219 -4.46415 178.94 169.595 -179.957 178.94 169.595 -179.957 178.94 169.595 -179.957 178.94 169.595 -179.957 169.83 -167.86 179.425 135.713 147.824 159.675 1.90206 3.56977 -7.51146 178.856 -178.226 -170.128 13.403 -12.2881 1.23232 48.1863 17.872 13.6796 4.20717 15.2101 0.0905486 9.57865 -3.76685 -4.56295 4.35287 -28.2259 -1.03698 178.67 175.881 179.365 177.577 -165.849 178.196 1.05111 -1.11867 -0.0197086 2.0791 5.87887 1.51391 1.191 -2.60073 1.15428 1.39028 -15.454 1.48794 179.194 -178.903 -179.979 178.851 172.43 -178.289 1.19764 -2.51412 1.14547
-163.452 95.8768 42.6988 0.952341 8.82408 -4.48769 178.935 169.51 -179.953 178.935 169.51 -179.953 178.935 169.51 -179.953 178.935 169.51 -179.953 169.947 -167.728 179.424 135.629 147.857 159.63 1.89963 3.52339 -7.50865 178.815 -178.196 -170.092 13.3134 -12.428 1.23298 48.2984 17.8814 13.7027 4.22425 15.1161 0.081433 9.56611 -3.77237 -4.55177 4.37141 -28.3003 -1.0196 178.668 175.883 179.365 177.581 -165.705 178.141 1.05111 -1.11989 -0.0197087 2.06675 5.92582 1.58285 1.19099 -2.6 1.15428 1.39737 -15.6047 1.50939 179.194 -178.901 -179.979 178.839 172.377 -178.278 1.19843 -2.55377 1.14551
-163.448 95.8716 42.6318 0.962081 8.92696 -4.51076 178.93 169.424 -179.949 178.93 169.424 -179.949 178.93 169.424 -179.949 178.93 169.424 -179.949 170.063 -167.595 179.424 135.545 147.89 159.585 1.89641 3.47621 -7.50617 178.774 -178.167 -170.057 13.2238 -12.5679 1.23365 48.4107 17.8908 13.7254 4.24112 15.022 0.0721161 9.55381 -3.77773 -4.54072 4.38889 -28.3758 -1.00221 178.667 175.884 179.365 177.585 -165.561 178.085 1.05111 -1.12106 -0.0197087 2.05447 5.97272 1.65188 1.19097 -2.59902 1.15428 1.40458 -15.7559 1.53071 179.194 -178.899 -179.979 178.827 172.325 -178.268 1.19922 -2.59346 1.14554
-163.444 95.8663 42.565 0.971696 9.03047 -4.53327 178.926 169.339 -179.945 178.926 169.339 -179.945 178.926 169.339 -179.945 178.926 169.339 -179.945 170.178 -167.464 179.424 135.462 147.922 159.541 1.89237 3.42811 -7.504 178.734 -178.138 -170.023 13.1339 -12.708 1.23433 48.5232 17.9003 13.7478 4.25757 14.9283 0.0626886 9.54186 -3.78293 -4.52982 4.40527 -28.4524 -0.984842 178.665 175.886 179.365 177.59 -165.415 178.028 1.05111 -1.12218 -0.0197087 2.04228 6.01957 1.72071 1.19095 -2.59786 1.15427 1.41188 -15.9075 1.5519 179.194 -178.898 -179.979 178.815 172.273 -178.258 1.20002 -2.63317 1.14558
-163.44 95.861 42.4983 0.981173 9.13453 -4.55516 178.921 169.255 -179.942 178.921 169.255 -179.942 178.921 169.255 -179.942 178.921 169.255 -179.942 170.292 -167.333 179.424 135.381 147.954 159.497 1.88752 3.37898 -7.50212 178.695 -178.11 -169.991 13.0439 -12.8483 1.23501 48.636 17.91 13.7697 4.27345 14.8352 0.0532397 9.53035 -3.78801 -4.51911 4.42046 -28.5302 -0.96751 178.663 175.888 179.365 177.594 -165.27 177.972 1.05111 -1.12325 -0.0197087 2.03019 6.06635 1.78908 1.19092 -2.59657 1.15427 1.41926 -16.0594 1.57298 179.194 -178.896 -179.979 178.803 172.221 -178.249 1.20081 -2.67288 1.14562
-163.436 95.8556 42.4318 0.990499 9.23908 -4.57635 178.917 169.17 -179.938 178.917 169.17 -179.938 178.917 169.17 -179.938 178.917 169.17 -179.938 170.406 -167.203 179.423 135.3 147.986 159.454 1.88187 3.3287 -7.50049 178.657 -178.082 -169.96 12.9535 -12.9889 1.23571 48.7491 17.9198 13.7912 4.28857 14.7431 0.0438551 9.5194 -3.793 -4.50861 4.43444 -28.6093 -0.950241 178.662 175.891 179.365 177.599 -165.123 177.916 1.05111 -1.1243 -0.0197087 2.01824 6.11304 1.8567 1.19089 -2.59519 1.15427 1.42672 -16.2115 1.59397 179.194 -178.894 -179.979 178.792 172.169 -178.24 1.20161 -2.71255 1.14565
-163.432 95.8503 42.3656 0.999662 9.34408 -4.59681 178.913 169.085 -179.935 178.913 169.085 -179.935 178.913 169.085 -179.935 178.913 169.085 -179.935 170.518 -167.073 179.423 135.22 148.018 159.41 1.87545 3.27717 -7.4991 178.62 -178.054 -169.93 12.8629 -13.13 1.23641 48.8625 17.9298 13.8122 4.30278 14.6523 0.0346171 9.50912 -3.79793 -4.49834 4.44715 -28.6897 -0.933059 178.66 175.894 179.365 177.603 -164.977 177.859 1.05111 -1.12531 -0.0197087 2.00643 6.15964 1.92333 1.19086 -2.59377 1.15427 1.43423 -16.3637 1.61492 179.194 -178.893 -179.979 178.781 172.118 -178.233 1.2024 -2.75217 1.14569
-163.428 95.8448 42.2995 1.00867 9.44955 -4.6165 178.91 169.001 -179.933 178.91 169.001 -179.933 178.91 169.001 -179.933 178.91 169.001 -179.933 170.629 -166.949 179.423 135.141 148.057 159.366 1.86674 3.2287 -7.49878 178.602 -178.033 -169.91 12.7728 -13.267 1.23711 48.9784 17.9234 13.8339 4.31042 14.5817 0.0291557 9.50811 -3.80431 -4.49048 4.45906 -28.7712 -0.917276 178.658 175.897 179.367 177.608 -164.83 177.808 1.05111 -1.12635 -0.0197087 1.9953 6.20595 1.98393 1.19084 -2.59269 1.15427 1.4418 -16.516 1.63563 179.194 -178.891 -179.979 178.77 172.067 -178.225 1.203 -2.78205 1.14572
-163.425 95.8394 42.2337 1.01747 9.55523 -4.63538 178.907 168.917 -179.93 178.907 168.917 -179.93 178.907 168.917 -179.93 178.907 168.917 -179.93 170.741 -166.817 179.422 135.063 148.08 159.325 1.86035 3.17056 -7.49704 178.551 -178.003 -169.878 12.6807 -13.4137 1.23786 49.0908 17.9474 13.8525 4.32718 14.4792 0.0173093 9.49298 -3.80833 -4.47902 4.46881 -28.8545 -0.899128 178.657 175.901 179.366 177.613 -164.683 177.748 1.05111 -1.12732 -0.0197087 1.98329 6.25249 2.05262 1.19081 -2.59097 1.15427 1.44941 -16.6682 1.65694 179.194 -178.889 -179.979 178.76 172.017 -178.219 1.20397 -2.83047 1.14577
-163.421 95.8339 42.1682 1.02611 9.66138 -4.65345 178.904 168.833 -179.928 178.904 168.833 -179.928 178.904 168.833 -179.928 178.904 168.833 -179.928 170.85 -166.694 179.422 134.986 148.118 159.281 1.85055 3.11951 -7.49726 178.533 -177.982 -169.86 12.5897 -13.5518 1.23857 49.2065 17.9436 13.8735 4.33289 14.4098 0.0121188 9.49203 -3.8142 -4.47142 4.47806 -28.9389 -0.883727 178.656 175.904 179.368 177.618 -164.535 177.698 1.05111 -1.12835 -0.0197087 1.97249 6.29854 2.11038 1.19079 -2.58994 1.15427 1.45707 -16.8205 1.67783 179.194 -178.887 -179.979 178.75 171.967 -178.214 1.20457 -2.86067 1.1458
-163.417 95.8285 42.103 1.03453 9.76769 -4.67068 178.901 168.749 -179.926 178.901 168.749 -179.926 178.901 168.749 -179.926 178.901 168.749 -179.926 170.959 -166.564 179.422 134.909 148.14 159.24 1.84287 3.05756 -7.4958 178.485 -177.954 -169.832 12.4969 -13.6998 1.23935 49.319 17.9689 13.8913 4.34701 14.311 0.000973122 9.4787 -3.81833 -4.4605 4.48523 -29.0249 -0.865757 178.655 175.909 179.367 177.622 -164.387 177.64 1.05111 -1.12933 -0.0197087 1.96084 6.34479 2.17549 1.19076 -2.58836 1.15427 1.46475 -16.9725 1.69963 179.194 -178.885 -179.979 178.74 171.918 -178.21 1.20554 -2.90901 1.14585
-163.413 95.8229 42.0381 1.04279 9.87441 -4.68711 178.899 168.665 -179.924 178.899 168.665 -179.924 178.899 168.665 -179.924 178.899 168.665 -179.924 171.067 -166.442 179.421 134.834 148.177 159.197 1.83228 3.00407 -7.49661 178.467 -177.935 -169.817 12.4051 -13.8389 1.24009 49.4347 17.9663 13.9118 4.35027 14.2453 -0.00360676 9.47867 -3.82408 -4.45334 4.49189 -29.1121 -0.85087 178.653 175.913 179.369 177.627 -164.239 177.592 1.05111 -1.1304 -0.0197087 1.9504 6.39053 2.22975 1.19074 -2.58745 1.15426 1.47248 -17.1246 1.72102 179.194 -178.884 -179.979 178.731 171.869 -178.207 1.20614 -2.939 1.14588
-163.409 95.8174 41.9734 1.05083 9.98124 -4.70273 178.897 168.581 -179.923 178.897 168.581 -179.923 178.897 168.581 -179.923 178.897 168.581 -179.923 171.174 -166.314 179.421 134.759 148.198 159.156 1.82353 2.93813 -7.49547 178.424 -177.909 -169.793 12.3114 -13.988 1.24089 49.5471 17.9921 13.9289 4.36106 14.1522 -0.0136257 9.46861 -3.82868 -4.44326 4.49659 -29.2008 -0.833198 178.652 175.918 179.368 177.632 -164.091 177.536 1.0511 -1.13143 -0.0197087 1.93915 6.43643 2.29071 1.19071 -2.58611 1.15426 1.48023 -17.2763 1.74371 179.194 -178.882 -179.979 178.722 171.821 -178.206 1.2071 -2.987 1.14593
-163.405 95.8119 41.9091 1.0587 10.0885 -4.71758 178.895 168.497 -179.922 178.895 168.497 -179.922 178.895 168.497 -179.922 178.895 168.497 -179.922 171.28 -166.194 179.421 134.685 148.234 159.114 1.81252 2.88208 -7.49694 178.407 -177.892 -169.781 12.2188 -14.1279 1.24165 49.6623 17.9906 13.9493 4.36172 14.0909 -0.0174559 9.46974 -3.83446 -4.43657 4.50076 -29.2907 -0.818902 178.65 175.922 179.371 177.637 -163.943 177.49 1.0511 -1.13255 -0.0197087 1.92906 6.48183 2.34113 1.19069 -2.58535 1.15426 1.48803 -17.4281 1.76595 179.194 -178.88 -179.979 178.713 171.773 -178.205 1.2077 -3.01676 1.14596
-163.401 95.8063 41.8451 1.06636 10.1958 -4.73167 178.893 168.414 -179.921 178.893 168.414 -179.921 178.893 168.414 -179.921 178.893 168.414 -179.921 171.386 -166.068 179.42 134.611 148.253 159.075 1.80308 2.81204 -7.49623 178.367 -177.87 -169.761 12.1244 -14.2776 1.24247 49.7741 18.0169 13.9663 4.36908 14.0041 -0.0262108 9.4634 -3.83972 -4.42737 4.5031 -29.382 -0.801632 178.649 175.928 179.369 177.642 -163.795 177.437 1.0511 -1.13366 -0.0197087 1.91822 6.52734 2.39765 1.19067 -2.58426 1.15426 1.49585 -17.5795 1.78994 179.194 -178.878 -179.979 178.704 171.725 -178.207 1.20865 -3.06439 1.14601
-163.397 95.8007 41.7813 1.07386 10.3035 -4.74506 178.892 168.33 -179.92 178.892 168.33 -179.92 178.892 168.33 -179.92 178.892 168.33 -179.92 171.49 -165.949 179.42 134.538 148.289 159.034 1.79204 2.75338 -7.49851 178.351 -177.854 -169.752 12.031 -14.4177 1.24324 49.888 18.0168 13.9871 4.36721 13.9472 -0.0292087 9.46578 -3.84561 -4.42115 4.50492 -29.4743 -0.788008 178.648 175.932 179.372 177.647 -163.646 177.393 1.0511 -1.13486 -0.0197088 1.9085 6.57235 2.44409 1.19066 -2.58365 1.15426 1.50372 -17.7309 1.8134 179.194 -178.876 -179.979 178.696 171.678 -178.209 1.20925 -3.09391 1.14604
-163.393 95.7951 41.7179 1.08116 10.4112 -4.75779 178.891 168.247 -179.92 178.891 168.247 -179.92 178.891 168.247 -179.92 178.891 168.247 -179.92 171.594 -165.824 179.42 134.465 148.306 158.996 1.78234 2.67929 -7.49839 178.315 -177.834 -169.736 11.936 -14.5674 1.24408 49.9984 18.0437 14.0047 4.37131 13.8665 -0.0366536 9.46335 -3.85165 -4.41283 4.50507 -29.5679 -0.771262 178.647 175.938 179.371 177.652 -163.498 177.343 1.0511 -1.13606 -0.0197088 1.89806 6.61744 2.49614 1.19064 -2.58276 1.15426 1.51162 -17.882 1.83909 179.194 -178.874 -179.979 178.688 171.632 -178.214 1.21019 -3.14117 1.14609
-163.39 95.7895 41.6548 1.08831 10.5194 -4.7699 178.891 168.164 -179.92 178.891 168.164 -179.92 178.891 168.164 -179.92 178.891 168.164 -179.92 171.696 -165.707 179.42 134.392 148.341 158.956 1.77168 2.61814 -7.50166 178.3 -177.821 -169.729 11.8421 -14.707 1.24488 50.1102 18.045 14.0267 4.36715 13.8139 -0.0387833 9.467 -3.85774 -4.40705 4.50473 -29.6624 -0.758399 178.645 175.943 179.374 177.657 -163.349 177.302 1.0511 -1.13737 -0.0197088 1.88869 6.66204 2.53869 1.19063 -2.58225 1.15426 1.51959 -18.0332 1.86409 179.194 -178.872 -179.979 178.681 171.586 -178.219 1.21078 -3.17045 1.14613
-163.386 95.7838 41.592 1.0953 10.6277 -4.78145 178.89 168.081 -179.92 178.89 168.081 -179.92 178.89 168.081 -179.92 178.89 168.081 -179.92 171.798 -165.587 179.419 134.318 148.37 158.919 1.76158 2.55095 -7.50439 178.28 -177.808 -169.722 11.7475 -14.8502 1.2457 50.2205 18.0549 14.0473 4.36409 13.7566 -0.0419506 9.47117 -3.86448 -4.40097 4.50326 -29.7577 -0.744755 178.644 175.949 179.376 177.663 -163.2 177.258 1.0511 -1.1387 -0.0197088 1.8791 6.70656 2.58263 1.19062 -2.58166 1.15426 1.52759 -18.1841 1.89078 179.194 -178.87 -179.979 178.674 171.541 -178.227 1.21149 -3.20587 1.14616
-163.382 95.7781 41.5295 1.10212 10.7362 -4.79249 178.89 167.998 -179.92 178.89 167.998 -179.92 178.89 167.998 -179.92 178.89 167.998 -179.92 171.9 -165.464 179.419 134.247 148.382 158.884 1.75256 2.469 -7.50528 178.245 -177.79 -169.709 11.6516 -14.9986 1.24656 50.326 18.0871 14.0677 4.36514 13.6795 -0.0481745 9.47329 -3.87167 -4.39344 4.50036 -29.8544 -0.728522 178.643 175.955 179.374 177.668 -163.051 177.213 1.0511 -1.14007 -0.0197088 1.8692 6.75099 2.62869 1.1906 -2.58085 1.15426 1.53565 -18.3349 1.91967 179.194 -178.868 -179.979 178.667 171.496 -178.237 1.21248 -3.25512 1.14622
-163.378 95.7724 41.4673 1.10883 10.8451 -4.80308 178.89 167.916 -179.92 178.89 167.916 -179.92 178.89 167.916 -179.92 178.89 167.916 -179.92 171.999 -165.348 179.419 134.173 148.415 158.848 1.74322 2.40446 -7.51048 178.23 -177.779 -169.706 11.557 -15.1358 1.24736 50.4328 18.0912 14.0932 4.35846 13.6316 -0.0490378 9.47864 -3.87812 -4.38817 4.49715 -29.9517 -0.716973 178.642 175.961 179.377 177.673 -162.902 177.175 1.0511 -1.14154 -0.0197088 1.86032 6.79496 2.66594 1.19059 -2.58034 1.15426 1.54379 -18.4858 1.94746 179.194 -178.866 -179.979 178.66 171.451 -178.247 1.21306 -3.28426 1.14625
-163.375 95.7667 41.4053 1.11542 10.9543 -4.8133 178.89 167.833 -179.92 178.89 167.833 -179.92 178.89 167.833 -179.92 178.89 167.833 -179.92 172.099 -165.23 179.418 134.099 148.441 158.815 1.7346 2.33388 -7.51528 178.212 -177.768 -169.701 11.4621 -15.2758 1.24819 50.5373 18.1033 14.1178 4.35297 13.5794 -0.0507765 9.48529 -3.88549 -4.38268 4.493 -30.0494 -0.704718 178.641 175.967 179.378 177.679 -162.753 177.135 1.0511 -1.14306 -0.0197088 1.85124 6.83883 2.70455 1.19058 -2.57968 1.15426 1.55199 -18.6366 1.97733 179.194 -178.864 -179.979 178.654 171.407 -178.259 1.21376 -3.31942 1.14629
-163.371 95.7609 41.3437 1.12189 11.0637 -4.82319 178.891 167.751 -179.92 178.891 167.751 -179.92 178.891 167.751 -179.92 178.891 167.751 -179.92 172.198 -165.112 179.418 134.025 148.465 158.783 1.72673 2.26062 -7.52063 178.192 -177.757 -169.697 11.367 -15.4145 1.24902 50.6388 18.1188 14.1443 4.34746 13.5256 -0.0524093 9.49278 -3.89317 -4.3772 4.48801 -30.148 -0.692611 178.64 175.973 179.38 177.684 -162.604 177.097 1.0511 -1.14463 -0.0197088 1.84227 6.88248 2.7419 1.19056 -2.5789 1.15426 1.56026 -18.7874 2.00841 179.194 -178.862 -179.979 178.648 171.363 -178.273 1.2145 -3.35632 1.14634
-163.367 95.7551 41.2822 1.12827 11.1733 -4.83282 178.891 167.669 -179.92 178.891 167.669 -179.92 178.891 167.669 -179.92 178.891 167.669 -179.92 172.296 -164.989 179.418 133.953 148.473 158.754 1.71996 2.17294 -7.52438 178.161 -177.743 -169.689 11.2709 -15.5568 1.24988 50.7349 18.1545 14.1717 4.34569 13.4539 -0.0565902 9.50181 -3.9022 -4.37078 4.48192 -30.2475 -0.678264 178.639 175.979 179.377 177.69 -162.455 177.056 1.0511 -1.14623 -0.0197088 1.83305 6.92604 2.78111 1.19054 -2.57771 1.15426 1.5686 -18.9382 2.04217 179.194 -178.86 -179.979 178.643 171.32 -178.29 1.2155 -3.40589 1.1464
-163.364 95.7493 41.2211 1.13461 11.2835 -4.84226 178.892 167.588 -179.921 178.892 167.588 -179.921 178.892 167.588 -179.921 178.892 167.588 -179.921 172.393 -164.875 179.417 133.878 148.504 158.724 1.71373 2.10672 -7.53333 178.147 -177.733 -169.688 11.1765 -15.6871 1.25068 50.8318 18.1611 14.2044 4.33753 13.4104 -0.0557004 9.50924 -3.90933 -4.36596 4.4757 -30.347 -0.669024 178.638 175.985 179.381 177.695 -162.305 177.023 1.0511 -1.14795 -0.0197088 1.82473 6.96917 2.81283 1.19052 -2.57685 1.15426 1.57705 -19.0892 2.07407 179.194 -178.858 -179.979 178.637 171.277 -178.305 1.21607 -3.43462 1.14643
-163.36 95.7434 41.1601 1.14091 11.3939 -4.85158 178.893 167.507 -179.921 178.893 167.507 -179.921 178.893 167.507 -179.921 178.893 167.507 -179.921 172.49 -164.757 179.417 133.802 148.527 158.698 1.70854 2.03489 -7.54214 178.13 -177.723 -169.685 11.0819 -15.8193 1.25149 50.9254 18.176 14.237 4.33102 13.3614 -0.0556721 9.51874 -3.91763 -4.36093 4.4688 -30.4468 -0.659185 178.637 175.992 179.382 177.701 -162.156 176.988 1.0511 -1.14969 -0.0197089 1.81619 7.0122 2.84625 1.1905 -2.57566 1.15425 1.58557 -19.2404 2.10847 179.194 -178.856 -179.979 178.632 171.235 -178.322 1.21678 -3.46974 1.14647
-163.357 95.7375 41.0994 1.14719 11.5047 -4.86084 178.894 167.426 -179.921 178.894 167.426 -179.921 178.894 167.426 -179.921 178.894 167.426 -179.921 172.586 -164.64 179.417 133.725 148.548 158.673 1.70453 1.96179 -7.55191 178.112 -177.711 -169.682 10.9873 -15.9493 1.2523 51.0154 18.1938 14.2722 4.32504 13.3101 -0.0555173 9.52926 -3.92632 -4.35586 4.46131 -30.5471 -0.649714 178.636 175.998 179.383 177.707 -162.006 176.953 1.0511 -1.1515 -0.0197089 1.80774 7.05503 2.87891 1.19047 -2.57423 1.15425 1.59418 -19.3917 2.14403 179.194 -178.854 -179.979 178.627 171.192 -178.341 1.21751 -3.50652 1.14652
-163.353 95.7315 41.0389 1.15348 11.6158 -4.8701 178.895 167.345 -179.921 178.895 167.345 -179.921 178.895 167.345 -179.921 178.895 167.345 -179.921 172.683 -164.518 179.416 133.65 148.553 158.651 1.70223 1.87626 -7.56061 178.082 -177.695 -169.675 10.892 -16.0816 1.25313 51.099 18.2317 14.309 4.32313 13.2397 -0.0578364 9.54357 -3.93695 -4.35002 4.45297 -30.6479 -0.638443 178.636 176.005 179.381 177.712 -161.856 176.917 1.0511 -1.15333 -0.0197089 1.799 7.09777 2.91375 1.19043 -2.57205 1.15425 1.60285 -19.5431 2.18255 179.194 -178.852 -179.979 178.622 171.15 -178.363 1.21851 -3.55593 1.14658
-163.349 95.7255 40.9786 1.15984 11.7275 -4.87945 178.896 167.265 -179.921 178.896 167.265 -179.921 178.896 167.265 -179.921 178.896 167.265 -179.921 172.778 -164.404 179.416 133.571 148.581 158.628 1.70073 1.814 -7.5749 178.069 -177.682 -169.673 10.7985 -16.2021 1.25389 51.1834 18.2398 14.3507 4.31573 13.1971 -0.0551854 9.55242 -3.94475 -4.34532 4.44471 -30.7484 -0.63214 178.635 176.011 179.384 177.718 -161.705 176.887 1.0511 -1.15526 -0.0197089 1.79107 7.14012 2.94223 1.1904 -2.57052 1.15425 1.61163 -19.695 2.2183 179.194 -178.85 -179.979 178.617 171.108 -178.382 1.21907 -3.5842 1.14661
-163.346 95.7194 40.9185 1.16629 11.8395 -4.88894 178.897 167.185 -179.92 178.897 167.185 -179.92 178.897 167.185 -179.92 178.897 167.185 -179.92 172.873 -164.288 179.416 133.492 148.602 158.609 1.70101 1.7484 -7.58961 178.052 -177.667 -169.669 10.705 -16.3238 1.25467 51.2642 18.2563 14.3927 4.31053 13.1474 -0.0534954 9.56375 -3.95385 -4.34032 4.43599 -30.8491 -0.625468 178.634 176.017 179.386 177.724 -161.555 176.855 1.0511 -1.15722 -0.0197089 1.78287 7.18237 2.9729 1.19035 -2.56844 1.15425 1.62046 -19.8471 2.25675 179.194 -178.848 -179.979 178.612 171.067 -178.403 1.21977 -3.61914 1.14666
-163.342 95.7133 40.8586 1.17284 11.9519 -4.89863 178.898 167.106 -179.92 178.898 167.106 -179.92 178.898 167.106 -179.92 178.898 167.106 -179.92 172.968 -164.165 179.415 133.413 148.606 158.593 1.70411 1.67327 -7.6039 178.02 -177.645 -169.658 10.6106 -16.4474 1.25547 51.338 18.2944 14.4367 4.31002 13.0759 -0.0545441 9.57999 -3.96521 -4.33452 4.42655 -30.9502 -0.617252 178.634 176.024 179.384 177.73 -161.404 176.82 1.0511 -1.1592 -0.0197089 1.77431 7.22453 3.00632 1.19029 -2.56532 1.15424 1.62933 -19.9995 2.29829 179.194 -178.846 -179.979 178.608 171.026 -178.427 1.22075 -3.66789 1.14672
-163.339 95.7072 40.7989 1.1796 12.0649 -4.9086 178.899 167.027 -179.919 178.899 167.027 -179.919 178.899 167.027 -179.919 178.899 167.027 -179.919 173.063 -164.053 179.415 133.332 148.632 158.576 1.70757 1.61992 -7.62344 178.008 -177.625 -169.654 10.5182 -16.5599 1.2562 51.4129 18.3029 14.4846 4.30428 13.0318 -0.0505936 9.58945 -3.97343 -4.32971 4.4173 -31.0508 -0.613425 178.633 176.03 179.387 177.736 -161.252 176.792 1.05109 -1.16126 -0.0197089 1.76651 7.26632 3.03399 1.19025 -2.56322 1.15424 1.63827 -20.1524 2.33634 179.194 -178.845 -179.979 178.603 170.985 -178.447 1.22131 -3.69581 1.14676
-163.336 95.701 40.7394 1.18654 12.1783 -4.91891 178.9 166.948 -179.918 178.9 166.948 -179.918 178.9 166.948 -179.918 178.9 166.948 -179.918 173.158 -163.931 179.415 133.249 148.638 158.564 1.71544 1.55864 -7.64273 177.973 -177.596 -169.639 10.4246 -16.6778 1.25697 51.481 18.3381 14.5324 4.30482 12.9614 -0.0505775 9.60536 -3.9848 -4.32382 4.40738 -31.1518 -0.6077 178.633 176.037 179.386 177.742 -161.101 176.758 1.05109 -1.16333 -0.019709 1.75798 7.3081 3.06721 1.19018 -2.5596 1.15424 1.6472 -20.3057 2.37936 179.194 -178.843 -179.979 178.598 170.944 -178.472 1.22224 -3.74221 1.14682
-163.332 95.6948 40.68 1.19376 12.2923 -4.92963 178.901 166.87 -179.917 178.901 166.87 -179.917 178.901 166.87 -179.917 178.901 166.87 -179.917 173.253 -163.82 179.414 133.166 148.661 158.55 1.72314 1.51527 -7.66648 177.962 -177.569 -169.632 10.3328 -16.7855 1.25768 51.5503 18.3462 14.5836 4.30045 12.9159 -0.0457831 9.61501 -3.99323 -4.31888 4.39766 -31.2522 -0.60556 178.632 176.043 179.388 177.747 -160.949 176.73 1.05109 -1.16546 -0.019709 1.75015 7.3495 3.09511 1.19013 -2.55718 1.15424 1.65618 -20.4595 2.41854 179.194 -178.841 -179.979 178.593 170.904 -178.492 1.22279 -3.76975 1.14685
-163.329 95.6885 40.6208 1.20127 12.4067 -4.9408 178.901 166.792 -179.915 178.901 166.792 -179.915 178.901 166.792 -179.915 178.901 166.792 -179.915 173.348 -163.698 179.414 133.081 148.666 158.543 1.73719 1.47053 -7.6913 177.921 -177.529 -169.609 10.2398 -16.8984 1.25843 51.6128 18.3818 14.6347 4.30286 12.8425 -0.0452438 9.63099 -4.00481 -4.31273 4.38726 -31.3529 -0.60189 178.632 176.05 179.388 177.753 -160.797 176.697 1.05109 -1.16758 -0.019709 1.74152 7.39089 3.12898 1.19004 -2.55306 1.15423 1.66509 -20.6137 2.46271 179.194 -178.839 -179.979 178.589 170.863 -178.517 1.22372 -3.81586 1.14691
-163.325 95.6821 40.5618 1.20915 12.5218 -4.9525 178.902 166.715 -179.913 178.902 166.715 -179.913 178.902 166.715 -179.913 178.902 166.715 -179.913 173.443 -163.587 179.414 132.997 148.687 158.531 1.75006 1.44075 -7.71988 177.91 -177.491 -169.597 10.1486 -17.002 1.25912 51.6771 18.3896 14.688 4.30001 12.7949 -0.0397018 9.64076 -4.01341 -4.30764 4.37714 -31.4529 -0.60133 178.631 176.056 179.39 177.758 -160.644 176.669 1.05109 -1.16977 -0.019709 1.73357 7.4319 3.15771 1.18999 -2.55039 1.15423 1.67399 -20.7685 2.50263 179.194 -178.838 -179.979 178.583 170.824 -178.537 1.22427 -3.84306 1.14695
-163.322 95.6757 40.503 1.21741 12.6372 -4.96477 178.902 166.638 -179.911 178.902 166.638 -179.911 178.902 166.638 -179.911 178.902 166.638 -179.911 173.54 -163.466 179.413 132.908 148.692 158.527 1.77187 1.41843 -7.75123 177.861 -177.436 -169.565 10.0559 -17.1109 1.25986 51.7348 18.4254 14.7412 4.30444 12.7178 -0.0387836 9.65644 -4.02507 -4.30115 4.36626 -31.5532 -0.599573 178.631 176.063 179.39 177.764 -160.491 176.636 1.05109 -1.17194 -0.019709 1.72473 7.47289 3.1929 1.1899 -2.54594 1.15423 1.68277 -20.9237 2.54744 179.194 -178.836 -179.979 178.579 170.784 -178.561 1.22518 -3.88875 1.14701
-163.318 95.6693 40.4443 1.22612 12.7533 -4.97766 178.902 166.562 -179.908 178.902 166.562 -179.908 178.902 166.562 -179.908 178.902 166.562 -179.908 173.636 -163.351 179.413 132.82 148.703 158.521 1.79495 1.40914 -7.78601 177.825 -177.377 -169.535 9.96397 -17.2148 1.26056 51.7923 18.449 14.7954 4.30679 12.6513 -0.0353772 9.66887 -4.03522 -4.29509 4.35537 -31.653 -0.599556 178.631 176.069 179.39 177.769 -160.338 176.606 1.05109 -1.17415 -0.019709 1.71614 7.51358 3.22606 1.18982 -2.54223 1.15422 1.69148 -21.0795 2.59004 179.194 -178.835 -179.979 178.574 170.745 -178.582 1.22591 -3.92524 1.14706
-163.315 95.6628 40.3858 1.23533 12.8699 -4.99122 178.901 166.486 -179.905 178.901 166.486 -179.905 178.901 166.486 -179.905 178.901 166.486 -179.905 173.733 -163.236 179.413 132.73 148.713 158.517 1.82235 1.41328 -7.82432 177.788 -177.31 -169.5 9.8722 -17.3174 1.26127 51.8488 18.4709 14.8496 4.30981 12.5849 -0.0316532 9.68112 -4.04537 -4.28895 4.34425 -31.7525 -0.600246 178.631 176.075 179.391 177.774 -160.184 176.575 1.05109 -1.17637 -0.019709 1.70738 7.55405 3.26021 1.18975 -2.53853 1.15422 1.70004 -21.2359 2.63264 179.194 -178.833 -179.979 178.568 170.706 -178.603 1.22663 -3.96101 1.14711
-163.311 95.6563 40.3274 1.24506 12.9869 -5.00548 178.901 166.41 -179.902 178.901 166.41 -179.902 178.901 166.41 -179.902 178.901 166.41 -179.902 173.831 -163.121 179.412 132.639 148.722 158.513 1.85449 1.43206 -7.86637 177.748 -177.234 -169.459 9.7804 -17.419 1.26197 51.9041 18.4923 14.9034 4.31361 12.5175 -0.0277526 9.69324 -4.05553 -4.28271 4.33286 -31.8516 -0.601495 178.631 176.082 179.392 177.779 -160.03 176.543 1.05109 -1.17859 -0.0197091 1.69842 7.59431 3.2955 1.18968 -2.53487 1.15422 1.70845 -21.3928 2.67513 179.194 -178.832 -179.979 178.563 170.667 -178.623 1.22734 -3.99643 1.14716
-163.308 95.6497 40.2693 1.25537 13.1046 -5.02048 178.9 166.336 -179.898 178.9 166.336 -179.898 178.9 166.336 -179.898 178.9 166.336 -179.898 173.93 -163.008 179.412 132.547 148.731 158.511 1.89174 1.4669 -7.91237 177.704 -177.146 -169.411 9.68847 -17.5201 1.26267 51.9585 18.5133 14.9565 4.31817 12.4488 -0.0237409 9.70518 -4.06566 -4.27635 4.32115 -31.9504 -0.603175 178.632 176.088 179.393 177.783 -159.876 176.512 1.05109 -1.18082 -0.0197091 1.68924 7.63433 3.33207 1.1896 -2.53129 1.15421 1.71667 -21.5503 2.71737 179.194 -178.83 -179.979 178.558 170.629 -178.641 1.22805 -4.03149 1.14721
-163.304 95.6431 40.2113 1.26626 13.2227 -5.03623 178.899 166.261 -179.894 178.899 166.261 -179.894 178.899 166.261 -179.894 178.899 166.261 -179.894 174.03 -162.894 179.412 132.454 148.738 158.51 1.93451 1.51915 -7.96252 177.657 -177.047 -169.357 9.59634 -17.6207 1.26337 52.0123 18.534 15.0087 4.32345 12.379 -0.0196652 9.71691 -4.07576 -4.26988 4.30907 -32.0488 -0.605138 178.632 176.094 179.394 177.788 -159.721 176.479 1.05109 -1.18304 -0.0197091 1.67981 7.67412 3.37003 1.18953 -2.52784 1.15421 1.72467 -21.7083 2.75925 179.194 -178.829 -179.979 178.552 170.592 -178.659 1.22874 -4.06613 1.14726
-163.301 95.6364 40.1535 1.27778 13.3413 -5.05275 178.897 166.187 -179.889 178.897 166.187 -179.889 178.897 166.187 -179.889 178.897 166.187 -179.889 174.131 -162.782 179.411 132.359 148.745 158.51 1.98313 1.59004 -8.01699 177.606 -176.935 -169.294 9.50392 -17.7213 1.26408 52.0659 18.5543 15.0597 4.3294 12.308 -0.0155689 9.72843 -4.08579 -4.2633 4.29659 -32.1467 -0.607215 178.632 176.099 179.394 177.792 -159.566 176.446 1.05109 -1.18526 -0.0197091 1.67011 7.71368 3.40951 1.18947 -2.52457 1.15421 1.73243 -21.8668 2.80066 179.194 -178.828 -179.979 178.546 170.554 -178.676 1.22943 -4.10031 1.14731
-163.297 95.6297 40.0958 1.28994 13.4604 -5.07004 178.896 166.114 -179.885 178.896 166.114 -179.885 178.896 166.114 -179.885 178.896 166.114 -179.885 174.233 -162.67 179.411 132.262 148.75 158.511 2.03772 1.68009 -8.07583 177.553 -176.811 -169.224 9.41115 -17.8221 1.26479 52.1196 18.5737 15.1091 4.33587 12.2365 -0.0114382 9.73972 -4.09576 -4.25663 4.28369 -32.2443 -0.609229 178.633 176.105 179.395 177.795 -159.411 176.413 1.05109 -1.18746 -0.0197091 1.66012 7.75299 3.45056 1.18941 -2.52155 1.15421 1.73994 -22.0258 2.84147 179.194 -178.826 -179.979 178.541 170.518 -178.691 1.2301 -4.13382 1.14736
-163.293 95.623 40.0384 1.30274 13.5799 -5.08808 178.894 166.041 -179.88 178.894 166.041 -179.88 178.894 166.041 -179.88 178.894 166.041 -179.88 174.336 -162.558 179.41 132.164 148.755 158.512 2.09856 1.79014 -8.13912 177.498 -176.674 -169.147 9.31797 -17.9232 1.26551 52.1737 18.5923 15.1568 4.34282 12.1646 -0.0073389 9.75083 -4.10565 -4.24989 4.27033 -32.3415 -0.610974 178.633 176.111 179.396 177.799 -159.255 176.378 1.05108 -1.18966 -0.0197091 1.64982 7.79207 3.49329 1.18935 -2.5188 1.1542 1.74718 -22.1853 2.88158 179.194 -178.825 -179.979 178.535 170.481 -178.705 1.23076 -4.16671 1.1474
-163.289 95.6163 39.9812 1.31619 13.6999 -5.10687 178.891 165.968 -179.874 178.891 165.968 -179.874 178.891 165.968 -179.874 178.891 165.968 -179.874 174.441 -162.448 179.41 132.065 148.758 158.514 2.16594 1.92093 -8.20696 177.44 -176.524 -169.061 9.22428 -18.025 1.26624 52.2284 18.6102 15.2024 4.35024 12.092 -0.00334541 9.76177 -4.11548 -4.24305 4.25648 -32.4383 -0.612226 178.633 176.116 179.397 177.802 -159.099 176.342 1.05108 -1.19183 -0.0197092 1.63919 7.83091 3.5378 1.1893 -2.51635 1.1542 1.75414 -22.3453 2.9209 179.194 -178.823 -179.979 178.529 170.446 -178.717 1.23141 -4.19905 1.14745
-163.285 95.6095 39.9242 1.33028 13.8203 -5.12637 178.888 165.896 -179.869 178.888 165.896 -179.869 178.888 165.896 -179.869 178.888 165.896 -179.869 174.546 -162.337 179.41 131.965 148.76 158.517 2.23996 2.07281 -8.27933 177.38 -176.36 -168.968 9.13003 -18.1276 1.26698 52.2839 18.6275 15.246 4.35808 12.0189 0.000492977 9.77254 -4.12522 -4.23612 4.24211 -32.5347 -0.612761 178.634 176.121 179.397 177.804 -158.943 176.306 1.05108 -1.19399 -0.0197092 1.62822 7.86951 3.58413 1.18926 -2.51423 1.1542 1.76083 -22.5056 2.95936 179.194 -178.822 -179.979 178.523 170.41 -178.729 1.23205 -4.23084 1.1475
-163.281 95.6027 39.8673 1.34499 13.941 -5.14653 178.885 165.824 -179.863 178.885 165.824 -179.863 178.885 165.824 -179.863 178.885 165.824 -179.863 174.653 -162.228 179.409 131.863 148.762 158.52 2.32069 2.24581 -8.35617 177.318 -176.182 -168.866 9.03516 -18.2312 1.26773 52.3404 18.644 15.2873 4.36627 11.9453 0.00412962 9.78315 -4.13489 -4.2291 4.22723 -32.6307 -0.612343 178.634 176.126 179.398 177.807 -158.787 176.268 1.05108 -1.19611 -0.0197092 1.61691 7.90788 3.63233 1.18922 -2.51245 1.1542 1.76725 -22.6663 2.99686 179.194 -178.821 -179.979 178.517 170.376 -178.738 1.23268 -4.26207 1.14754
-163.277 95.5959 39.8108 1.36029 14.0621 -5.1673 178.882 165.753 -179.857 178.882 165.753 -179.857 178.882 165.753 -179.857 178.882 165.753 -179.857 174.761 -162.118 179.409 131.759 148.762 158.524 2.40805 2.43962 -8.43737 177.254 -175.991 -168.755 8.93963 -18.3358 1.2685 52.3979 18.6599 15.3262 4.37477 11.8715 0.00752052 9.79362 -4.14447 -4.22198 4.21184 -32.7264 -0.61073 178.634 176.13 179.399 177.809 -158.631 176.229 1.05108 -1.19822 -0.0197092 1.60525 7.94602 3.68243 1.1892 -2.51103 1.1542 1.7734 -22.8273 3.03335 179.194 -178.819 -179.979 178.51 170.342 -178.747 1.23329 -4.29277 1.14759
-163.273 95.5891 39.7544 1.37615 14.1835 -5.18862 178.878 165.682 -179.851 178.878 165.682 -179.851 178.878 165.682 -179.851 178.878 165.682 -179.851 174.871 -162.009 179.409 131.65 148.769 158.531 2.50424 2.66866 -8.52508 177.164 -175.773 -168.624 8.84297 -18.4423 1.26928 52.4551 18.6816 15.3633 4.38472 11.7897 0.00994231 9.80301 -4.15369 -4.21432 4.19567 -32.8221 -0.607469 178.635 176.134 179.399 177.81 -158.474 176.187 1.05108 -1.20028 -0.0197092 1.59313 7.98398 3.73524 1.18917 -2.5099 1.1542 1.77931 -22.9886 3.06903 179.194 -178.818 -179.979 178.504 170.308 -178.754 1.23394 -4.32512 1.14764
-163.269 95.5822 39.6983 1.39252 14.3052 -5.2104 178.874 165.611 -179.845 178.874 165.611 -179.845 178.874 165.611 -179.845 178.874 165.611 -179.845 174.981 -161.901 179.408 131.548 148.76 158.533 2.60225 2.88866 -8.61229 177.12 -175.568 -168.51 8.74645 -18.5489 1.27007 52.5165 18.6905 15.3972 4.39274 11.7218 0.0132803 9.81374 -4.16324 -4.20733 4.17963 -32.9171 -0.602972 178.635 176.138 179.401 177.812 -158.317 176.146 1.05108 -1.20233 -0.0197092 1.58088 8.02167 3.78831 1.18916 -2.50927 1.15419 1.785 -23.15 3.10304 179.194 -178.817 -179.979 178.498 170.275 -178.759 1.2345 -4.35278 1.14768
-163.265 95.5754 39.6424 1.40936 14.4271 -5.23255 178.87 165.541 -179.838 178.87 165.541 -179.838 178.87 165.541 -179.838 178.87 165.541 -179.838 175.093 -161.793 179.408 131.436 148.767 158.541 2.71061 3.15527 -8.70759 177.03 -175.327 -168.365 8.64848 -18.6579 1.27089 52.5767 18.7096 15.4293 4.40287 11.6411 0.0151843 9.82318 -4.17237 -4.19957 4.16269 -33.0123 -0.596015 178.634 176.142 179.401 177.813 -158.161 176.102 1.05108 -1.20434 -0.0197092 1.56806 8.05921 3.84488 1.18915 -2.5089 1.15419 1.79049 -23.3116 3.13641 179.194 -178.815 -179.979 178.492 170.242 -178.763 1.23513 -4.38392 1.14773
-163.261 95.5686 39.5868 1.42659 14.5492 -5.25497 178.866 165.471 -179.832 178.866 165.471 -179.832 178.866 165.471 -179.832 178.866 165.471 -179.832 175.205 -161.685 179.408 131.327 148.765 158.548 2.82215 3.42401 -8.80386 176.963 -175.087 -168.225 8.55019 -18.7678 1.27171 52.6393 18.7228 15.4589 4.41224 11.5664 0.0172294 9.83303 -4.18155 -4.192 4.14572 -33.1073 -0.58723 178.634 176.145 179.402 177.814 -158.004 176.058 1.05108 -1.20632 -0.0197093 1.55502 8.09654 3.90239 1.18915 -2.50889 1.15419 1.79582 -23.4733 3.16832 179.194 -178.814 -179.979 178.486 170.21 -178.766 1.2357 -4.41264 1.14777
-163.257 95.5617 39.5314 1.44416 14.6715 -5.27756 178.861 165.401 -179.826 178.861 165.401 -179.826 178.861 165.401 -179.826 178.861 165.401 -179.826 175.318 -161.577 179.407 131.217 148.761 158.554 2.9384 3.70655 -8.90273 176.898 -174.839 -168.081 8.45127 -18.879 1.27255 52.7034 18.735 15.4862 4.42166 11.492 0.0189268 9.8428 -4.19066 -4.18434 4.1286 -33.2022 -0.576145 178.634 176.148 179.402 177.815 -157.847 176.011 1.05108 -1.20827 -0.0197093 1.54167 8.13369 3.96157 1.18916 -2.5092 1.15419 1.80104 -23.635 3.19903 179.194 -178.812 -179.979 178.479 170.178 -178.768 1.23627 -4.44092 1.14782
-163.253 95.5549 39.4764 1.46198 14.794 -5.3002 178.857 165.331 -179.819 178.857 165.331 -179.819 178.857 165.331 -179.819 178.857 165.331 -179.819 175.431 -161.469 179.407 131.106 148.757 158.561 3.05878 4.00107 -9.00374 176.834 -174.584 -167.932 8.35174 -18.9915 1.27341 52.7689 18.7464 15.5115 4.43117 11.4176 0.020236 9.85244 -4.19967 -4.17655 4.11144 -33.2972 -0.562604 178.633 176.151 179.403 177.816 -157.691 175.964 1.05108 -1.21019 -0.0197093 1.52802 8.17067 4.02232 1.18917 -2.50977 1.15419 1.80617 -23.7967 3.22853 179.194 -178.811 -179.979 178.473 170.146 -178.768 1.23683 -4.46879 1.14786
-163.249 95.5481 39.4216 1.48 14.9166 -5.32276 178.852 165.262 -179.813 178.852 165.262 -179.813 178.852 165.262 -179.813 178.852 165.262 -179.813 175.545 -161.361 179.406 130.995 148.753 158.569 3.18251 4.30518 -9.10631 176.772 -174.322 -167.779 8.25167 -19.1054 1.27429 52.8355 18.7572 15.5347 4.44074 11.3434 0.021154 9.86191 -4.20857 -4.16863 4.09439 -33.3924 -0.546483 178.632 176.153 179.404 177.817 -157.534 175.915 1.05108 -1.21209 -0.0197093 1.5141 8.20749 4.08448 1.18919 -2.51058 1.1542 1.81127 -23.9582 3.25681 179.194 -178.809 -179.979 178.467 170.115 -178.768 1.23738 -4.4963 1.1479
-163.245 95.5413 39.3671 1.49812 15.0394 -5.34511 178.847 165.193 -179.807 178.847 165.193 -179.807 178.847 165.193 -179.807 178.847 165.193 -179.807 175.659 -161.253 179.406 130.883 148.749 158.577 3.30878 4.61632 -9.20979 176.713 -174.057 -167.624 8.1511 -19.2205 1.27518 52.9033 18.7673 15.5561 4.45037 11.2692 0.0216882 9.87121 -4.21737 -4.16058 4.07761 -33.4878 -0.527692 178.63 176.155 179.405 177.818 -157.377 175.865 1.05108 -1.21396 -0.0197093 1.49991 8.24416 4.1479 1.18921 -2.51158 1.1542 1.81638 -24.1196 3.2839 179.194 -178.808 -179.979 178.46 170.085 -178.766 1.23793 -4.52346 1.14795
-163.241 95.5345 39.313 1.51626 15.1622 -5.36713 178.842 165.124 -179.801 178.842 165.124 -179.801 178.842 165.124 -179.801 178.842 165.124 -179.801 175.773 -161.144 179.406 130.771 148.744 158.585 3.43673 4.93185 -9.31351 176.658 -173.789 -167.467 8.05013 -19.3369 1.27608 52.9721 18.7768 15.5758 4.46003 11.1951 0.0218579 9.88029 -4.22606 -4.15239 4.06127 -33.5836 -0.506187 178.629 176.157 179.406 177.818 -157.221 175.813 1.05108 -1.21581 -0.0197093 1.4855 8.2807 4.21238 1.18923 -2.51273 1.1542 1.82155 -24.2808 3.30981 179.194 -178.806 -179.979 178.454 170.054 -178.764 1.23847 -4.55031 1.14799
-163.238 95.5277 39.2591 1.53435 15.285 -5.38868 178.837 165.055 -179.795 178.837 165.055 -179.795 178.837 165.055 -179.795 178.837 165.055 -179.795 175.887 -161.035 179.405 130.658 148.739 158.593 3.56546 5.24908 -9.41679 176.605 -173.521 -167.31 7.94883 -19.4544 1.277 53.0418 18.7857 15.5939 4.46973 11.1212 0.0216869 9.88914 -4.23463 -4.14406 4.04556 -33.6798 -0.48197 178.627 176.158 179.407 177.819 -157.064 175.761 1.05108 -1.21765 -0.0197093 1.47089 8.3171 4.27772 1.18926 -2.51399 1.1542 1.82681 -24.4417 3.33456 179.194 -178.804 -179.979 178.447 170.024 -178.761 1.239 -4.57685 1.14803
-163.235 95.5209 39.2056 1.55231 15.408 -5.40963 178.832 164.986 -179.789 178.832 164.986 -179.789 178.832 164.986 -179.789 178.832 164.986 -179.789 176 -160.926 179.405 130.546 148.735 158.602 3.69405 5.56534 -9.51894 176.557 -173.255 -167.154 7.84728 -19.5731 1.27794 53.1124 18.794 15.6106 4.47945 11.0473 0.0212078 9.89771 -4.24307 -4.13559 4.03067 -33.7765 -0.455091 178.624 176.159 179.408 177.82 -156.908 175.707 1.05107 -1.21947 -0.0197094 1.4561 8.35337 4.34366 1.18928 -2.51531 1.1542 1.83222 -24.6023 3.35818 179.194 -178.803 -179.979 178.441 169.994 -178.757 1.23953 -4.6031 1.14807
-163.232 95.5141 39.1524 1.57005 15.5309 -5.42985 178.827 164.918 -179.784 178.827 164.918 -179.784 178.827 164.918 -179.784 178.827 164.918 -179.784 176.113 -160.817 179.404 130.435 148.731 158.611 3.82161 5.87807 -9.61925 176.512 -172.992 -166.999 7.74558 -19.6928 1.27889 53.1836 18.8018 15.626 4.4892 10.9736 0.0204612 9.90596 -4.25138 -4.12699 4.01679 -33.8738 -0.42565 178.621 176.16 179.409 177.822 -156.752 175.652 1.05107 -1.22129 -0.0197094 1.44117 8.38953 4.40997 1.18931 -2.51665 1.1542 1.83781 -24.7626 3.38072 179.194 -178.801 -179.979 178.434 169.964 -178.754 1.24005 -4.62908 1.14812
-163.229 95.5073 39.0996 1.58751 15.654 -5.4492 178.822 164.849 -179.779 178.822 164.849 -179.779 178.822 164.849 -179.779 178.822 164.849 -179.779 176.224 -160.706 179.404 130.324 148.727 158.62 3.94726 6.18482 -9.71706 176.47 -172.734 -166.848 7.64381 -19.8135 1.27986 53.2554 18.809 15.6402 4.49899 10.8999 0.0194948 9.91384 -4.25955 -4.11825 4.00412 -33.9717 -0.393799 178.618 176.16 179.41 177.823 -156.595 175.597 1.05107 -1.22311 -0.0197094 1.42614 8.42556 4.47636 1.18934 -2.51795 1.1542 1.84362 -24.9224 3.4022 179.194 -178.799 -179.979 178.427 169.935 -178.75 1.24057 -4.65479 1.14816
-163.227 95.5006 39.0471 1.60461 15.777 -5.46758 178.817 164.78 -179.774 178.817 164.78 -179.774 178.817 164.78 -179.774 178.817 164.78 -179.774 176.334 -160.596 179.404 130.213 148.725 158.63 4.07018 6.48335 -9.81175 176.433 -172.483 -166.7 7.54205 -19.9352 1.28085 53.3277 18.8159 15.6535 4.50883 10.8264 0.018361 9.92131 -4.26756 -4.10937 3.99283 -34.0703 -0.359736 178.615 176.161 179.411 177.825 -156.439 175.541 1.05107 -1.22493 -0.0197094 1.41103 8.46149 4.54254 1.18936 -2.51918 1.1542 1.84967 -25.0819 3.42266 179.194 -178.797 -179.979 178.42 169.905 -178.745 1.24108 -4.68023 1.1482
-163.225 95.4938 38.9949 1.62128 15.9001 -5.48485 178.812 164.712 -179.77 178.812 164.712 -179.77 178.812 164.712 -179.77 178.812 164.712 -179.77 176.443 -160.485 179.403 130.104 148.723 158.639 4.18958 6.77161 -9.90275 176.399 -172.24 -166.557 7.44039 -20.0577 1.28184 53.4003 18.8223 15.6658 4.51872 10.7528 0.0171228 9.92833 -4.27541 -4.10038 3.98309 -34.1697 -0.323707 178.611 176.161 179.413 177.826 -156.283 175.484 1.05107 -1.22677 -0.0197094 1.39588 8.49731 4.60821 1.18938 -2.52031 1.1542 1.85601 -25.2409 3.44213 179.194 -178.795 -179.979 178.413 169.876 -178.741 1.24159 -4.7054 1.14824
-163.223 95.4871 38.9431 1.63747 16.0233 -5.50092 178.807 164.643 -179.766 178.807 164.643 -179.766 178.807 164.643 -179.766 178.807 164.643 -179.766 176.55 -160.373 179.403 129.997 148.722 158.649 4.30478 7.04784 -9.98954 176.369 -172.007 -166.42 7.3389 -20.1811 1.28286 53.4731 18.8283 15.6773 4.52871 10.6793 0.0158434 9.93484 -4.2831 -4.09127 3.97505 -34.2698 -0.285998 178.607 176.161 179.414 177.829 -156.127 175.428 1.05107 -1.22863 -0.0197094 1.38073 8.53302 4.67308 1.1894 -2.52128 1.15421 1.86265 -25.3995 3.46067 179.194 -178.793 -179.979 178.406 169.847 -178.737 1.24209 -4.7303 1.14828
-163.222 95.4803 38.8917 1.65312 16.1465 -5.51567 178.803 164.574 -179.763 178.803 164.574 -179.763 178.803 164.574 -179.763 178.803 164.574 -179.763 176.656 -160.26 179.402 129.89 148.723 158.659 4.41517 7.31054 -10.0717 176.343 -171.785 -166.29 7.23765 -20.3052 1.28388 53.546 18.8341 15.6881 4.5388 10.6058 0.0145904 9.9408 -4.29061 -4.08206 3.96885 -34.3707 -0.246929 178.603 176.161 179.415 177.831 -155.972 175.371 1.05107 -1.23051 -0.0197094 1.36561 8.56862 4.73683 1.18942 -2.52209 1.15421 1.8696 -25.5577 3.4783 179.194 -178.791 -179.979 178.399 169.818 -178.733 1.24258 -4.75492 1.14832
-163.221 95.4736 38.8406 1.66818 16.2699 -5.52902 178.799 164.505 -179.76 178.799 164.505 -179.76 178.799 164.505 -179.76 178.799 164.505 -179.76 176.759 -160.148 179.402 129.79 148.717 158.666 4.51746 7.54361 -10.1457 176.342 -171.587 -166.177 7.13703 -20.4294 1.28491 53.6201 18.8345 15.6981 4.54798 10.5383 0.0139565 9.9476 -4.29835 -4.07318 3.9649 -34.4721 -0.208166 178.598 176.161 179.418 177.834 -155.816 175.316 1.05107 -1.23244 -0.0197094 1.35073 8.6041 4.79797 1.18943 -2.52265 1.15421 1.87689 -25.7154 3.49496 179.194 -178.789 -179.979 178.392 169.789 -178.729 1.24304 -4.77755 1.14836
-163.221 95.4668 38.7898 1.6826 16.3933 -5.54088 178.795 164.436 -179.758 178.795 164.436 -179.758 178.795 164.436 -179.758 178.795 164.436 -179.758 176.861 -160.034 179.402 129.683 148.73 158.678 4.61947 7.79047 -10.2207 176.298 -171.378 -166.05 7.03609 -20.5553 1.28597 53.6918 18.8445 15.7078 4.55938 10.4589 0.0124906 9.95098 -4.30511 -4.0634 3.96236 -34.5747 -0.16615 178.594 176.161 179.418 177.837 -155.66 175.259 1.05107 -1.23438 -0.0197095 1.33561 8.63953 4.85977 1.18944 -2.52307 1.15421 1.8845 -25.8727 3.51093 179.194 -178.787 -179.979 178.384 169.76 -178.727 1.24356 -4.80322 1.1484
-163.221 95.4601 38.7394 1.69635 16.5169 -5.55116 178.791 164.368 -179.756 178.791 164.368 -179.756 178.791 164.368 -179.756 178.791 164.368 -179.756 176.961 -159.92 179.401 129.586 148.728 158.685 4.7102 7.99376 -10.2843 176.299 -171.205 -165.952 6.93614 -20.6807 1.28703 53.7655 18.8448 15.7166 4.56895 10.3909 0.0122645 9.95668 -4.31251 -4.0544 3.96245 -34.6775 -0.12646 178.588 176.161 179.421 177.84 -155.504 175.205 1.05107 -1.23639 -0.0197095 1.32096 8.67481 4.91723 1.18944 -2.52321 1.15421 1.89246 -26.0296 3.52591 179.194 -178.785 -179.979 178.377 169.731 -178.724 1.244 -4.82526 1.14844
-163.221 95.4533 38.6893 1.7094 16.6407 -5.55981 178.787 164.299 -179.754 178.787 164.299 -179.754 178.787 164.299 -179.754 178.787 164.299 -179.754 177.059 -159.805 179.401 129.487 148.735 158.695 4.79698 8.19261 -10.3451 176.284 -171.036 -165.853 6.83633 -20.8071 1.28811 53.8381 18.8489 15.7249 4.5796 10.3179 0.0119631 9.96066 -4.31944 -4.04505 3.96438 -34.7812 -0.0856872 178.583 176.162 179.423 177.844 -155.348 175.15 1.05107 -1.23844 -0.0197095 1.3063 8.71004 4.97361 1.18944 -2.52314 1.15421 1.90074 -26.1861 3.54016 179.194 -178.782 -179.979 178.369 169.703 -178.722 1.24447 -4.84848 1.14848
-163.222 95.4465 38.6395 1.72171 16.7647 -5.56675 178.784 164.229 -179.753 178.784 164.229 -179.753 178.784 164.229 -179.753 178.784 164.229 -179.753 177.155 -159.69 179.4 129.389 148.746 158.704 4.87758 8.37626 -10.4006 176.268 -170.879 -165.76 6.73686 -20.9339 1.28919 53.9102 18.8537 15.7329 4.59067 10.2439 0.0119785 9.96365 -4.3261 -4.0356 3.96832 -34.8854 -0.0453229 178.578 176.162 179.424 177.847 -155.191 175.096 1.05107 -1.24055 -0.0197095 1.29182 8.74518 5.02755 1.18943 -2.52282 1.15421 1.90934 -26.3423 3.5536 179.194 -178.78 -179.979 178.361 169.675 -178.721 1.24493 -4.87146 1.14852
-163.223 95.4397 38.59 1.73326 16.889 -5.57194 178.781 164.16 -179.753 178.781 164.16 -179.753 178.781 164.16 -179.753 178.781 164.16 -179.753 177.248 -159.574 179.4 129.293 148.759 158.714 4.95176 8.5436 -10.4509 176.253 -170.736 -165.676 6.63779 -21.0611 1.29029 53.9819 18.8586 15.7403 4.60207 10.1694 0.0124495 9.96591 -4.33256 -4.02615 3.97426 -34.9902 -0.00582187 178.573 176.163 179.425 177.852 -155.035 175.044 1.05107 -1.24271 -0.0197095 1.27755 8.78024 5.07883 1.18942 -2.52227 1.15421 1.91825 -26.4982 3.56624 179.194 -178.778 -179.979 178.353 169.647 -178.721 1.24538 -4.89406 1.14856
-163.224 95.4329 38.5408 1.74403 17.0136 -5.57532 178.778 164.091 -179.753 178.778 164.091 -179.753 178.778 164.091 -179.753 178.778 164.091 -179.753 177.34 -159.457 179.399 129.199 148.775 158.723 5.01956 8.69485 -10.4958 176.239 -170.606 -165.601 6.5391 -21.1885 1.2914 54.0532 18.8635 15.7471 4.61382 10.0946 0.0134557 9.96751 -4.33885 -4.01673 3.98211 -35.0954 0.0324805 178.568 176.164 179.426 177.856 -154.878 174.992 1.05107 -1.24493 -0.0197095 1.26349 8.81524 5.12729 1.18941 -2.52149 1.15421 1.92744 -26.6539 3.57807 179.194 -178.775 -179.979 178.346 169.619 -178.721 1.24583 -4.91627 1.1486
-163.226 95.426 38.4919 1.754 17.1385 -5.57686 178.776 164.022 -179.753 178.776 164.022 -179.753 178.776 164.022 -179.753 178.776 164.022 -179.753 177.43 -159.341 179.399 129.107 148.793 158.733 5.08111 8.83058 -10.5358 176.226 -170.489 -165.533 6.44076 -21.3162 1.29252 54.124 18.8686 15.7535 4.62595 10.0194 0.0150633 9.96848 -4.34498 -4.00737 3.99175 -35.2009 0.0692371 178.563 176.165 179.428 177.861 -154.721 174.942 1.05107 -1.24721 -0.0197096 1.24967 8.85018 5.17282 1.18939 -2.5205 1.1542 1.93691 -26.8093 3.5891 179.194 -178.773 -179.979 178.338 169.591 -178.722 1.24627 -4.93807 1.14863
-163.229 95.4192 38.4432 1.76317 17.2638 -5.5765 178.774 163.952 -179.755 178.774 163.952 -179.755 178.774 163.952 -179.755 178.774 163.952 -179.755 177.518 -159.223 179.398 129.016 148.813 158.742 5.13666 8.95153 -10.571 176.214 -170.385 -165.473 6.34274 -21.444 1.29365 54.1943 18.8738 15.7592 4.6385 9.94377 0.0173316 9.96888 -4.35097 -3.9981 4.00304 -35.3067 0.104185 178.557 176.167 179.429 177.866 -154.563 174.893 1.05106 -1.24955 -0.0197096 1.23608 8.88507 5.21535 1.18936 -2.51932 1.1542 1.94662 -26.9646 3.59932 179.194 -178.771 -179.979 178.331 169.564 -178.725 1.2467 -4.95945 1.14867
-163.231 95.4123 38.3948 1.77151 17.3896 -5.57423 178.772 163.883 -179.756 178.772 163.883 -179.756 178.772 163.883 -179.756 178.772 163.883 -179.756 177.605 -159.106 179.398 128.927 148.836 158.752 5.18638 9.05821 -10.6017 176.203 -170.293 -165.42 6.24503 -21.5718 1.29479 54.2642 18.8791 15.7644 4.65143 9.86787 0.0203506 9.96886 -4.35687 -3.98898 4.01579 -35.4126 0.137032 178.552 176.169 179.43 177.871 -154.406 174.845 1.05106 -1.25195 -0.0197096 1.22272 8.91992 5.25483 1.18934 -2.51799 1.1542 1.95655 -27.1198 3.6087 179.194 -178.768 -179.979 178.323 169.537 -178.728 1.24712 -4.98033 1.14871
-163.234 95.4055 38.3466 1.77902 17.5158 -5.57 178.771 163.813 -179.758 178.771 163.813 -179.758 178.771 163.813 -179.758 178.771 163.813 -179.758 177.69 -158.987 179.397 128.839 148.861 158.761 5.23073 9.1519 -10.6284 176.194 -170.213 -165.375 6.14755 -21.6996 1.29593 54.3336 18.8846 15.7689 4.66479 9.79154 0.0241441 9.96844 -4.36267 -3.98002 4.02981 -35.5186 0.167619 178.547 176.172 179.432 177.876 -154.247 174.799 1.05106 -1.2544 -0.0197096 1.20959 8.95476 5.29133 1.18931 -2.51652 1.1542 1.96668 -27.2749 3.61723 179.194 -178.766 -179.979 178.316 169.511 -178.733 1.24753 -5.00075 1.14874
-163.238 95.3986 38.2986 1.78569 17.6425 -5.56381 178.77 163.744 -179.761 178.77 163.744 -179.761 178.77 163.744 -179.761 178.77 163.744 -179.761 177.774 -158.869 179.397 128.752 148.889 158.77 5.27015 9.23381 -10.6515 176.184 -170.143 -165.336 6.05024 -21.8272 1.29709 54.4024 18.8904 15.7727 4.67864 9.71461 0.0287345 9.96761 -4.36838 -3.97123 4.04486 -35.6246 0.195803 178.543 176.175 179.433 177.882 -154.088 174.753 1.05106 -1.2569 -0.0197096 1.19667 8.98957 5.32492 1.18927 -2.51494 1.1542 1.97698 -27.43 3.62491 179.194 -178.764 -179.979 178.309 169.484 -178.738 1.24793 -5.02075 1.14878
-163.242 95.3917 38.2508 1.79152 17.7698 -5.55562 178.769 163.674 -179.764 178.769 163.674 -179.764 178.769 163.674 -179.764 178.769 163.674 -179.764 177.856 -158.75 179.397 128.666 148.919 158.78 5.30511 9.30502 -10.6715 176.175 -170.082 -165.302 5.95306 -21.9547 1.29825 54.4707 18.8967 15.7759 4.69298 9.63701 0.0341508 9.96645 -4.37401 -3.96265 4.06071 -35.7304 0.221464 178.538 176.178 179.434 177.887 -153.929 174.708 1.05106 -1.25944 -0.0197097 1.18393 9.02439 5.35573 1.18924 -2.51331 1.1542 1.98742 -27.5852 3.63171 179.194 -178.761 -179.979 178.303 169.459 -178.745 1.24833 -5.04033 1.14881
-163.246 95.3848 38.2032 1.79649 17.8976 -5.54543 178.769 163.604 -179.767 178.769 163.604 -179.767 178.769 163.604 -179.767 178.769 163.604 -179.767 177.937 -158.631 179.396 128.581 148.951 158.789 5.33608 9.36665 -10.6887 176.165 -170.03 -165.274 5.85594 -22.082 1.29942 54.5385 18.9036 15.7783 4.70783 9.55866 0.0404094 9.965 -4.3796 -3.95429 4.0771 -35.8361 0.244521 178.534 176.182 179.436 177.893 -153.768 174.664 1.05106 -1.26202 -0.0197097 1.17134 9.05922 5.38394 1.18921 -2.51163 1.1542 1.99798 -27.7405 3.63763 179.194 -178.759 -179.979 178.297 169.433 -178.752 1.24871 -5.05949 1.14885
-163.25 95.3779 38.1558 1.80062 18.0262 -5.53323 178.77 163.535 -179.771 178.77 163.535 -179.771 178.77 163.535 -179.771 178.77 163.535 -179.771 178.018 -158.517 179.396 128.503 148.979 158.792 5.3596 9.40537 -10.6997 176.173 -169.992 -165.259 5.75976 -22.2042 1.30054 54.6076 18.8968 15.7817 4.71865 9.49596 0.0502499 9.96807 -4.38587 -3.94779 4.09433 -35.9415 0.263713 178.529 176.186 179.438 177.899 -153.607 174.624 1.05106 -1.26466 -0.0197097 1.15949 9.09399 5.40592 1.18918 -2.51038 1.1542 2.00866 -27.8959 3.64211 179.194 -178.756 -179.979 178.291 169.409 -178.761 1.24899 -5.07319 1.14887
-163.255 95.371 38.1085 1.80388 18.1552 -5.51902 178.77 163.465 -179.776 178.77 163.465 -179.776 178.77 163.465 -179.776 178.77 163.465 -179.776 178.097 -158.392 179.395 128.413 149.021 158.808 5.38802 9.46455 -10.7165 176.148 -169.95 -165.233 5.66174 -22.3353 1.30176 54.673 18.9175 15.7806 4.73872 9.40159 0.0556512 9.96238 -4.39094 -3.93852 4.11055 -36.0465 0.282601 178.525 176.19 179.438 177.905 -153.446 174.577 1.05106 -1.26726 -0.0197097 1.14652 9.12895 5.43335 1.18914 -2.50836 1.15419 2.01938 -28.0514 3.64678 179.194 -178.754 -179.979 178.286 169.384 -178.771 1.24946 -5.09645 1.14891
-163.26 95.3641 38.0614 1.8063 18.2851 -5.50279 178.772 163.396 -179.78 178.772 163.396 -179.78 178.772 163.396 -179.78 178.772 163.396 -179.78 178.176 -158.277 179.395 128.335 149.055 158.812 5.40693 9.49203 -10.7249 176.151 -169.922 -165.223 5.56535 -22.4565 1.3029 54.7408 18.9128 15.7826 4.75043 9.33661 0.0672224 9.96512 -4.39703 -3.93259 4.12753 -36.1511 0.297145 178.521 176.195 179.44 177.911 -153.284 174.537 1.05106 -1.26993 -0.0197097 1.13478 9.16378 5.45143 1.18912 -2.50719 1.15419 2.0302 -28.2072 3.64944 179.194 -178.752 -179.979 178.281 169.361 -178.782 1.24972 -5.10969 1.14894
-163.265 95.3571 38.0145 1.80786 18.4154 -5.48458 178.773 163.326 -179.786 178.773 163.326 -179.786 178.773 163.326 -179.786 178.773 163.326 -179.786 178.254 -158.153 179.394 128.246 149.1 158.828 5.43042 9.53774 -10.7387 176.129 -169.892 -165.205 5.46703 -22.5867 1.30413 54.805 18.9359 15.7799 4.7717 9.23941 0.0741792 9.95895 -4.40204 -3.92381 4.14313 -36.2553 0.310105 178.518 176.2 179.44 177.918 -153.121 174.49 1.05106 -1.27256 -0.0197097 1.1219 9.19882 5.47512 1.18908 -2.50539 1.15419 2.04104 -28.363 3.65238 179.194 -178.749 -179.979 178.277 169.337 -178.795 1.25017 -5.13205 1.14898
-163.271 95.3502 37.9676 1.80858 18.5466 -5.4644 178.775 163.257 -179.791 178.775 163.257 -179.791 178.775 163.257 -179.791 178.775 163.257 -179.791 178.332 -158.038 179.394 128.168 149.137 158.831 5.44673 9.55675 -10.7458 176.128 -169.873 -165.199 5.37028 -22.7067 1.30527 54.872 18.9326 15.7802 4.78415 9.17307 0.0874358 9.96176 -4.40812 -3.91857 4.15894 -36.359 0.319975 178.515 176.205 179.442 177.924 -152.957 174.449 1.05106 -1.27523 -0.0197098 1.11013 9.23373 5.49031 1.18906 -2.50442 1.15419 2.05194 -28.5192 3.65326 179.194 -178.747 -179.979 178.273 169.315 -178.808 1.25043 -5.14476 1.149
-163.277 95.3434 37.921 1.80846 18.6782 -5.4423 178.778 163.188 -179.797 178.778 163.188 -179.797 178.778 163.188 -179.797 178.778 163.188 -179.797 178.409 -157.913 179.393 128.079 149.183 158.847 5.46767 9.59297 -10.7582 176.108 -169.852 -165.187 5.27152 -22.8356 1.3065 54.9351 18.958 15.7759 4.80627 9.07366 0.095952 9.95591 -4.41322 -3.91047 4.17306 -36.4621 0.327214 178.512 176.211 179.442 177.93 -152.792 174.401 1.05105 -1.27784 -0.0197098 1.09716 9.26883 5.51154 1.18903 -2.50302 1.15419 2.06285 -28.6754 3.65455 179.194 -178.745 -179.979 178.269 169.292 -178.823 1.25086 -5.16628 1.14904
-163.284 95.3365 37.8744 1.80752 18.8106 -5.41832 178.781 163.118 -179.803 178.781 163.118 -179.803 178.781 163.118 -179.803 178.781 163.118 -179.803 178.487 -157.798 179.392 128.001 149.222 158.85 5.4834 9.60648 -10.7652 176.104 -169.839 -165.184 5.1743 -22.9541 1.30764 55.0014 18.9562 15.7746 4.81928 9.0061 0.11077 9.959 -4.41933 -3.90599 4.18692 -36.5646 0.332516 178.509 176.217 179.443 177.937 -152.627 174.358 1.05105 -1.28049 -0.0197098 1.08522 9.3038 5.5249 1.18902 -2.50234 1.15419 2.07382 -28.832 3.65378 179.194 -178.743 -179.979 178.266 169.271 -178.838 1.25111 -5.17852 1.14906
-163.29 95.3296 37.8281 1.80577 18.9434 -5.39253 178.784 163.049 -179.809 178.784 163.049 -179.809 178.784 163.049 -179.809 178.784 163.049 -179.809 178.565 -157.674 179.392 127.912 149.27 158.865 5.50428 9.63714 -10.7778 176.083 -169.823 -165.175 5.07499 -23.0815 1.30888 55.0636 18.984 15.7686 4.84203 8.90456 0.120686 9.95393 -4.4246 -3.89865 4.19883 -36.6665 0.334311 178.507 176.223 179.445 177.943 -152.461 174.307 1.05105 -1.28306 -0.0197098 1.07197 9.33895 5.54497 1.189 -2.50146 1.15419 2.08478 -28.9886 3.65358 179.194 -178.741 -179.979 178.263 169.249 -178.856 1.25153 -5.19931 1.1491
-163.297 95.3228 37.7818 1.80325 19.0769 -5.36501 178.788 162.98 -179.815 178.788 162.98 -179.815 178.788 162.98 -179.815 178.788 162.98 -179.815 178.642 -157.559 179.391 127.834 149.31 158.867 5.52145 9.64788 -10.786 176.076 -169.814 -165.173 4.97726 -23.1984 1.31002 55.1294 18.984 15.7655 4.85537 8.83592 0.136875 9.95743 -4.43074 -3.89499 4.21016 -36.7677 0.335173 178.505 176.229 179.445 177.95 -152.295 174.262 1.05105 -1.28565 -0.0197099 1.05974 9.37394 5.55752 1.189 -2.50114 1.15419 2.09582 -29.1455 3.65136 179.194 -178.739 -179.979 178.26 169.228 -178.873 1.25177 -5.21115 1.14912
-163.305 95.316 37.7358 1.79996 19.2108 -5.33586 178.792 162.911 -179.822 178.792 162.911 -179.822 178.792 162.911 -179.822 178.792 162.911 -179.822 178.721 -157.435 179.391 127.746 149.356 158.881 5.54482 9.67658 -10.8002 176.051 -169.801 -165.163 4.87741 -23.3244 1.31126 55.1909 19.0145 15.7578 4.87851 8.73236 0.147952 9.95346 -4.43624 -3.88849 4.21938 -36.8683 0.331754 178.503 176.235 179.447 177.956 -152.128 174.208 1.05105 -1.28816 -0.0197099 1.04608 9.40908 5.57765 1.18899 -2.50089 1.15419 2.10688 -29.3023 3.64994 179.194 -178.736 -179.979 178.258 169.208 -178.893 1.25217 -5.23137 1.14916
-163.312 95.3092 37.69 1.79597 19.3452 -5.30518 178.797 162.842 -179.829 178.797 162.842 -179.829 178.797 162.842 -179.829 178.797 162.842 -179.829 178.799 -157.321 179.39 127.668 149.396 158.882 5.56547 9.68712 -10.8105 176.041 -169.794 -165.16 4.77923 -23.4397 1.3124 55.2562 19.0163 15.7531 4.8919 8.66289 0.165267 9.95747 -4.44238 -3.8857 4.22785 -36.968 0.328277 178.501 176.242 179.446 177.963 -151.96 174.16 1.05105 -1.29068 -0.0197099 1.03345 9.44403 5.59029 1.18899 -2.50097 1.15419 2.11803 -29.4593 3.64654 179.194 -178.734 -179.979 178.256 169.188 -178.912 1.25241 -5.24288 1.14918
-163.32 95.3024 37.6443 1.79129 19.4798 -5.27312 178.802 162.773 -179.835 178.802 162.773 -179.835 178.802 162.773 -179.835 178.802 162.773 -179.835 178.879 -157.198 179.39 127.581 149.441 158.894 5.59391 9.71731 -10.8277 176.01 -169.781 -165.147 4.67894 -23.5643 1.31364 55.3173 19.0499 15.7436 4.91519 8.55753 0.177214 9.95483 -4.44814 -3.88006 4.23415 -37.0671 0.319773 178.5 176.249 179.449 177.97 -151.793 174.102 1.05105 -1.29311 -0.0197099 1.01925 9.47909 5.61149 1.189 -2.50139 1.15419 2.12922 -29.6161 3.64422 179.194 -178.732 -179.979 178.254 169.168 -178.934 1.2528 -5.2627 1.14922
-163.329 95.2957 37.5989 1.78598 19.6148 -5.23979 178.807 162.704 -179.842 178.807 162.704 -179.842 178.807 162.704 -179.842 178.807 162.704 -179.842 178.959 -157.085 179.389 127.504 149.478 158.892 5.62013 9.73025 -10.8412 175.996 -169.775 -165.14 4.58049 -23.6781 1.31479 55.3824 19.0538 15.7371 4.92837 8.48756 0.195362 9.95937 -4.45425 -3.87818 4.23971 -37.1653 0.312023 178.499 176.256 179.448 177.976 -151.625 174.051 1.05105 -1.29556 -0.0197099 1.00618 9.5139 5.62494 1.18901 -2.50189 1.15419 2.14054 -29.7731 3.64 179.194 -178.73 -179.979 178.251 169.148 -178.954 1.25303 -5.27396 1.14924
-163.337 95.289 37.5538 1.7801 19.7498 -5.20539 178.812 162.635 -179.849 178.812 162.635 -179.849 178.812 162.635 -179.849 178.812 162.635 -179.849 179.04 -156.963 179.389 127.417 149.52 158.901 5.65632 9.76555 -10.8627 175.954 -169.761 -165.12 4.47999 -23.8016 1.31603 55.4431 19.0906 15.7258 4.95157 8.38078 0.207858 9.95822 -4.46028 -3.87345 4.24314 -37.2628 0.298462 178.498 176.263 179.45 177.983 -151.457 173.989 1.05105 -1.29792 -0.0197099 0.991371 9.54876 5.648 1.18903 -2.503 1.15419 2.15193 -29.9296 3.63717 179.194 -178.729 -179.979 178.249 169.129 -178.978 1.25343 -5.29354 1.14927
-163.347 95.2824 37.5089 1.7737 19.885 -5.17007 178.817 162.566 -179.855 178.817 162.566 -179.855 178.817 162.566 -179.855 178.817 162.566 -179.855 179.122 -156.846 179.388 127.336 149.557 158.903 5.69413 9.7952 -10.884 175.918 -169.748 -165.101 4.38041 -23.9195 1.31723 55.5053 19.115 15.7158 4.96979 8.28963 0.223334 9.95992 -4.46617 -3.87065 4.24557 -37.3594 0.284196 178.497 176.27 179.451 177.99 -151.289 173.93 1.05105 -1.30026 -0.01971 0.977012 9.5834 5.66761 1.18906 -2.5042 1.15419 2.16348 -30.086 3.63341 179.194 -178.727 -179.979 178.247 169.11 -179.001 1.25374 -5.30901 1.1493
-163.356 95.2758 37.4643 1.76685 20.0201 -5.134 178.822 162.497 -179.862 178.822 162.497 -179.862 178.822 162.497 -179.862 178.822 162.497 -179.862 179.205 -156.731 179.388 127.257 149.592 158.902 5.73713 9.82889 -10.908 175.879 -169.735 -165.077 4.28106 -24.0371 1.31843 55.5681 19.1393 15.7045 4.98753 8.20024 0.239028 9.96269 -4.47229 -3.86846 4.2468 -37.4552 0.267704 178.497 176.277 179.452 177.997 -151.121 173.869 1.05105 -1.30258 -0.01971 0.962379 9.61787 5.68823 1.18909 -2.50565 1.15419 2.17519 -30.242 3.62962 179.194 -178.725 -179.979 178.244 169.092 -179.024 1.25405 -5.32427 1.14933
-163.366 95.2692 37.4201 1.75962 20.1551 -5.09738 178.828 162.428 -179.868 178.828 162.428 -179.868 178.828 162.428 -179.868 178.828 162.428 -179.868 179.29 -156.615 179.387 127.178 149.623 158.9 5.78601 9.86808 -10.9351 175.833 -169.72 -165.047 4.18197 -24.1544 1.31964 55.6309 19.1646 15.6921 5.00489 8.11128 0.254773 9.96618 -4.4785 -3.86679 4.24693 -37.5501 0.24892 178.497 176.284 179.453 178.005 -150.954 173.807 1.05105 -1.30487 -0.01971 0.947472 9.65214 5.70994 1.18912 -2.50735 1.15419 2.18706 -30.3975 3.62592 179.194 -178.723 -179.979 178.241 169.073 -179.048 1.25435 -5.33949 1.14936
-163.376 95.2627 37.3763 1.75208 20.2898 -5.06041 178.833 162.359 -179.874 178.833 162.359 -179.874 178.833 162.359 -179.874 178.833 162.359 -179.874 179.376 -156.501 179.387 127.1 149.651 158.894 5.8415 9.91396 -10.9658 175.781 -169.703 -165.011 4.08326 -24.2716 1.32086 55.6939 19.1913 15.6786 5.02187 8.02267 0.270465 9.97027 -4.48477 -3.8656 4.24612 -37.6441 0.227864 178.497 176.291 179.453 178.012 -150.787 173.744 1.05104 -1.30714 -0.01971 0.932298 9.68616 5.73278 1.18916 -2.50926 1.15419 2.19913 -30.5526 3.62242 179.194 -178.721 -179.979 178.238 169.055 -179.072 1.25466 -5.35469 1.14939
-163.386 95.2563 37.3328 1.74431 20.4241 -5.02328 178.838 162.29 -179.88 178.838 162.29 -179.88 178.838 162.29 -179.88 178.838 162.29 -179.88 179.463 -156.388 179.386 127.024 149.676 158.887 5.90432 9.96774 -11.0005 175.722 -169.684 -164.966 3.98505 -24.3889 1.32208 55.7571 19.2193 15.6639 5.03843 7.93457 0.28602 9.97494 -4.49108 -3.8649 4.24452 -37.7372 0.204583 178.498 176.298 179.454 178.02 -150.62 173.679 1.05104 -1.30939 -0.01971 0.916867 9.71992 5.75678 1.1892 -2.51138 1.1542 2.2114 -30.707 3.61922 179.194 -178.72 -179.979 178.235 169.036 -179.097 1.25496 -5.36988 1.14942
-163.397 95.2499 37.2899 1.73639 20.558 -4.98618 178.843 162.221 -179.885 178.843 162.221 -179.885 178.843 162.221 -179.885 178.843 162.221 -179.885 179.553 -156.275 179.386 126.949 149.697 158.876 5.97522 10.0307 -11.0396 175.656 -169.664 -164.912 3.88746 -24.5064 1.32331 55.8205 19.2487 15.6479 5.05452 7.84718 0.301365 9.9802 -4.49744 -3.86467 4.24231 -37.8293 0.179151 178.499 176.305 179.455 178.027 -150.455 173.614 1.05104 -1.31163 -0.0197101 0.901188 9.75339 5.78196 1.18925 -2.51368 1.1542 2.22389 -30.8606 3.61641 179.194 -178.718 -179.979 178.231 169.018 -179.121 1.25527 -5.38506 1.14944
-163.408 95.2436 37.2474 1.72841 20.6913 -4.94932 178.848 162.152 -179.89 178.848 162.152 -179.89 178.848 162.152 -179.89 178.848 162.152 -179.89 179.644 -156.163 179.385 126.874 149.718 158.864 6.0583 10.1136 -11.0863 175.556 -169.628 -164.837 3.79 -24.6255 1.32457 55.8816 19.2897 15.6313 5.07247 7.74849 0.315169 9.98317 -4.50319 -3.86393 4.23953 -37.9207 0.149843 178.499 176.313 179.457 178.035 -150.29 173.546 1.05104 -1.31386 -0.0197101 0.884974 9.78655 5.81009 1.1893 -2.51638 1.1542 2.2366 -31.0134 3.61437 179.194 -178.717 -179.979 178.226 169 -179.146 1.25561 -5.40205 1.14948
-163.419 95.2373 37.2054 1.72042 20.824 -4.91285 178.852 162.083 -179.894 178.852 162.083 -179.894 178.852 162.083 -179.894 178.852 162.083 -179.894 179.737 -156.053 179.385 126.805 149.726 158.845 6.14473 10.1912 -11.1333 175.495 -169.611 -164.769 3.6946 -24.7427 1.32582 55.9475 19.313 15.6124 5.08554 7.67336 0.330961 9.99133 -4.50996 -3.86541 4.23673 -38.0108 0.122058 178.501 176.32 179.456 178.043 -150.127 173.481 1.05104 -1.3161 -0.0197101 0.869132 9.8193 5.83582 1.18935 -2.51874 1.1542 2.24956 -31.1654 3.61232 179.194 -178.715 -179.979 178.222 168.982 -179.171 1.25588 -5.41549 1.1495
-163.43 95.2311 37.1639 1.71253 20.9559 -4.87697 178.856 162.013 -179.898 178.856 162.013 -179.898 178.856 162.013 -179.898 178.856 162.013 -179.898 179.832 -155.943 179.384 126.733 149.738 158.827 6.24798 10.3 -11.1912 175.376 -169.57 -164.669 3.59917 -24.8628 1.3271 56.0098 19.3542 15.5927 5.10173 7.58015 0.344332 9.99744 -4.51631 -3.86594 4.23368 -38.1002 0.0891075 178.502 176.327 179.458 178.051 -149.964 173.412 1.05104 -1.31832 -0.0197101 0.852467 9.85174 5.86634 1.18941 -2.5217 1.15421 2.26273 -31.3164 3.6115 179.194 -178.714 -179.979 178.217 168.965 -179.195 1.25622 -5.43222 1.14953
-163.442 95.225 37.1231 1.70479 21.087 -4.84183 178.86 161.944 -179.902 178.86 161.944 -179.902 178.86 161.944 -179.902 178.86 161.944 -179.902 179.928 -155.834 179.384 126.667 149.741 158.803 6.35898 10.415 -11.253 175.273 -169.536 -164.564 3.50538 -24.9825 1.32839 56.0744 19.3881 15.5712 5.11543 7.49837 0.35826 10.0055 -4.52297 -3.8676 4.2308 -38.1885 0.0563449 178.503 176.334 179.459 178.06 -149.803 173.345 1.05104 -1.32056 -0.0197101 0.835905 9.88374 5.89617 1.18947 -2.5245 1.15421 2.27614 -31.4664 3.61106 179.194 -178.712 -179.979 178.211 168.947 -179.219 1.25652 -5.4472 1.14956
-163.454 95.219 37.0828 1.69727 21.2172 -4.80756 178.862 161.874 -179.904 178.862 161.874 -179.904 178.862 161.874 -179.904 178.862 161.874 -179.904 0.0266555 -24.2737 -0.617012 126.602 149.739 158.775 6.48194 10.5462 -11.3216 175.16 -169.499 -164.443 3.41285 -25.1031 1.3297 56.1395 19.4222 15.5482 5.1284 7.41925 0.37172 10.0143 -4.52976 -3.86972 4.2282 -38.2759 0.0223013 178.505 176.341 179.459 178.068 -149.643 173.278 1.05104 -1.32281 -0.0197101 0.819145 9.91532 5.92715 1.18952 -2.52735 1.15421 2.28977 -31.6153 3.61137 179.194 -178.711 -179.979 178.205 168.929 -179.243 1.25682 -5.46207 1.14959
-163.467 95.213 37.0432 1.69004 21.3466 -4.77429 178.865 161.805 -179.907 178.865 161.805 -179.907 178.865 161.805 -179.907 178.865 161.805 -179.907 0.126915 -24.3804 -0.617531 126.54 149.732 158.744 6.61735 10.6952 -11.3976 175.037 -169.458 -164.306 3.32163 -25.2244 1.33102 56.205 19.4568 15.5237 5.14063 7.34272 0.384653 10.0239 -4.53668 -3.87223 4.22601 -38.3623 -0.0127688 178.507 176.348 179.46 178.077 -149.485 173.211 1.05104 -1.32507 -0.0197102 0.802196 9.94646 5.95926 1.18958 -2.53024 1.15421 2.3036 -31.7631 3.61246 179.194 -178.71 -179.979 178.199 168.912 -179.266 1.25712 -5.47679 1.14962
-163.479 95.2071 37.0042 1.68316 21.475 -4.74211 178.867 161.735 -179.908 178.867 161.735 -179.908 178.867 161.735 -179.908 178.867 161.735 -179.908 0.228888 -24.4861 -0.618049 126.481 149.719 158.709 6.76579 10.8631 -11.4815 174.905 -169.414 -164.15 3.2318 -25.3467 1.33237 56.271 19.4917 15.4978 5.15208 7.26907 0.39702 10.0342 -4.54375 -3.8751 4.22435 -38.4478 -0.0485397 178.509 176.355 179.46 178.086 -149.328 173.144 1.05104 -1.32735 -0.0197102 0.785064 9.97715 5.99251 1.18964 -2.53313 1.15422 2.31763 -31.9098 3.61434 179.194 -178.709 -179.979 178.193 168.895 -179.289 1.25741 -5.49134 1.14965
-163.492 95.2013 36.9658 1.67666 21.6025 -4.71111 178.868 161.665 -179.909 178.868 161.665 -179.909 178.868 161.665 -179.909 178.868 161.665 -179.909 0.332464 -24.5908 -0.618565 126.425 149.7 158.669 6.92772 11.0506 -11.5736 174.763 -169.366 -163.976 3.14338 -25.4698 1.33373 56.3376 19.5265 15.4704 5.16269 7.1987 0.408794 10.0452 -4.55099 -3.8783 4.22332 -38.5324 -0.0846869 178.511 176.362 179.461 178.095 -149.173 173.077 1.05104 -1.32963 -0.0197102 0.767754 10.0074 6.02689 1.1897 -2.536 1.15422 2.33183 -32.0553 3.61702 179.194 -178.707 -179.979 178.186 168.878 -179.311 1.2577 -5.50565 1.14968
-163.505 95.1956 36.9282 1.6706 21.729 -4.68135 178.868 161.596 -179.91 178.868 161.596 -179.91 178.868 161.596 -179.91 178.868 161.596 -179.91 0.437501 -24.6946 -0.61908 126.371 149.676 158.626 7.10351 11.2589 -11.6743 174.613 -169.313 -163.782 3.0564 -25.5936 1.3351 56.4046 19.5611 15.4416 5.17245 7.13176 0.419934 10.057 -4.55843 -3.88175 4.22303 -38.6161 -0.120897 178.513 176.369 179.461 178.104 -149.019 173.011 1.05104 -1.33192 -0.0197102 0.750268 10.0371 6.06244 1.18976 -2.53884 1.15422 2.34617 -32.1997 3.6205 179.194 -178.706 -179.979 178.18 168.861 -179.333 1.25798 -5.51971 1.1497
-163.518 95.19 36.8912 1.66499 21.8546 -4.65285 178.868 161.526 -179.91 178.868 161.526 -179.91 178.868 161.526 -179.91 178.868 161.526 -179.91 0.543825 -24.7975 -0.619592 126.321 149.645 158.578 7.2934 11.4884 -11.7841 174.453 -169.256 -163.567 2.97083 -25.7182 1.3365 56.4721 19.5953 15.4117 5.18132 7.06847 0.430407 10.0696 -4.56608 -3.88539 4.22351 -38.699 -0.156824 178.515 176.376 179.462 178.113 -148.867 172.945 1.05104 -1.33421 -0.0197102 0.732607 10.0664 6.09916 1.18981 -2.54161 1.15422 2.36063 -32.3429 3.62477 179.194 -178.705 -179.979 178.173 168.844 -179.355 1.25826 -5.53347 1.14973
-163.53 95.1844 36.855 1.65986 21.9792 -4.62563 178.867 161.456 -179.909 178.867 161.456 -179.909 178.867 161.456 -179.909 178.867 161.456 -179.909 0.651239 -24.8995 -0.620103 126.274 149.609 158.527 7.49746 11.7395 -11.9032 174.285 -169.194 -163.331 2.88664 -25.8433 1.33791 56.5401 19.6289 15.3806 5.18928 7.00902 0.440184 10.0828 -4.57399 -3.88915 4.22481 -38.7812 -0.192127 178.517 176.382 179.462 178.122 -148.716 172.879 1.05103 -1.33651 -0.0197103 0.714776 10.0952 6.13709 1.18987 -2.54431 1.15423 2.37517 -32.485 3.6298 179.194 -178.704 -179.979 178.166 168.827 -179.375 1.25853 -5.5469 1.14976
-163.544 95.1789 36.8194 1.65521 22.103 -4.59967 178.866 161.387 -179.908 178.866 161.387 -179.908 178.866 161.387 -179.908 178.866 161.387 -179.908 0.759517 -25.0007 -0.620613 126.23 149.567 158.471 7.71559 12.012 -12.0318 174.109 -169.126 -163.074 2.80375 -25.9689 1.33934 56.6086 19.6616 15.3486 5.19632 6.95357 0.449236 10.0968 -4.58216 -3.89294 4.22695 -38.8627 -0.226467 178.519 176.389 179.463 178.131 -148.567 172.813 1.05103 -1.33879 -0.0197103 0.696777 10.1235 6.17624 1.18992 -2.5469 1.15423 2.38978 -32.626 3.63555 179.194 -178.703 -179.979 178.159 168.811 -179.396 1.2588 -5.55996 1.14978
-163.557 95.1735 36.7846 1.65106 22.2259 -4.57496 178.864 161.317 -179.907 178.864 161.317 -179.907 178.864 161.317 -179.907 178.864 161.317 -179.907 0.868413 -25.1011 -0.621121 126.189 149.52 158.412 7.94748 12.3054 -12.1698 173.925 -169.053 -162.797 2.72209 -26.0946 1.34077 56.6775 19.6932 15.3158 5.2024 6.90225 0.457539 10.1114 -4.59063 -3.89666 4.22991 -38.9435 -0.259516 178.522 176.395 179.463 178.141 -148.419 172.748 1.05103 -1.34107 -0.0197103 0.678616 10.1514 6.21662 1.18997 -2.54937 1.15423 2.40441 -32.766 3.64199 179.194 -178.702 -179.979 178.153 168.794 -179.415 1.25905 -5.57263 1.14981
-163.57 95.1682 36.7504 1.64739 22.348 -4.55145 178.861 161.248 -179.905 178.861 161.248 -179.905 178.861 161.248 -179.905 178.861 161.248 -179.905 0.977664 -25.2007 -0.621629 126.152 149.467 158.35 8.1926 12.619 -12.3173 173.736 -168.974 -162.499 2.64153 -26.2203 1.34222 56.7469 19.7234 15.2825 5.20752 6.85515 0.465068 10.1266 -4.59941 -3.90023 4.23367 -39.0238 -0.29097 178.524 176.401 179.463 178.15 -148.272 172.683 1.05103 -1.34334 -0.0197103 0.660302 10.1787 6.25825 1.19002 -2.55171 1.15423 2.41903 -32.9049 3.64907 179.194 -178.701 -179.979 178.146 168.778 -179.435 1.2593 -5.58487 1.14983
-163.583 95.1629 36.717 1.64419 22.4693 -4.52906 178.858 161.178 -179.903 178.858 161.178 -179.903 178.858 161.178 -179.903 178.858 161.178 -179.903 1.08701 -25.2995 -0.622135 126.118 149.409 158.284 8.4503 12.9516 -12.474 173.541 -168.889 -162.182 2.56193 -26.3457 1.34367 56.8166 19.7522 15.2488 5.21169 6.81226 0.4718 10.1423 -4.60854 -3.90353 4.23818 -39.1037 -0.320559 178.526 176.407 179.464 178.159 -148.127 172.617 1.05103 -1.34557 -0.0197103 0.641842 10.2056 6.30113 1.19006 -2.5539 1.15423 2.43361 -33.0428 3.65672 179.194 -178.701 -179.979 178.139 168.762 -179.453 1.25954 -5.59667 1.14985
-163.595 95.1577 36.6842 1.64144 22.5899 -4.50774 178.855 161.109 -179.9 178.855 161.109 -179.9 178.855 161.109 -179.9 178.855 161.109 -179.9 1.19617 -25.3977 -0.62264 126.087 149.346 158.215 8.71967 13.3017 -12.6396 173.342 -168.797 -161.846 2.48316 -26.4705 1.34512 56.8867 19.7793 15.2151 5.21489 6.77357 0.477717 10.1584 -4.61801 -3.90645 4.24337 -39.1832 -0.348036 178.527 176.413 179.464 178.168 -147.983 172.552 1.05103 -1.34778 -0.0197103 0.623251 10.232 6.34524 1.1901 -2.55592 1.15424 2.44812 -33.1798 3.6649 179.194 -178.7 -179.979 178.133 168.746 -179.472 1.25977 -5.60801 1.14987
-163.608 95.1526 36.6521 1.6391 22.7098 -4.48739 178.85 161.04 -179.897 178.85 161.04 -179.897 178.85 161.04 -179.897 178.85 161.04 -179.897 1.30488 -25.4951 -0.623144 126.059 149.278 158.143 8.99956 13.6672 -12.8136 173.139 -168.698 -161.494 2.40504 -26.5946 1.34658 56.9571 19.8046 15.1816 5.21715 6.73904 0.482804 10.175 -4.62786 -3.90889 4.24915 -39.2624 -0.373189 178.529 176.418 179.465 178.177 -147.84 172.486 1.05103 -1.34995 -0.0197104 0.604544 10.2579 6.39056 1.19014 -2.55778 1.15424 2.46253 -33.3159 3.67355 179.194 -178.699 -179.979 178.126 168.73 -179.49 1.25998 -5.61888 1.1499
-163.621 95.1475 36.6206 1.63714 22.8291 -4.46792 178.846 160.972 -179.894 178.846 160.972 -179.894 178.846 160.972 -179.894 178.846 160.972 -179.894 1.41288 -25.592 -0.623647 126.034 149.207 158.069 9.28864 14.046 -12.9953 172.935 -168.592 -161.128 2.3274 -26.7176 1.34803 57.0277 19.8278 15.1485 5.21849 6.70857 0.487054 10.1918 -4.63809 -3.91074 4.25543 -39.3414 -0.395845 178.531 176.424 179.465 178.186 -147.699 172.42 1.05103 -1.35208 -0.0197104 0.585742 10.2834 6.43704 1.19017 -2.55944 1.15424 2.47681 -33.4512 3.68261 179.194 -178.698 -179.979 178.12 168.715 -179.507 1.26019 -5.62928 1.14992
-163.633 95.1425 36.5897 1.63553 22.9478 -4.44924 178.841 160.903 -179.891 178.841 160.903 -179.891 178.841 160.903 -179.891 178.841 160.903 -179.891 1.51992 -25.6882 -0.62415 126.012 149.132 157.993 9.58528 14.4352 -13.1837 172.731 -168.479 -160.749 2.25006 -26.8392 1.34948 57.0986 19.8489 15.116 5.21892 6.68207 0.490465 10.2088 -4.6487 -3.91188 4.26211 -39.4203 -0.415869 178.532 176.429 179.465 178.195 -147.558 172.354 1.05103 -1.35416 -0.0197104 0.566869 10.3084 6.48461 1.1902 -2.56092 1.15424 2.49095 -33.5857 3.69202 179.194 -178.697 -179.979 178.114 168.699 -179.524 1.26039 -5.6392 1.14994
-163.646 95.1375 36.5595 1.63421 23.066 -4.43122 178.836 160.835 -179.887 178.836 160.835 -179.887 178.836 160.835 -179.887 178.836 160.835 -179.887 1.62576 -25.7838 -0.624653 125.993 149.055 157.916 9.88784 14.8321 -13.378 172.528 -168.36 -160.36 2.17282 -26.9592 1.35091 57.1697 19.8676 15.0843 5.21848 6.65937 0.493039 10.2259 -4.6597 -3.91223 4.26906 -39.4992 -0.433177 178.534 176.434 179.466 178.203 -147.418 172.288 1.05103 -1.35618 -0.0197104 0.547952 10.333 6.53318 1.19023 -2.56219 1.15424 2.50491 -33.7195 3.70172 179.194 -178.697 -179.979 178.108 168.684 -179.541 1.26058 -5.64865 1.14996
-163.658 95.1326 36.5298 1.63315 23.1838 -4.41378 178.831 160.767 -179.884 178.831 160.767 -179.884 178.831 160.767 -179.884 178.831 160.767 -179.884 1.7302 -25.8789 -0.625155 125.976 148.975 157.838 10.1945 15.2335 -13.5769 172.327 -168.235 -159.964 2.09552 -27.0774 1.35233 57.2409 19.8839 15.0537 5.21724 6.64029 0.494789 10.243 -4.67108 -3.91168 4.27616 -39.5782 -0.447723 178.535 176.438 179.466 178.211 -147.28 172.221 1.05103 -1.35815 -0.0197104 0.529021 10.3572 6.58265 1.19025 -2.56326 1.15424 2.51869 -33.8525 3.71167 179.194 -178.696 -179.979 178.102 168.668 -179.557 1.26077 -5.65765 1.14997
-163.67 95.1277 36.5006 1.63228 23.301 -4.3968 178.825 160.699 -179.88 178.825 160.699 -179.88 178.825 160.699 -179.88 178.825 160.699 -179.88 1.83307 -25.9735 -0.625657 125.961 148.895 157.759 10.5032 15.6363 -13.7792 172.131 -168.104 -159.565 2.01797 -27.1935 1.35374 57.3123 19.8977 15.0244 5.21523 6.62463 0.495735 10.2598 -4.68282 -3.91016 4.28327 -39.6573 -0.459506 178.536 176.443 179.467 178.219 -147.142 172.154 1.05103 -1.36006 -0.0197104 0.510109 10.3809 6.63288 1.19027 -2.56413 1.15424 2.53226 -33.9849 3.72181 179.194 -178.695 -179.979 178.096 168.653 -179.573 1.26094 -5.66621 1.14999
-163.681 95.1229 36.472 1.63157 23.4179 -4.38018 178.82 160.632 -179.877 178.82 160.632 -179.877 178.82 160.632 -179.877 178.82 160.632 -179.877 1.93423 -26.0675 -0.626158 125.948 148.814 157.68 10.8119 16.037 -13.9833 171.941 -167.968 -159.165 1.93999 -27.3075 1.35513 57.3837 19.9089 14.9963 5.21252 6.61217 0.495908 10.2764 -4.69492 -3.90759 4.29028 -39.7367 -0.468556 178.536 176.448 179.467 178.227 -147.004 172.087 1.05103 -1.3619 -0.0197105 0.49125 10.4043 6.68372 1.19028 -2.56478 1.15424 2.54563 -34.1166 3.7321 179.194 -178.695 -179.979 178.09 168.637 -179.589 1.2611 -5.67435 1.15001
-163.693 95.1181 36.4439 1.63096 23.5344 -4.36382 178.814 160.565 -179.874 178.814 160.565 -179.874 178.814 160.565 -179.874 178.814 160.565 -179.874 2.03355 -26.1611 -0.62666 125.936 148.733 157.602 11.1186 16.4324 -14.1879 171.758 -167.827 -158.769 1.86144 -27.419 1.35649 57.4552 19.9173 14.9697 5.2092 6.60266 0.49535 10.2926 -4.70735 -3.90391 4.29703 -39.8164 -0.474948 178.537 176.452 179.468 178.235 -146.868 172.02 1.05102 -1.36368 -0.0197105 0.47248 10.4273 6.73502 1.19029 -2.56522 1.15424 2.55878 -34.2478 3.7425 179.194 -178.694 -179.979 178.084 168.622 -179.605 1.26126 -5.68209 1.15002
-163.704 95.1134 36.4162 1.6304 23.6505 -4.34762 178.808 160.498 -179.87 178.808 160.498 -179.87 178.808 160.498 -179.87 178.808 160.498 -179.87 2.13096 -26.2542 -0.627161 125.925 148.653 157.525 11.421 16.8191 -14.3912 171.582 -167.684 -158.378 1.78216 -27.5281 1.35784 57.5268 19.923 14.9446 5.20535 6.59585 0.494113 10.3083 -4.72007 -3.89909 4.3034 -39.8963 -0.478784 178.537 176.456 179.469 178.242 -146.732 171.952 1.05102 -1.3654 -0.0197105 0.453834 10.4499 6.7866 1.19029 -2.56546 1.15424 2.57171 -34.3784 3.75298 179.194 -178.694 -179.979 178.078 168.606 -179.621 1.26141 -5.68946 1.15004
-163.715 95.1086 36.389 1.62984 23.7663 -4.33149 178.802 160.431 -179.867 178.802 160.431 -179.867 178.802 160.431 -179.867 178.802 160.431 -179.867 2.22641 -26.3468 -0.627662 125.914 148.576 157.449 11.717 17.1939 -14.5917 171.417 -167.538 -157.996 1.70202 -27.6346 1.35916 57.5984 19.9258 14.921 5.20106 6.59148 0.492259 10.3233 -4.73305 -3.8931 4.30925 -39.9767 -0.480191 178.538 176.46 179.469 178.249 -146.597 171.884 1.05102 -1.36706 -0.0197105 0.435346 10.4722 6.83828 1.19029 -2.56549 1.15424 2.58442 -34.5084 3.7635 179.194 -178.693 -179.979 178.072 168.591 -179.636 1.26155 -5.69648 1.15005
-163.725 95.1039 36.3622 1.62922 23.8818 -4.31536 178.797 160.365 -179.864 178.797 160.365 -179.864 178.797 160.365 -179.864 178.797 160.365 -179.864 2.31979 -26.439 -0.628164 125.903 148.503 157.377 12.0045 17.5554 -14.7881 171.259 -167.389 -157.626 1.62084 -27.7384 1.36045 57.67 19.9259 14.8989 5.19644 6.58917 0.489841 10.3375 -4.74626 -3.88591 4.3144 -40.0575 -0.479398 178.538 176.464 179.47 178.255 -146.462 171.817 1.05102 -1.36865 -0.0197105 0.416985 10.4942 6.89023 1.19029 -2.56531 1.15424 2.59691 -34.6379 3.77409 179.194 -178.692 -179.979 178.065 168.575 -179.652 1.26169 -5.70323 1.15006
-163.736 95.0991 36.3353 1.62863 23.9991 -4.2991 178.791 160.304 -179.862 178.791 160.304 -179.862 178.791 160.304 -179.862 178.791 160.304 -179.862 2.40881 -26.5171 -0.62859 125.893 148.439 157.3 12.2789 17.9115 -14.9708 171.118 -167.244 -157.267 1.54285 -27.8289 1.36158 57.7428 19.9118 14.8831 5.18984 6.60577 0.476257 10.3553 -4.75922 -3.88267 4.32229 -40.0338 -0.503143 178.534 176.571 179.495 178.262 -146.325 171.75 1.05102 -1.37015 -0.0197105 0.399059 10.5162 6.94034 1.19028 -2.56456 1.15424 2.60932 -34.7693 3.78457 179.194 -178.692 -179.979 178.059 168.559 -179.667 1.26181 -5.70922 1.15008
-163.746 95.0944 36.309 1.62784 24.1151 -4.28271 178.785 160.241 -179.859 178.785 160.241 -179.859 178.785 160.241 -179.859 178.785 160.241 -179.859 2.49691 -26.6005 -0.629048 125.881 148.378 157.23 12.5421 18.2425 -15.1492 170.986 -167.099 -156.929 1.46193 -27.9213 1.36274 57.8154 19.8988 14.8665 5.18368 6.6177 0.466828 10.3702 -4.77248 -3.87625 4.32791 -40.0542 -0.514047 178.532 176.635 179.511 178.268 -146.19 171.683 1.05102 -1.37162 -0.0197105 0.381284 10.5378 6.99068 1.19026 -2.56377 1.15424 2.62149 -34.8992 3.79508 179.194 -178.691 -179.979 178.052 168.543 -179.682 1.26193 -5.71516 1.15009
-163.756 95.0896 36.283 1.62686 24.2309 -4.26609 178.779 160.179 -179.857 178.779 160.179 -179.857 178.779 160.179 -179.857 178.779 160.179 -179.857 2.5832 -26.6835 -0.629505 125.868 148.323 157.163 12.7911 18.5507 -15.3185 170.866 -166.955 -156.611 1.37975 -28.0112 1.36388 57.888 19.8833 14.8513 5.17751 6.6307 0.457047 10.384 -4.78576 -3.86875 4.33251 -40.0747 -0.523079 178.53 176.7 179.526 178.274 -146.056 171.617 1.05102 -1.37303 -0.0197106 0.363778 10.5592 7.0404 1.19024 -2.5628 1.15424 2.63347 -35.0286 3.80555 179.194 -178.691 -179.979 178.046 168.527 -179.697 1.26204 -5.72089 1.1501
-163.765 95.0849 36.2573 1.62565 24.3463 -4.24921 178.774 160.117 -179.855 178.774 160.117 -179.855 178.774 160.117 -179.855 178.774 160.117 -179.855 2.66775 -26.7661 -0.629963 125.852 148.273 157.101 13.0244 18.8339 -15.4773 170.759 -166.815 -156.318 1.29627 -28.0987 1.36499 57.9607 19.865 14.8372 5.1714 6.64479 0.447065 10.3965 -4.799 -3.86026 4.33602 -40.0953 -0.530555 178.527 176.765 179.542 178.279 -145.921 171.551 1.05102 -1.37441 -0.0197106 0.346561 10.5804 7.08933 1.19022 -2.56165 1.15424 2.64528 -35.1574 3.81598 179.194 -178.691 -179.979 178.039 168.511 -179.713 1.26215 -5.72643 1.15011
-163.775 95.0803 36.2319 1.62417 24.4614 -4.23201 178.769 160.055 -179.853 178.769 160.055 -179.853 178.769 160.055 -179.853 178.769 160.055 -179.853 2.75068 -26.8485 -0.63042 125.834 148.231 157.044 13.2405 19.0905 -15.6243 170.664 -166.68 -156.049 1.21145 -28.1839 1.36608 58.0336 19.8439 14.824 5.16543 6.6597 0.437 10.4076 -4.81211 -3.85088 4.33835 -40.1161 -0.536668 178.525 176.83 179.557 178.285 -145.788 171.486 1.05102 -1.37574 -0.0197106 0.329646 10.6014 7.13733 1.19019 -2.56032 1.15424 2.65695 -35.2857 3.82634 179.194 -178.69 -179.979 178.031 168.495 -179.728 1.26226 -5.73182 1.15012
-163.784 95.0756 36.2068 1.62239 24.5761 -4.21445 178.764 159.994 -179.851 178.764 159.994 -179.851 178.764 159.994 -179.851 178.764 159.994 -179.851 2.83211 -26.9305 -0.630878 125.812 148.196 156.992 13.438 19.3187 -15.7584 170.581 -166.549 -155.809 1.12527 -28.2669 1.36714 58.1066 19.8202 14.8116 5.15972 6.67517 0.426975 10.4173 -4.82501 -3.84068 4.3394 -40.1371 -0.541589 178.522 176.896 179.573 178.29 -145.654 171.421 1.05102 -1.37704 -0.0197106 0.31304 10.6221 7.18429 1.19016 -2.55883 1.15424 2.66848 -35.4134 3.83662 179.194 -178.69 -179.979 178.024 168.479 -179.744 1.26237 -5.73708 1.15013
-163.793 95.071 36.182 1.62028 24.6905 -4.19652 178.759 159.932 -179.85 178.759 159.932 -179.85 178.759 159.932 -179.85 178.759 159.932 -179.85 2.91215 -27.0123 -0.631337 125.787 148.168 156.946 13.616 19.5173 -15.8786 170.511 -166.424 -155.597 1.0377 -28.348 1.36818 58.1798 19.7939 14.7998 5.15433 6.69096 0.417114 10.4253 -4.8376 -3.8298 4.33909 -40.1582 -0.545466 178.519 176.963 179.589 178.295 -145.522 171.358 1.05102 -1.37832 -0.0197106 0.296749 10.6428 7.23012 1.19013 -2.55718 1.15424 2.67989 -35.5406 3.8468 179.194 -178.689 -179.979 178.016 168.462 -179.759 1.26247 -5.74223 1.15014
-163.802 95.0663 36.1574 1.61781 24.8045 -4.17817 178.755 159.871 -179.849 178.755 159.871 -179.849 178.755 159.871 -179.849 178.755 159.871 -179.849 2.99093 -27.094 -0.631797 125.758 148.149 156.906 13.7733 19.6851 -15.984 170.454 -166.306 -155.416 0.948738 -28.4273 1.36921 58.2531 19.7651 14.7884 5.14935 6.7068 0.407543 10.4315 -4.84978 -3.81834 4.33737 -40.1795 -0.548422 178.516 177.029 179.605 178.299 -145.389 171.295 1.05102 -1.37956 -0.0197106 0.280773 10.6633 7.27473 1.19009 -2.55538 1.15424 2.69121 -35.6672 3.85688 179.194 -178.689 -179.979 178.009 168.446 -179.775 1.26258 -5.7473 1.15015
-163.81 95.0617 36.133 1.61496 24.918 -4.1594 178.751 159.811 -179.848 178.751 159.811 -179.848 178.751 159.811 -179.848 178.751 159.811 -179.848 3.06858 -27.1756 -0.632258 125.725 148.139 156.873 13.9088 19.8209 -16.0736 170.41 -166.196 -155.267 0.858379 -28.5051 1.37022 58.3267 19.7341 14.7771 5.14485 6.72236 0.398376 10.4359 -4.86143 -3.80642 4.33418 -40.2009 -0.550529 178.512 177.097 179.621 178.304 -145.258 171.233 1.05102 -1.38079 -0.0197106 0.265115 10.6837 7.31805 1.19005 -2.55344 1.15423 2.70244 -35.7933 3.86683 179.194 -178.688 -179.979 178.001 168.429 -179.79 1.26268 -5.7523 1.15016
-163.818 95.0571 36.1089 1.6117 25.0312 -4.1402 178.747 159.75 -179.847 178.747 159.75 -179.847 178.747 159.75 -179.847 178.747 159.75 -179.847 3.14521 -27.2571 -0.632721 125.687 148.137 156.845 14.0222 19.9246 -16.1471 170.378 -166.094 -155.149 0.766632 -28.5815 1.37121 58.4006 19.701 14.7658 5.14088 6.73749 0.389732 10.4383 -4.87247 -3.7942 4.32946 -40.2225 -0.551877 178.509 177.164 179.637 178.308 -145.126 171.172 1.05102 -1.38199 -0.0197106 0.249761 10.704 7.3601 1.19001 -2.55137 1.15423 2.7136 -35.9187 3.87662 179.194 -178.688 -179.979 177.992 168.413 -179.806 1.26278 -5.75724 1.15017
-163.826 95.0526 36.085 1.60801 25.144 -4.12055 178.744 159.69 -179.847 178.744 159.69 -179.847 178.744 159.69 -179.847 178.744 159.69 -179.847 3.22092 -27.3387 -0.633186 125.645 148.144 156.825 14.1131 19.9959 -16.2043 170.357 -165.998 -155.064 0.673511 -28.6568 1.37219 58.4747 19.666 14.7543 5.13744 6.75204 0.381734 10.4388 -4.88282 -3.78182 4.3232 -40.2443 -0.552516 178.505 177.233 179.654 178.313 -144.996 171.111 1.05102 -1.38317 -0.0197106 0.2347 10.7242 7.40088 1.18996 -2.54916 1.15423 2.72471 -36.0435 3.88626 179.194 -178.688 -179.979 177.984 168.396 -179.822 1.26287 -5.76216 1.15018
-163.834 95.048 36.0613 1.60387 25.2563 -4.10044 178.741 159.63 -179.847 178.741 159.63 -179.847 178.741 159.63 -179.847 178.741 159.63 -179.847 3.29578 -27.4199 -0.633651 125.599 148.158 156.81 14.1785 20.0297 -16.2426 170.365 -165.923 -155.018 0.5789 -28.7309 1.37317 58.5481 19.6319 14.7433 5.13516 6.76259 0.374162 10.4372 -4.89239 -3.76921 4.31537 -40.2662 -0.551631 178.501 177.301 179.67 178.317 -144.865 171.054 1.05102 -1.38436 -0.0197106 0.220337 10.7442 7.43815 1.18992 -2.54705 1.15423 2.73579 -36.1677 3.89534 179.194 -178.687 -179.979 177.976 168.38 -179.838 1.26296 -5.76655 1.15019
-163.842 95.0435 36.0378 1.59929 25.3681 -4.07988 178.738 159.57 -179.847 178.738 159.57 -179.847 178.738 159.57 -179.847 178.738 159.57 -179.847 3.36995 -27.5018 -0.634122 125.547 148.185 156.803 14.2243 20.0374 -16.2672 170.362 -165.84 -154.997 0.483072 -28.8047 1.37414 58.6228 19.5939 14.7309 5.13271 6.77522 0.367812 10.4339 -4.90108 -3.75698 4.30599 -40.2883 -0.550939 178.497 177.371 179.687 178.321 -144.736 170.996 1.05102 -1.3855 -0.0197107 0.205822 10.7643 7.47654 1.18987 -2.54461 1.15423 2.74683 -36.2912 3.90457 179.194 -178.687 -179.979 177.967 168.363 -179.854 1.26306 -5.77143 1.1502
-163.849 95.0389 36.0145 1.59424 25.4798 -4.05887 178.735 159.511 -179.847 178.735 159.511 -179.847 178.735 159.511 -179.847 178.735 159.511 -179.847 3.44254 -27.5726 -0.634531 125.497 148.225 156.792 14.2475 20.0105 -16.2768 170.393 -165.788 -155.011 0.385999 -28.8664 1.37495 58.6881 19.5645 14.7318 5.13345 6.7721 0.360466 10.4329 -4.91114 -3.74434 4.29461 -40.3104 -0.546566 178.494 177.44 179.698 178.325 -144.606 170.958 1.05102 -1.38678 -0.0197107 0.195462 10.7841 7.49301 1.18985 -2.54362 1.15423 2.75799 -36.4144 3.90949 179.194 -178.687 -179.979 177.958 168.347 -179.865 1.2631 -5.7731 1.15021
-163.857 95.0344 35.9914 1.5887 25.5902 -4.03741 178.733 159.451 -179.848 178.733 159.451 -179.848 178.733 159.451 -179.848 178.733 159.451 -179.848 3.51634 -27.6665 -0.635075 125.427 148.264 156.81 14.2473 19.9566 -16.2669 170.38 -165.695 -155.049 0.287434 -28.951 1.37607 58.7727 19.5152 14.7043 5.12922 6.7964 0.358001 10.4216 -4.91546 -3.73343 4.28252 -40.333 -0.547098 178.488 177.511 179.721 178.329 -144.478 170.882 1.05102 -1.38775 -0.0197107 0.177681 10.804 7.54933 1.18977 -2.53946 1.15422 2.76888 -36.5362 3.92216 179.194 -178.687 -179.979 177.95 168.331 -179.886 1.26326 -5.78102 1.15022
-163.864 95.0299 35.9685 1.58269 25.7008 -4.01549 178.732 159.392 -179.849 178.732 159.392 -179.849 178.732 159.392 -179.849 178.732 159.392 -179.849 3.58805 -27.7397 -0.635501 125.361 148.33 156.818 14.2403 19.8893 -16.2575 170.399 -165.64 -155.106 0.187548 -29.0128 1.3769 58.8394 19.4832 14.7025 5.12988 6.79234 0.353166 10.4195 -4.92401 -3.72191 4.2675 -40.3553 -0.542766 178.485 177.581 179.735 178.332 -144.349 170.844 1.05102 -1.38897 -0.0197107 0.167484 10.8237 7.56558 1.18975 -2.53831 1.15422 2.78 -36.658 3.92679 179.194 -178.686 -179.979 177.941 168.315 -179.898 1.26329 -5.78287 1.15023
-163.871 95.0254 35.9457 1.57616 25.8102 -3.99309 178.73 159.332 -179.85 178.73 159.332 -179.85 178.73 159.332 -179.85 178.73 159.332 -179.85 3.65943 -27.8302 -0.63603 125.287 148.391 156.844 14.1833 19.7678 -16.2101 170.419 -165.563 -155.217 0.0860491 -29.0945 1.37799 58.9213 19.4391 14.6779 5.12784 6.80541 0.351648 10.4078 -4.92714 -3.712 4.25258 -40.3782 -0.538218 178.479 177.653 179.755 178.336 -144.222 170.777 1.05102 -1.38995 -0.0197107 0.151865 10.8434 7.61093 1.18968 -2.53487 1.15422 2.79093 -36.7784 3.93719 179.194 -178.686 -179.979 177.934 168.298 -179.917 1.26341 -5.78882 1.15024
-163.878 95.0209 35.9232 1.56916 25.9193 -3.9703 178.729 159.273 -179.851 178.729 159.273 -179.851 178.729 159.273 -179.851 178.729 159.273 -179.851 3.73165 -27.9167 -0.636538 125.216 148.443 156.868 14.1144 19.601 -16.1475 170.458 -165.513 -155.351 179.985 -150.829 -178.621 59.0012 19.3875 14.6571 5.12531 6.82427 0.352179 10.3878 -4.92807 -3.70249 4.23616 -40.4012 -0.534989 178.474 177.726 179.777 178.34 -144.096 170.714 1.05102 -1.39092 -0.0197107 0.136973 10.863 7.65298 1.18959 -2.53076 1.15421 2.80188 -36.8983 3.94626 179.194 -178.686 -179.979 177.926 168.283 -179.934 1.26355 -5.79581 1.15025
-163.884 95.0165 35.9008 1.56165 26.0279 -3.94701 178.728 159.214 -179.853 178.728 159.214 -179.853 178.728 159.214 -179.853 178.728 159.214 -179.853 3.80235 -28.0013 -0.637037 125.14 148.514 156.898 14.0258 19.4182 -16.0763 170.508 -165.47 -155.511 179.882 -150.756 -178.62 59.0783 19.3428 14.6393 5.12388 6.83286 0.352851 10.3717 -4.92932 -3.69368 4.21806 -40.4243 -0.528774 178.468 177.799 179.796 178.344 -143.969 170.659 1.05102 -1.39192 -0.0197107 0.123876 10.8825 7.68591 1.18953 -2.52761 1.15421 2.81287 -37.0176 3.95346 179.194 -178.686 -179.979 177.918 168.267 -179.95 1.26366 -5.80083 1.15026
-163.891 95.012 35.8785 1.55363 26.136 -3.92326 178.728 159.155 -179.855 178.728 159.155 -179.855 178.728 159.155 -179.855 178.728 159.155 -179.855 3.87242 -28.087 -0.637545 125.065 148.583 156.931 13.9102 19.1941 -15.9853 170.601 -165.453 -155.711 179.778 -150.681 -178.619 59.1562 19.2964 14.6199 5.12218 6.84208 0.354981 10.3506 -4.92831 -3.68554 4.19888 -40.4477 -0.521398 178.463 177.872 179.816 178.348 -143.844 170.603 1.05101 -1.39288 -0.0197107 0.110756 10.9019 7.71956 1.18946 -2.52418 1.15421 2.82384 -37.1362 3.9604 179.194 -178.686 -179.979 177.91 168.252 -179.967 1.26376 -5.80615 1.15027
-163.897 95.0076 35.8565 1.5451 26.2434 -3.89903 178.728 159.095 -179.857 178.728 159.095 -179.857 178.728 159.095 -179.857 178.728 159.095 -179.857 3.94186 -28.1725 -0.638054 124.984 148.665 156.97 13.7809 18.9535 -15.8872 170.68 -165.429 -155.926 179.672 -150.606 -178.618 59.2333 19.2537 14.6005 5.12039 6.84703 0.358114 10.331 -4.92677 -3.67851 4.17851 -40.4712 -0.512169 178.457 177.946 179.836 178.352 -143.719 170.549 1.05101 -1.39381 -0.0197107 0.098259 10.9211 7.75057 1.1894 -2.52098 1.1542 2.8348 -37.254 3.96653 179.194 -178.686 -179.979 177.903 168.236 -179.983 1.26386 -5.81089 1.15028
-163.903 95.0032 35.8346 1.53605 26.3503 -3.87431 178.728 159.036 -179.86 178.728 159.036 -179.86 178.728 159.036 -179.86 178.728 159.036 -179.86 4.01065 -28.2584 -0.638567 124.902 148.751 157.014 13.6339 18.687 -15.7778 170.768 -165.411 -156.165 179.566 -150.53 -178.617 59.3106 19.2115 14.5801 5.11808 6.85099 0.362544 10.3098 -4.9238 -3.67245 4.15716 -40.495 -0.501412 178.45 178.021 179.856 178.356 -143.594 170.495 1.05101 -1.3947 -0.0197107 0.0860495 10.9402 7.78084 1.18933 -2.51774 1.1542 2.84572 -37.3711 3.97209 179.194 -178.685 -179.979 177.895 168.222 -179.999 1.26395 -5.81555 1.15029
-163.909 94.9987 35.8128 1.52648 26.4567 -3.84909 178.729 158.977 -179.863 178.729 158.977 -179.863 178.729 158.977 -179.863 178.729 158.977 -179.863 4.07874 -28.3447 -0.639085 124.818 148.841 157.06 13.4704 18.3961 -15.6584 170.864 -165.399 -156.425 179.459 -150.453 -178.616 59.3878 19.1699 14.5589 5.11507 6.8543 0.368271 10.2873 -4.91943 -3.66742 4.13499 -40.5189 -0.489029 178.444 178.096 179.877 178.359 -143.471 170.442 1.05101 -1.39555 -0.0197107 0.0741441 10.9591 7.81038 1.18926 -2.51446 1.1542 2.8566 -37.4874 3.97703 179.194 -178.685 -179.979 177.889 168.207 179.985 1.26404 -5.82011 1.1503
-163.915 94.9943 35.7912 1.51638 26.5625 -3.82336 178.73 158.918 -179.867 178.73 158.918 -179.867 178.73 158.918 -179.867 178.73 158.918 -179.867 4.1461 -28.4312 -0.639607 124.733 148.934 157.11 13.2923 18.0828 -15.5305 170.968 -165.393 -156.704 179.35 -150.375 -178.615 59.4651 19.1289 14.5369 5.11119 6.85713 0.375272 10.2636 -4.9137 -3.66342 4.11214 -40.5431 -0.474953 178.437 178.172 179.899 178.363 -143.347 170.389 1.05101 -1.39636 -0.0197107 0.0625632 10.9779 7.8392 1.1892 -2.51116 1.1542 2.86742 -37.6031 3.98131 179.194 -178.685 -179.979 177.882 168.193 179.969 1.26413 -5.82455 1.15031
-163.921 94.9899 35.7697 1.50577 26.6678 -3.79709 178.732 158.859 -179.871 178.732 158.859 -179.871 178.732 158.859 -179.871 178.732 158.859 -179.871 4.21268 -28.5178 -0.640132 124.648 149.029 157.162 13.1012 17.7493 -15.3954 171.08 -165.392 -156.999 179.242 -150.297 -178.614 59.5424 19.0886 14.5142 5.10632 6.85967 0.383512 10.239 -4.90668 -3.66045 4.08876 -40.5675 -0.45914 178.429 178.249 179.922 178.366 -143.225 170.336 1.05101 -1.39712 -0.0197108 0.0513289 10.9965 7.86726 1.18913 -2.50786 1.15419 2.87816 -37.7181 3.98491 179.194 -178.685 -179.979 177.876 168.179 179.953 1.26422 -5.82884 1.15032
-163.926 94.9856 35.7484 1.49463 26.7726 -3.77028 178.733 158.799 -179.875 178.733 158.799 -179.875 178.733 158.799 -179.875 178.733 158.799 -179.875 4.27846 -28.6044 -0.640659 124.564 149.126 157.216 12.8991 17.3978 -15.2548 171.197 -165.397 -157.308 179.132 -150.218 -178.613 59.6195 19.049 14.4908 5.10032 6.86212 0.392943 10.2137 -4.89845 -3.6585 4.065 -40.592 -0.441576 178.422 178.326 179.945 178.37 -143.103 170.284 1.05101 -1.39783 -0.0197108 0.0404637 11.0149 7.89453 1.18907 -2.50458 1.15419 2.88882 -37.8325 3.98778 179.194 -178.685 -179.979 177.87 168.165 179.937 1.2643 -5.83297 1.15033
-163.932 94.9812 35.7271 1.48296 26.877 -3.7429 178.735 158.74 -179.88 178.735 158.74 -179.88 178.735 158.74 -179.88 178.735 158.74 -179.88 4.3434 -28.6907 -0.641186 124.48 149.223 157.27 12.6881 17.0311 -15.1104 171.32 -165.407 -157.628 179.022 -150.137 -178.612 59.6964 19.0101 14.4669 5.09309 6.86467 0.40351 10.1879 -4.88911 -3.65752 4.04103 -40.6168 -0.422282 178.414 178.404 179.969 178.373 -142.981 170.232 1.05101 -1.39849 -0.0197108 0.0299902 11.0332 7.92098 1.189 -2.50135 1.15419 2.89936 -37.9462 3.98989 179.194 -178.685 -179.979 177.864 168.152 179.922 1.26438 -5.83691 1.15034
-163.937 94.9768 35.7061 1.47078 26.9809 -3.71495 178.738 158.681 -179.885 178.738 158.681 -179.885 178.738 158.681 -179.885 178.738 158.681 -179.885 4.4075 -28.7766 -0.641713 124.398 149.321 157.325 12.4704 16.6518 -14.9638 171.448 -165.422 -157.956 178.911 -150.056 -178.61 59.773 18.9717 14.4426 5.08456 6.86752 0.415143 10.162 -4.8788 -3.65748 4.01701 -40.6418 -0.401297 178.405 178.482 179.993 178.377 -142.86 170.18 1.05101 -1.39911 -0.0197108 0.0199296 11.0513 7.94654 1.18894 -2.49817 1.15418 2.90979 -38.0594 3.99123 179.194 -178.685 -179.979 177.859 168.139 179.906 1.26446 -5.84063 1.15034
-163.942 94.9725 35.6851 1.45807 27.0845 -3.6864 178.741 158.621 -179.89 178.741 158.621 -179.89 178.741 158.621 -179.89 178.741 158.621 -179.89 4.47075 -28.8618 -0.642239 124.317 149.418 157.38 12.248 16.2629 -14.8166 171.578 -165.441 -158.289 178.801 -149.975 -178.609 59.8493 18.9339 14.4179 5.07466 6.87086 0.427768 10.1361 -4.86765 -3.65833 3.99308 -40.6669 -0.378732 178.396 178.561 -179.981 178.38 -142.739 170.128 1.05101 -1.39968 -0.0197108 0.010301 11.0692 7.97117 1.18887 -2.49508 1.15418 2.92006 -38.172 3.99177 179.194 -178.686 -179.979 177.855 168.126 179.89 1.26453 -5.84411 1.15035
-163.947 94.9681 35.6642 1.44486 27.1876 -3.65726 178.744 158.562 -179.896 178.744 158.562 -179.896 178.744 158.562 -179.896 178.744 158.562 -179.896 4.53316 -28.9462 -0.642761 124.238 149.514 157.433 12.0232 15.8673 -14.6704 171.711 -165.465 -158.625 178.689 -149.893 -178.608 59.9252 18.8964 14.3928 5.06339 6.87484 0.441297 10.1107 -4.8558 -3.66 3.9694 -40.6922 -0.354679 178.387 178.64 -179.955 178.382 -142.618 170.077 1.05101 -1.4002 -0.0197108 0.00112176 11.0869 7.9948 1.18881 -2.49209 1.15418 2.93018 -38.2841 3.99149 179.194 -178.686 -179.979 177.85 168.114 179.875 1.26459 -5.84733 1.15036
-163.951 94.9638 35.6435 1.43114 27.2905 -3.62753 178.747 158.503 -179.902 178.747 158.503 -179.902 178.747 158.503 -179.902 178.747 158.503 -179.902 4.59476 -29.0294 -0.643278 124.161 149.61 157.486 11.7979 15.4681 -14.5266 171.844 -165.494 -158.961 178.578 -149.81 -178.607 60.0005 18.8591 14.3676 5.05075 6.87963 0.455636 10.0859 -4.84342 -3.66242 3.9461 -40.7176 -0.329304 178.377 178.719 -179.928 178.385 -142.498 170.026 1.05101 -1.40067 -0.0197108 179.992 168.896 -171.983 1.18876 -2.48924 1.15418 2.94013 -38.3958 3.99038 179.194 -178.686 -179.979 177.846 168.101 179.859 1.26465 -5.85027 1.15036
-163.955 94.9595 35.6229 1.41694 27.3932 -3.5972 178.751 158.443 -179.908 178.751 158.443 -179.908 178.751 158.443 -179.908 178.751 158.443 -179.908 4.65559 -29.1113 -0.64379 124.087 149.703 157.537 11.5744 15.0679 -14.3866 171.977 -165.526 -159.294 178.467 -149.727 -178.606 60.0752 18.8219 14.3421 5.03678 6.88534 0.470685 10.0619 -4.83067 -3.66553 3.92333 -40.7431 -0.302793 178.367 178.799 -179.901 178.388 -142.378 169.976 1.05101 -1.4011 -0.0197108 179.984 168.878 -171.961 1.1887 -2.48653 1.15417 2.94988 -38.507 3.98845 179.194 -178.686 -179.979 177.843 168.09 179.844 1.26471 -5.85291 1.15037
-163.959 94.9552 35.6023 1.40226 27.4956 -3.5663 178.755 158.384 -179.914 178.755 158.384 -179.914 178.755 158.384 -179.914 178.755 158.384 -179.914 4.7157 -29.1916 -0.644293 124.016 149.795 157.585 11.3543 14.6698 -14.2516 172.108 -165.563 -159.621 178.356 -149.643 -178.605 60.1492 18.7845 14.3166 5.02156 6.89208 0.486332 10.039 -4.81772 -3.66923 3.9012 -40.7687 -0.275354 178.357 178.879 -179.872 178.39 -142.258 169.926 1.05101 -1.40149 -0.0197108 179.976 168.861 -171.941 1.18865 -2.484 1.15417 2.95942 -38.618 3.98567 179.194 -178.686 -179.979 177.84 168.078 179.828 1.26475 -5.85524 1.15037
-163.963 94.951 35.5819 1.38713 27.5978 -3.53484 178.759 158.324 -179.921 178.759 158.324 -179.921 178.759 158.324 -179.921 178.759 158.324 -179.921 4.77515 -29.2702 -0.644788 123.948 149.884 157.63 11.1396 14.2765 -14.1225 172.238 -165.603 -159.942 178.245 -149.56 -178.603 60.2225 18.7467 14.2911 5.00518 6.89991 0.502464 10.0175 -4.80472 -3.67345 3.87983 -40.7944 -0.247227 178.346 178.959 -179.844 178.392 -142.139 169.876 1.05101 -1.40184 -0.0197108 179.969 168.844 -171.922 1.1886 -2.48167 1.15417 2.96875 -38.7286 3.98208 179.194 -178.686 -179.979 177.837 168.067 179.813 1.26479 -5.85723 1.15038
-163.967 94.9467 35.5615 1.37158 27.7 -3.50285 178.764 158.265 -179.928 178.764 158.265 -179.928 178.764 158.265 -179.928 178.764 158.265 -179.928 4.83401 -29.3468 -0.645273 123.882 149.971 157.673 10.9316 13.8905 -14.0003 172.365 -165.648 -160.253 178.135 -149.476 -178.602 60.2951 18.7083 14.2656 4.98778 6.90886 0.518961 9.9974 -4.79184 -3.67811 3.85931 -40.8202 -0.218669 178.335 179.04 -179.814 178.394 -142.019 169.827 1.05101 -1.40216 -0.0197108 179.962 168.827 -171.903 1.18856 -2.47954 1.15417 2.97785 -38.839 3.97767 179.194 -178.687 -179.979 177.835 168.057 179.797 1.26483 -5.85889 1.15038
-163.971 94.9425 35.5413 1.35563 27.8021 -3.47038 178.768 158.206 -179.935 178.768 158.206 -179.935 178.768 158.206 -179.935 178.768 158.206 -179.935 4.89236 -29.4214 -0.645746 123.819 150.055 157.712 10.7318 13.5141 -13.8856 172.488 -165.695 -160.553 178.025 -149.393 -178.601 60.3667 18.6692 14.2402 4.96953 6.91893 0.535697 9.97895 -4.77924 -3.68313 3.83972 -40.846 -0.189946 178.324 179.12 -179.784 178.395 -141.9 169.779 1.05101 -1.40245 -0.0197108 179.956 168.811 -171.887 1.18852 -2.47764 1.15417 2.98672 -38.9492 3.97246 179.194 -178.687 -179.979 177.833 168.046 179.782 1.26485 -5.86019 1.15038
-163.974 94.9382 35.5211 1.33933 27.9041 -3.43747 178.773 158.147 -179.943 178.773 158.147 -179.943 178.773 158.147 -179.943 178.773 158.147 -179.943 4.95029 -29.4937 -0.646206 123.76 150.137 157.747 10.5412 13.1493 -13.779 172.606 -165.746 -160.841 177.916 -149.31 -178.6 60.4374 18.6292 14.2149 4.95058 6.93008 0.552544 9.96226 -4.76705 -3.68844 3.82113 -40.8717 -0.16134 178.313 179.2 -179.754 178.397 -141.781 169.731 1.05101 -1.4027 -0.0197108 179.95 168.794 -171.871 1.18849 -2.47597 1.15417 2.99535 -39.0592 3.96648 179.194 -178.687 -179.979 177.831 168.036 179.766 1.26487 -5.86113 1.15039
-163.977 94.934 35.501 1.32272 28.0062 -3.4042 178.778 158.088 -179.95 178.778 158.088 -179.95 178.778 158.088 -179.95 178.778 158.088 -179.95 5.00789 -29.5638 -0.646654 123.703 150.216 157.778 10.3608 12.7981 -13.6808 172.719 -165.8 -161.116 177.807 -149.227 -178.599 60.5072 18.5881 14.1898 4.93116 6.9422 0.569372 9.94739 -4.75539 -3.69397 3.80359 -40.8975 -0.133138 178.301 179.28 -179.723 178.398 -141.661 169.684 1.05101 -1.40294 -0.0197108 179.944 168.778 -171.856 1.18846 -2.47454 1.15416 3.00373 -39.1692 3.95976 179.194 -178.687 -179.979 177.83 168.027 179.751 1.26488 -5.86172 1.15039
-163.98 94.9298 35.481 1.30584 28.1083 -3.37062 178.783 158.029 -179.957 178.783 158.029 -179.957 178.783 158.029 -179.957 178.783 158.029 -179.957 5.06524 -29.6315 -0.647088 123.649 150.292 157.806 10.1911 12.4615 -13.5911 172.826 -165.857 -161.377 177.699 -149.144 -178.597 60.576 18.5458 14.1649 4.91146 6.95521 0.586051 9.93438 -4.74438 -3.69965 3.78715 -40.9233 -0.105615 178.29 179.36 -179.692 178.399 -141.542 169.637 1.05101 -1.40316 -0.0197108 179.939 168.762 -171.842 1.18844 -2.47336 1.15416 3.01187 -39.2792 3.95233 179.194 -178.688 -179.979 177.829 168.018 179.736 1.26489 -5.86194 1.15039
-163.982 94.9257 35.4611 1.28874 28.2105 -3.33684 178.789 157.971 -179.965 178.789 157.971 -179.965 178.789 157.971 -179.965 178.789 157.971 -179.965 5.12245 -29.6969 -0.647509 123.597 150.366 157.83 10.0325 12.1407 -13.51 172.929 -165.916 -161.623 177.593 -149.063 -178.596 60.6437 18.5022 14.1403 4.89171 6.96898 0.602452 9.92323 -4.73409 -3.70542 3.77182 -40.9489 -0.0790458 178.278 179.439 -179.661 178.399 -141.422 169.591 1.05101 -1.40336 -0.0197108 179.935 168.746 -171.829 1.18842 -2.47242 1.15416 3.01977 -39.3891 3.94424 179.194 -178.688 -179.979 177.829 168.009 179.721 1.26489 -5.86179 1.15039
-163.985 94.9215 35.4414 1.27149 28.3129 -3.30293 178.794 157.912 -179.972 178.794 157.912 -179.972 178.794 157.912 -179.972 178.794 157.912 -179.972 5.17958 -29.76 -0.647916 123.548 150.437 157.85 9.88509 11.8361 -13.4372 173.025 -165.978 -161.854 177.487 -148.981 -178.595 60.7103 18.4572 14.1159 4.87211 6.98336 0.618449 9.91391 -4.72461 -3.71125 3.75763 -40.9746 -0.0536895 178.267 179.519 -179.63 178.399 -141.303 169.546 1.05101 -1.40356 -0.0197108 179.93 168.731 -171.817 1.1884 -2.47171 1.15416 3.02743 -39.4991 3.93553 179.194 -178.688 -179.979 177.829 168 179.707 1.26488 -5.86129 1.15039
-163.987 94.9174 35.4217 1.25414 28.4154 -3.26899 178.799 157.854 -179.979 178.799 157.854 -179.979 178.799 157.854 -179.979 178.799 157.854 -179.979 5.23673 -29.8209 -0.648311 123.502 150.505 157.866 9.74889 11.5481 -13.3725 173.116 -166.042 -162.071 177.382 -148.901 -178.594 60.7759 18.4108 14.0918 4.85289 6.99816 0.633917 9.90635 -4.71597 -3.71707 3.74456 -41.0001 -0.0297829 178.255 179.597 -179.599 178.399 -141.183 169.501 1.05101 -1.40376 -0.0197108 179.926 168.716 -171.806 1.18839 -2.47123 1.15416 3.03487 -39.6092 3.92626 179.194 -178.688 -179.979 177.83 167.992 179.692 1.26486 -5.86043 1.15038
-163.989 94.9133 35.4022 1.23676 28.5181 -3.23514 178.804 157.796 -179.986 178.804 157.796 -179.986 178.804 157.796 -179.986 178.804 157.796 -179.986 5.29395 -29.8797 -0.648693 123.457 150.571 157.879 9.62359 11.2766 -13.3153 173.2 -166.108 -162.274 177.279 -148.821 -178.593 60.8404 18.363 14.0681 4.83425 7.0132 0.648736 9.90048 -4.7082 -3.72287 3.73259 -41.0257 -0.00758222 178.244 179.676 -179.569 178.399 -141.064 169.456 1.05101 -1.40396 -0.0197108 179.922 168.701 -171.795 1.18839 -2.47096 1.15416 3.04208 -39.7194 3.91648 179.194 -178.688 -179.979 177.83 167.984 179.678 1.26483 -5.85922 1.15038
-163.99 94.9092 35.3827 1.21941 28.6209 -3.20148 178.809 157.739 -179.993 178.809 157.739 -179.993 178.809 157.739 -179.993 178.809 157.739 -179.993 5.35133 -29.9366 -0.649063 123.415 150.635 157.889 9.50872 11.021 -13.2653 173.28 -166.176 -162.464 177.177 -148.742 -178.591 60.9038 18.3138 14.0447 4.8164 7.02827 0.662792 9.89615 -4.70132 -3.72862 3.7217 -41.0511 0.0127736 178.232 179.754 -179.538 178.399 -140.944 169.412 1.05101 -1.40417 -0.0197108 179.919 168.686 -171.784 1.18839 -2.47087 1.15416 3.04908 -39.8297 3.90625 179.194 -178.689 -179.979 177.831 167.976 179.664 1.2648 -5.85766 1.15038
-163.992 94.9052 35.3634 1.20216 28.724 -3.16811 178.814 157.681 180 178.814 157.681 180 178.814 157.681 180 178.814 157.681 180 5.4089 -29.9917 -0.649424 123.374 150.697 157.895 9.40365 10.7805 -13.2218 173.353 -166.246 -162.64 177.076 -148.663 -178.59 60.966 18.2632 14.0216 4.79951 7.04317 0.675977 9.89325 -4.69531 -3.73429 3.71184 -41.0765 0.0310562 178.221 179.831 -179.509 178.398 -140.824 169.369 1.05101 -1.40439 -0.0197108 179.915 168.671 -171.774 1.18839 -2.47095 1.15416 3.05589 -39.9402 3.89565 179.194 -178.689 -179.979 177.833 167.969 179.651 1.26476 -5.85576 1.15037
-163.993 94.9012 35.3443 1.18508 28.8273 -3.13516 178.819 157.624 179.993 178.819 157.624 179.993 178.819 157.624 179.993 178.819 157.624 179.993 5.46671 -30.0454 -0.649775 123.335 150.757 157.899 9.3076 10.554 -13.1841 173.422 -166.318 -162.806 176.977 -148.585 -178.589 61.0272 18.2114 13.999 4.78374 7.0577 0.68819 9.8916 -4.69016 -3.73988 3.70295 -41.1018 0.0471494 178.21 179.909 -179.479 178.397 -140.704 169.325 1.05101 -1.40464 -0.0197108 179.912 168.657 -171.763 1.18839 -2.47117 1.15416 3.06253 -40.0509 3.88473 179.194 -178.689 -179.979 177.835 167.962 179.638 1.26472 -5.85354 1.15037
-163.994 94.8971 35.3253 1.16823 28.9308 -3.10272 178.823 157.568 179.987 178.823 157.568 179.987 178.823 157.568 179.987 178.823 157.568 179.987 5.52478 -30.0978 -0.65012 123.297 150.814 157.901 9.21965 10.34 -13.1515 173.486 -166.393 -162.96 176.879 -148.508 -178.588 61.0874 18.1586 13.9767 4.76923 7.07165 0.699342 9.89107 -4.68581 -3.74538 3.69497 -41.1271 0.0609269 178.2 179.986 -179.45 178.396 -140.585 169.282 1.05101 -1.40492 -0.0197108 179.909 168.643 -171.752 1.1884 -2.4715 1.15416 3.06899 -40.1617 3.87357 179.194 -178.689 -179.979 177.837 167.955 179.626 1.26467 -5.851 1.15036
-163.995 94.8932 35.3065 1.15166 29.0346 -3.0709 178.828 157.511 179.981 178.828 157.511 179.981 178.828 157.511 179.981 178.828 157.511 179.981 5.58311 -30.1493 -0.650458 123.261 150.87 157.901 9.13879 10.1367 -13.1231 173.545 -166.471 -163.105 176.783 -148.432 -178.587 61.1464 18.1048 13.9548 4.75608 7.08484 0.709348 9.89147 -4.68223 -3.75081 3.68782 -41.1524 0.0723133 178.189 -179.938 -179.422 178.395 -140.465 169.239 1.05101 -1.40523 -0.0197108 179.906 168.63 -171.741 1.18841 -2.47189 1.15416 3.07532 -40.2728 3.86224 179.194 -178.689 -179.979 177.839 167.948 179.614 1.26461 -5.84815 1.15036
-163.996 94.8892 35.2879 1.13544 29.1386 -3.03979 178.832 157.455 179.975 178.832 157.455 179.975 178.832 157.455 179.975 178.832 157.455 179.975 5.64169 -30.2 -0.650794 123.225 150.924 157.899 9.06392 9.94236 -13.0982 173.6 -166.551 -163.242 176.688 -148.356 -178.586 61.2045 18.0502 13.9334 4.7444 7.09709 0.718133 9.89265 -4.67935 -3.75618 3.68144 -41.1777 0.0812611 178.179 -179.862 -179.395 178.393 -140.345 169.196 1.05101 -1.40558 -0.0197108 179.903 168.616 -171.73 1.18842 -2.47233 1.15416 3.08152 -40.3841 3.85083 179.194 -178.689 -179.979 177.842 167.942 179.602 1.26455 -5.845 1.15035
-163.997 94.8853 35.2694 1.11961 29.2428 -3.00946 178.835 157.4 179.97 178.835 157.4 179.97 178.835 157.4 179.97 178.835 157.4 179.97 5.70047 -30.2501 -0.651125 123.187 150.984 157.898 8.99733 9.76593 -13.0793 173.626 -166.623 -163.363 176.594 -148.281 -178.584 61.2604 17.999 13.9131 4.73499 7.10341 0.725282 9.8936 -4.67694 -3.76116 3.67546 -41.2031 0.0881923 178.169 -179.786 -179.369 178.392 -140.225 169.155 1.05101 -1.406 -0.0197108 179.9 168.604 -171.719 1.18842 -2.47274 1.15416 3.08762 -40.4956 3.83945 179.194 -178.689 -179.979 177.844 167.936 179.592 1.26448 -5.84186 1.15035
-163.997 94.8813 35.2512 1.10423 29.3473 -2.98001 178.839 157.344 179.965 178.839 157.344 179.965 178.839 157.344 179.965 178.839 157.344 179.965 5.75946 -30.3006 -0.651461 123.157 151.028 157.893 8.92743 9.57174 -13.0553 173.698 -166.725 -163.497 176.502 -148.206 -178.583 61.3175 17.9398 13.8917 4.72564 7.11788 0.731775 9.89666 -4.67542 -3.76677 3.67057 -41.2285 0.0917757 178.16 -179.71 -179.342 178.39 -140.105 169.11 1.05101 -1.40644 -0.0197108 179.897 168.591 -171.704 1.18843 -2.47319 1.15416 3.09363 -40.6074 3.82805 179.194 -178.69 -179.979 177.847 167.93 179.581 1.2644 -5.83785 1.15034
-163.997 94.8774 35.2331 1.08931 29.4521 -2.95146 178.842 157.289 179.96 178.842 157.289 179.96 178.842 157.289 179.96 178.842 157.289 179.96 5.81845 -30.3507 -0.651794 123.121 151.084 157.891 8.86675 9.40148 -13.039 173.719 -166.807 -163.608 176.412 -148.132 -178.582 61.3716 17.8878 13.8722 4.71925 7.12201 0.736236 9.8984 -4.67409 -3.77174 3.66566 -41.254 0.0938886 178.15 -179.634 -179.318 178.388 -139.985 169.069 1.05101 -1.40697 -0.0197108 179.894 168.579 -171.691 1.18844 -2.4735 1.15416 3.09958 -40.7194 3.8169 179.194 -178.69 -179.979 177.85 167.925 179.572 1.26433 -5.83423 1.15033
-163.997 94.8736 35.2153 1.0749 29.5572 -2.92388 178.845 157.235 179.955 178.845 157.235 179.955 178.845 157.235 179.955 178.845 157.235 179.955 5.87757 -30.4018 -0.652134 123.092 151.125 157.886 8.8004 9.20885 -13.0161 173.786 -166.921 -163.735 176.323 -148.057 -178.581 61.4268 17.8285 13.8516 4.71302 7.13369 0.739906 9.90211 -4.67351 -3.7774 3.66171 -41.2797 0.0927059 178.141 -179.558 -179.292 178.387 -139.865 169.024 1.05101 -1.40753 -0.0197108 179.89 168.567 -171.674 1.18844 -2.47377 1.15416 3.10548 -40.8317 3.80586 179.194 -178.689 -179.979 177.853 167.919 179.563 1.26424 -5.82963 1.15032
-163.997 94.8697 35.1977 1.06099 29.6625 -2.89726 178.847 157.181 179.951 178.847 157.181 179.951 178.847 157.181 179.951 178.847 157.181 179.951 5.93651 -30.4533 -0.652478 123.06 151.17 157.883 8.73731 9.02392 -12.9959 173.827 -167.03 -163.852 176.235 -147.983 -178.58 61.4802 17.7729 13.8322 4.70893 7.13972 0.741835 9.90512 -4.67316 -3.78282 3.65784 -41.3055 0.0897766 178.132 -179.483 -179.269 178.385 -139.745 168.98 1.05101 -1.40818 -0.0197108 179.887 168.555 -171.658 1.18845 -2.47388 1.15416 3.11136 -40.9442 3.7952 179.194 -178.689 -179.979 177.856 167.914 179.554 1.26415 -5.82515 1.15031
-163.997 94.8659 35.1803 1.04759 29.7681 -2.87162 178.849 157.127 179.946 178.849 157.127 179.946 178.849 157.127 179.946 178.849 157.127 179.946 5.99521 -30.5055 -0.652829 123.029 151.215 157.881 8.67284 8.83381 -12.9744 173.866 -167.148 -163.968 176.149 -147.909 -178.579 61.5326 17.718 13.8132 4.70631 7.14397 0.742281 9.90814 -4.67311 -3.78832 3.65421 -41.3315 0.0847174 178.124 -179.406 -179.246 178.383 -139.625 168.936 1.05101 -1.40889 -0.0197108 179.883 168.544 -171.64 1.18845 -2.47382 1.15416 3.11723 -41.057 3.78494 179.194 -178.689 -179.979 177.86 167.909 179.546 1.26405 -5.82044 1.1503
-163.997 94.862 35.1631 1.0347 29.8741 -2.84695 178.851 157.074 179.942 178.851 157.074 179.942 178.851 157.074 179.942 178.851 157.074 179.942 6.05354 -30.5587 -0.653186 122.999 151.258 157.88 8.60578 8.63579 -12.9508 173.905 -167.275 -164.084 176.064 -147.835 -178.578 61.5843 17.6638 13.7946 4.70505 7.1467 0.741255 9.91116 -4.6733 -3.79396 3.6508 -41.3578 0.0776817 178.116 -179.33 -179.223 178.381 -139.506 168.892 1.05101 -1.40968 -0.0197109 179.88 168.533 -171.621 1.18844 -2.47357 1.15416 3.12312 -41.1701 3.77517 179.194 -178.689 -179.979 177.863 167.904 179.539 1.26395 -5.81552 1.15029
-163.996 94.8582 35.1461 1.02231 29.9803 -2.82322 178.852 157.021 179.939 178.852 157.021 179.939 178.852 157.021 179.939 178.852 157.021 179.939 6.11134 -30.613 -0.653552 122.969 151.3 157.88 8.535 8.42749 -12.9246 173.943 -167.414 -164.203 175.981 -147.761 -178.576 61.6351 17.6104 13.7764 4.70507 7.14794 0.738757 9.91415 -4.67369 -3.79978 3.64753 -41.3844 0.0688322 178.108 -179.253 -179.202 178.379 -139.386 168.847 1.05101 -1.41055 -0.0197109 179.876 168.523 -171.6 1.18843 -2.47309 1.15416 3.12903 -41.2834 3.76597 179.194 -178.689 -179.979 177.866 167.898 179.531 1.26385 -5.81039 1.15028
-163.996 94.8544 35.1294 1.01037 30.0869 -2.80037 178.853 156.969 179.935 178.853 156.969 179.935 178.853 156.969 179.935 178.853 156.969 179.935 6.16845 -30.6684 -0.653927 122.94 151.342 157.881 8.45943 8.20669 -12.8954 173.982 -167.564 -164.325 175.899 -147.687 -178.575 61.6852 17.558 13.7586 4.70625 7.14773 0.7348 9.91708 -4.67425 -3.8058 3.64439 -41.4112 0.058355 178.1 -179.176 -179.181 178.377 -139.266 168.802 1.05101 -1.41149 -0.0197109 179.873 168.512 -171.578 1.18842 -2.47238 1.15416 3.13499 -41.397 3.75743 179.194 -178.688 -179.979 177.869 167.893 179.524 1.26374 -5.80508 1.15027
-163.995 94.8506 35.1129 0.998866 30.1939 -2.77836 178.854 156.917 179.932 178.854 156.917 179.932 178.854 156.917 179.932 178.854 156.917 179.932 6.2247 -30.725 -0.65431 122.912 151.382 157.884 8.37804 7.97134 -12.8627 174.022 -167.728 -164.45 175.818 -147.613 -178.574 61.7344 17.5068 13.7412 4.70849 7.14612 0.729401 9.91997 -4.67494 -3.81206 3.64134 -41.4384 0.0464278 178.093 -179.098 -179.16 178.375 -139.146 168.756 1.05101 -1.41251 -0.0197109 179.869 168.502 -171.555 1.1884 -2.47142 1.15416 3.141 -41.5109 3.74964 179.194 -178.688 -179.979 177.873 167.888 179.517 1.26363 -5.79959 1.15026
-163.994 94.8468 35.0965 0.987746 30.3012 -2.7571 178.855 156.866 179.928 178.855 156.866 179.928 178.855 156.866 179.928 178.855 156.866 179.928 6.27993 -30.7827 -0.654703 122.885 151.421 157.889 8.28995 7.7196 -12.8262 174.064 -167.906 -164.58 175.738 -147.538 -178.573 61.783 17.4567 13.7243 4.71169 7.14318 0.722591 9.92283 -4.67572 -3.81859 3.6384 -41.466 0.0332656 178.085 -179.02 -179.14 178.373 -139.026 168.71 1.05101 -1.4136 -0.0197109 179.865 168.493 -171.531 1.18837 -2.47018 1.15416 3.14707 -41.6252 3.74269 179.194 -178.688 -179.979 177.876 167.883 179.51 1.26352 -5.79395 1.15025
-163.994 94.8431 35.0805 0.976965 30.4089 -2.73653 178.856 156.815 179.925 178.856 156.815 179.925 178.856 156.815 179.925 178.856 156.815 179.925 6.334 -30.8414 -0.655103 122.859 151.46 157.895 8.19433 7.44989 -12.7857 174.108 -168.099 -164.714 175.66 -147.464 -178.572 61.8308 17.408 13.7077 4.71573 7.13899 0.714403 9.9257 -4.67659 -3.82541 3.63556 -41.4939 0.0190577 178.078 -178.94 -179.121 178.371 -138.906 168.663 1.05101 -1.41477 -0.0197109 179.86 168.483 -171.506 1.18834 -2.46866 1.15416 3.15323 -41.7397 3.73668 179.194 -178.687 -179.979 177.879 167.878 179.503 1.2634 -5.78816 1.15024
-163.993 94.8393 35.0646 0.966469 30.517 -2.71655 178.856 156.765 179.922 178.856 156.765 179.922 178.856 156.765 179.922 178.856 156.765 179.922 6.38676 -30.9011 -0.655511 122.834 151.499 157.903 8.09052 7.16093 -12.7412 174.155 -168.308 -164.854 175.583 -147.388 -178.571 61.8778 17.3606 13.6916 4.72049 7.13365 0.704885 9.92862 -4.67753 -3.83255 3.63288 -41.5223 0.00402208 178.071 -178.86 -179.101 178.369 -138.785 168.616 1.05101 -1.41602 -0.0197109 179.856 168.474 -171.48 1.1883 -2.46685 1.15416 3.15945 -41.8545 3.73168 179.194 -178.687 -179.979 177.882 167.872 179.495 1.26328 -5.78224 1.15022
-163.992 94.8355 35.0489 0.956204 30.6255 -2.69707 178.857 156.715 179.919 178.857 156.715 179.919 178.857 156.715 179.919 178.857 156.715 179.919 6.43809 -30.9614 -0.655925 122.81 151.538 157.913 7.97796 6.85175 -12.6928 174.205 -168.532 -165 175.507 -147.313 -178.569 61.9242 17.3147 13.6759 4.72589 7.12724 0.694088 9.93165 -4.67853 -3.84003 3.63039 -41.5511 -0.0116193 178.065 -178.779 -179.082 178.367 -138.665 168.569 1.05101 -1.41733 -0.0197109 179.852 168.465 -171.453 1.18826 -2.46475 1.15416 3.16577 -41.9697 3.72779 179.194 -178.686 -179.979 177.885 167.867 179.487 1.26316 -5.77621 1.15021
-163.991 94.8317 35.0333 0.946113 30.7344 -2.67799 178.857 156.666 179.916 178.857 156.666 179.916 178.857 156.666 179.916 178.857 156.666 179.916 6.48788 -31.0224 -0.656344 122.787 151.578 157.924 7.85625 6.52174 -12.6405 174.259 -168.773 -165.151 175.432 -147.237 -178.568 61.9697 17.2701 13.6606 4.73182 7.11986 0.682075 9.93484 -4.67959 -3.84785 3.62816 -41.5803 -0.0276609 178.058 -178.697 -179.063 178.365 -138.544 168.521 1.05101 -1.41872 -0.0197109 179.848 168.456 -171.426 1.18821 -2.46237 1.15415 3.17216 -42.0852 3.7251 179.194 -178.685 -179.979 177.888 167.861 179.479 1.26303 -5.77008 1.1502
-163.99 94.8279 35.018 0.936145 30.8438 -2.65924 178.858 156.617 179.913 178.858 156.617 179.913 178.858 156.617 179.913 178.858 156.617 179.913 6.53607 -31.0836 -0.656766 122.765 151.618 157.937 7.72515 6.17069 -12.5848 174.319 -169.03 -165.307 175.358 -147.161 -178.567 62.0146 17.2269 13.6458 4.73818 7.11159 0.668913 9.93826 -4.68071 -3.85603 3.62628 -41.61 -0.0439286 178.052 -178.614 -179.044 178.363 -138.423 168.473 1.05101 -1.42016 -0.0197109 179.843 168.448 -171.398 1.18816 -2.45971 1.15415 3.17863 -42.201 3.72367 179.194 -178.684 -179.979 177.891 167.856 179.469 1.26291 -5.76386 1.15019
-163.989 94.8242 35.0028 0.926247 30.9536 -2.64073 178.858 156.569 179.909 178.858 156.569 179.909 178.858 156.569 179.909 178.858 156.569 179.909 6.5826 -31.1448 -0.65719 122.744 151.66 157.951 7.58457 5.79876 -12.526 174.383 -169.303 -165.469 175.286 -147.084 -178.566 62.0587 17.1849 13.6313 4.74491 7.10251 0.65468 9.94197 -4.68191 -3.86457 3.62484 -41.6401 -0.0602113 178.045 -178.529 -179.025 178.361 -138.302 168.425 1.051 -1.42167 -0.019711 179.839 168.439 -171.369 1.1881 -2.45677 1.15415 3.18518 -42.3171 3.72359 179.194 -178.684 -179.979 177.894 167.85 179.459 1.26278 -5.75757 1.15017
-163.988 94.8204 34.9879 0.916377 31.0638 -2.62237 178.858 156.521 179.906 178.858 156.521 179.906 178.858 156.521 179.906 178.858 156.521 179.906 6.62748 -31.2058 -0.657613 122.725 151.703 157.966 7.4346 5.40658 -12.4645 174.454 -169.59 -165.636 175.214 -147.008 -178.564 62.1021 17.1443 13.6174 4.75193 7.09271 0.639456 9.94601 -4.68318 -3.87345 3.62395 -41.6706 -0.0763366 178.039 -178.444 -179.006 178.358 -138.18 168.378 1.051 -1.42323 -0.019711 179.834 168.431 -171.341 1.18804 -2.45358 1.15415 3.1918 -42.4336 3.72491 179.194 -178.683 -179.979 177.898 167.844 179.447 1.26265 -5.75123 1.15016
-163.987 94.8166 34.973 0.906498 31.1743 -2.60412 178.859 156.474 179.903 178.859 156.474 179.903 178.859 156.474 179.903 178.859 156.474 179.903 6.67072 -31.2661 -0.658034 122.706 151.748 157.982 7.27554 4.99517 -12.4011 174.53 -169.892 -165.808 175.144 -146.931 -178.563 62.1447 17.1048 13.6039 4.75918 7.08222 0.62333 9.95046 -4.68454 -3.88268 3.62372 -41.7016 -0.0921448 178.033 -178.358 -178.987 178.356 -138.059 168.33 1.051 -1.42484 -0.019711 179.83 168.422 -171.313 1.18797 -2.45015 1.15414 3.19847 -42.5503 3.7277 179.194 -178.682 -179.979 177.901 167.838 179.434 1.26253 -5.74483 1.15015
-163.985 94.8128 34.9583 0.896582 31.2853 -2.58592 178.86 156.428 179.901 178.86 156.428 179.901 178.86 156.428 179.901 178.86 156.428 179.901 6.7124 -31.3256 -0.658449 122.689 151.796 157.999 7.10784 4.566 -12.3362 174.613 -170.207 -165.983 175.074 -146.854 -178.562 62.1865 17.0663 13.5908 4.76663 7.07111 0.606397 9.95534 -4.686 -3.89223 3.62427 -41.7329 -0.107485 178.027 -178.27 -178.968 178.354 -137.937 168.282 1.051 -1.42649 -0.019711 179.826 168.414 -171.284 1.18789 -2.4465 1.15414 3.20519 -42.6672 3.73199 179.194 -178.681 -179.979 177.905 167.832 179.42 1.2624 -5.73839 1.15013
-163.984 94.809 34.9438 0.886614 31.3966 -2.56774 178.86 156.381 179.898 178.86 156.381 179.898 178.86 156.381 179.898 178.86 156.381 179.898 6.75261 -31.3839 -0.658857 122.672 151.846 158.016 6.93216 4.12096 -12.2707 174.703 -170.534 -166.162 175.006 -146.777 -178.561 62.2275 17.0288 13.5781 4.77423 7.05939 0.588752 9.9607 -4.68758 -3.90208 3.62573 -41.7646 -0.122229 178.021 -178.181 -178.948 178.352 -137.814 168.235 1.051 -1.42818 -0.019711 179.821 168.406 -171.257 1.18782 -2.44265 1.15414 3.21194 -42.7845 3.73781 179.194 -178.68 -179.979 177.909 167.826 179.405 1.26226 -5.73192 1.15012
-163.983 94.8052 34.9294 0.876589 31.5082 -2.54955 178.861 156.336 179.895 178.861 156.336 179.895 178.861 156.336 179.895 178.861 156.336 179.895 6.79151 -31.4407 -0.659256 122.656 151.899 158.032 6.74931 3.66233 -12.2051 174.799 -170.87 -166.342 174.939 -146.7 -178.559 62.2678 16.9922 13.5658 4.78197 7.04708 0.570498 9.96658 -4.68928 -3.9122 3.62821 -41.7967 -0.136268 178.016 -178.092 -178.928 178.35 -137.692 168.188 1.051 -1.4299 -0.019711 179.817 168.398 -171.23 1.18774 -2.43864 1.15413 3.2187 -42.9019 3.74519 179.194 -178.679 -179.979 177.913 167.819 179.388 1.26213 -5.72543 1.15011
-163.982 94.8014 34.9151 0.866519 31.6201 -2.53138 178.862 156.291 179.892 178.862 156.291 179.892 178.862 156.291 179.892 178.862 156.291 179.892 6.82926 -31.4957 -0.659644 122.641 151.954 158.049 6.56031 3.19278 -12.1403 174.902 -171.214 -166.525 174.872 -146.623 -178.558 62.3074 16.9562 13.5538 4.78983 7.03419 0.551736 9.97298 -4.69112 -3.92257 3.63184 -41.8291 -0.149509 178.01 -178.001 -178.908 178.348 -137.569 168.142 1.051 -1.43165 -0.019711 179.813 168.39 -171.203 1.18765 -2.43448 1.15413 3.22545 -43.0195 3.7541 179.194 -178.678 -179.979 177.918 167.813 179.369 1.262 -5.71892 1.1501
-163.98 94.7976 34.901 0.856426 31.7323 -2.51324 178.863 156.246 179.89 178.863 156.246 179.89 178.863 156.246 179.89 178.863 156.246 179.89 6.86608 -31.5487 -0.660018 122.627 152.013 158.065 6.3663 2.71527 -12.0769 175.011 -171.564 -166.708 174.807 -146.546 -178.557 62.3461 16.9209 13.5422 4.79781 7.0207 0.532572 9.97992 -4.69311 -3.93314 3.63674 -41.8617 -0.16188 178.005 -177.909 -178.888 178.346 -137.447 168.096 1.051 -1.43341 -0.0197111 179.809 168.382 -171.178 1.18757 -2.43022 1.15413 3.23218 -43.1373 3.76455 179.194 -178.677 -179.979 177.923 167.806 179.349 1.26187 -5.7124 1.15008
-163.979 94.7938 34.887 0.846352 31.8446 -2.49518 178.865 156.202 179.887 178.865 156.202 179.887 178.865 156.202 179.887 178.865 156.202 179.887 6.90219 -31.5994 -0.660377 122.614 152.075 158.081 6.16857 2.23305 -12.0157 175.126 -171.917 -166.89 174.743 -146.469 -178.555 62.3842 16.886 13.5309 4.80592 7.00658 0.51311 9.98741 -4.69526 -3.94387 3.643 -41.8946 -0.17333 177.999 -177.817 -178.867 178.344 -137.324 168.052 1.051 -1.43518 -0.0197111 179.804 168.375 -171.153 1.18748 -2.42588 1.15412 3.23887 -43.2552 3.77647 179.194 -178.675 -179.979 177.928 167.8 179.327 1.26174 -5.70587 1.15007
-163.977 94.79 34.8731 0.836353 31.957 -2.47727 178.866 156.159 179.885 178.866 156.159 179.885 178.866 156.159 179.885 178.866 156.159 179.885 6.93786 -31.6476 -0.66072 122.601 152.139 158.095 5.96851 1.74954 -11.9572 175.246 -172.271 -167.071 174.68 -146.393 -178.554 62.4215 16.8516 13.5198 4.81415 6.9918 0.493453 9.99543 -4.69757 -3.95472 3.65073 -41.9276 -0.18382 177.994 -177.723 -178.845 178.341 -137.201 168.008 1.051 -1.43696 -0.0197111 179.801 168.367 -171.129 1.18739 -2.4215 1.15412 3.24548 -43.3732 3.78984 179.194 -178.674 -179.979 177.934 167.793 179.305 1.26161 -5.69934 1.15006
-163.976 94.7862 34.8594 0.826499 32.0695 -2.45961 178.867 156.116 179.883 178.867 156.116 179.883 178.867 156.116 179.883 178.867 156.116 179.883 6.97335 -31.6932 -0.661044 122.588 152.207 158.107 5.76761 1.26831 -11.9019 175.37 -172.623 -167.25 174.618 -146.317 -178.553 62.4581 16.8174 13.5089 4.82254 6.97631 0.473701 10.004 -4.70004 -3.96564 3.66001 -41.9608 -0.193339 177.99 -177.629 -178.823 178.339 -137.078 167.965 1.051 -1.43874 -0.0197111 179.797 168.359 -171.106 1.1873 -2.41713 1.15411 3.252 -43.4912 3.80456 179.194 -178.673 -179.979 177.94 167.787 179.28 1.26148 -5.69282 1.15004
-163.974 94.7825 34.8457 0.81688 32.1821 -2.4423 178.869 156.073 179.882 178.869 156.073 179.882 178.869 156.073 179.882 178.869 156.073 179.882 7.00895 -31.736 -0.661349 122.576 152.277 158.118 5.56737 0.792946 -11.8504 175.498 -172.971 -167.425 174.557 -146.241 -178.552 62.4941 16.7834 13.4981 4.83111 6.96006 0.453951 10.013 -4.70269 -3.97659 3.67091 -41.994 -0.201884 177.985 -177.535 -178.801 178.336 -136.956 167.924 1.051 -1.4405 -0.0197111 179.793 168.352 -171.084 1.18721 -2.4128 1.15411 3.25841 -43.6094 3.82057 179.194 -178.672 -179.979 177.946 167.78 179.255 1.26134 -5.6863 1.15003
-163.973 94.7788 34.8321 0.807599 32.2947 -2.42548 178.87 156.031 179.88 178.87 156.031 179.88 178.87 156.031 179.88 178.87 156.031 179.88 7.04494 -31.7759 -0.661635 122.564 152.35 158.127 5.36933 0.32696 -11.803 175.628 -173.313 -167.596 174.497 -146.166 -178.55 62.5296 16.7496 13.4873 4.83986 6.943 0.434297 10.0224 -4.70551 -3.98752 3.68348 -42.0273 -0.209468 177.981 -177.44 -178.778 178.333 -136.833 167.884 1.051 -1.44225 -0.0197111 179.789 168.344 -171.063 1.18713 -2.40855 1.15411 3.26468 -43.7275 3.83775 179.194 -178.671 -179.979 177.953 167.774 179.229 1.26121 -5.67981 1.15002
-163.971 94.775 34.8186 0.798776 32.4072 -2.4093 178.871 155.99 179.879 178.871 155.99 179.879 178.871 155.99 179.879 178.871 155.99 179.879 7.08161 -31.8129 -0.6619 122.552 152.425 158.133 5.17498 -0.126238 -11.76 175.76 -173.646 -167.762 174.438 -146.092 -178.549 62.5645 16.7159 13.4764 4.84884 6.92506 0.414827 10.0323 -4.70848 -3.99837 3.69778 -42.0605 -0.216123 177.977 -177.345 -178.755 178.331 -136.711 167.845 1.051 -1.44398 -0.0197111 179.786 168.337 -171.043 1.18705 -2.40444 1.1541 3.27079 -43.8457 3.856 179.194 -178.67 -179.979 177.96 167.767 179.202 1.26108 -5.67333 1.15
-163.969 94.7714 34.8052 0.790546 32.5196 -2.39395 178.872 155.949 179.879 178.872 155.949 179.879 178.872 155.949 179.879 178.872 155.949 179.879 7.11922 -31.8471 -0.662144 122.54 152.501 158.138 4.98576 -0.563497 -11.7216 175.891 -173.967 -167.922 174.38 -146.017 -178.548 62.5989 16.6824 13.4653 4.85806 6.9062 0.395621 10.0425 -4.71161 -4.0091 3.71382 -42.0936 -0.221887 177.973 -177.25 -178.732 178.327 -136.588 167.807 1.051 -1.44568 -0.0197112 179.782 168.33 -171.023 1.18697 -2.40048 1.1541 3.27673 -43.964 3.87519 179.194 -178.669 -179.979 177.968 167.76 179.175 1.26095 -5.6669 1.14999
-163.967 94.7677 34.7918 0.783057 32.6319 -2.37961 178.873 155.908 179.879 178.873 155.908 179.879 178.873 155.908 179.879 178.873 155.908 179.879 7.15805 -31.8783 -0.662369 122.529 152.579 158.139 4.80299 -0.981975 -11.6877 176.022 -174.276 -168.075 174.324 -145.944 -178.547 62.6329 16.6489 13.454 4.86755 6.88636 0.376756 10.0529 -4.71489 -4.01967 3.73161 -42.1265 -0.226818 177.969 -177.154 -178.709 178.324 -136.466 167.771 1.051 -1.44734 -0.0197112 179.779 168.322 -171.005 1.18689 -2.39675 1.1541 3.28247 -44.0823 3.89522 179.194 -178.669 -179.979 177.975 167.754 179.148 1.26082 -5.66052 1.14998
-163.965 94.7641 34.7785 0.776471 32.7442 -2.3665 178.874 155.868 179.879 178.874 155.868 179.879 178.874 155.868 179.879 178.874 155.868 179.879 7.19832 -31.9068 -0.662574 122.518 152.658 158.138 4.62786 -1.37919 -11.6585 176.151 -174.57 -168.222 174.269 -145.87 -178.545 62.6666 16.6156 13.4424 4.87732 6.86548 0.3583 10.0636 -4.71829 -4.03001 3.75114 -42.1591 -0.230978 177.966 -177.059 -178.685 178.32 -136.345 167.737 1.051 -1.44896 -0.0197112 179.776 168.316 -170.987 1.18682 -2.39327 1.15409 3.28799 -44.2007 3.91594 179.194 -178.668 -179.979 177.983 167.747 179.121 1.2607 -5.6542 1.14997
-163.962 94.7605 34.7651 0.770961 32.8563 -2.35483 178.874 155.828 179.88 178.874 155.828 179.88 178.874 155.828 179.88 178.874 155.828 179.88 7.24026 -31.9326 -0.66276 122.507 152.738 158.135 4.46142 -1.75308 -11.6337 176.277 -174.848 -168.36 174.215 -145.798 -178.544 62.7 16.5825 13.4304 4.88741 6.84353 0.340314 10.0744 -4.72179 -4.0401 3.7724 -42.1915 -0.23444 177.963 -176.965 -178.661 178.316 -136.223 167.704 1.05099 -1.45054 -0.0197112 179.773 168.309 -170.969 1.18676 -2.39008 1.15409 3.29328 -44.3193 3.93724 179.194 -178.667 -179.979 177.991 167.74 179.094 1.26057 -5.64797 1.14995
-163.96 94.757 34.7517 0.766709 32.9684 -2.34485 178.874 155.789 179.882 178.874 155.789 179.882 178.874 155.789 179.882 178.874 155.789 179.882 7.28407 -31.956 -0.662928 122.496 152.818 158.129 4.30453 -2.10203 -11.6133 176.4 -175.109 -168.491 174.162 -145.726 -178.543 62.7332 16.5496 13.4179 4.89781 6.82046 0.322854 10.0852 -4.72538 -4.04987 3.79533 -42.2234 -0.237287 177.961 -176.871 -178.637 178.312 -136.102 167.673 1.05099 -1.45206 -0.0197112 179.77 168.302 -170.952 1.1867 -2.38724 1.15409 3.29833 -44.4382 3.95899 179.194 -178.667 -179.979 177.999 167.733 179.068 1.26045 -5.64185 1.14994
-163.957 94.7534 34.7383 0.763907 33.0804 -2.3368 178.873 155.751 179.884 178.873 155.751 179.884 178.873 155.751 179.884 178.873 155.751 179.884 7.3299 -31.9771 -0.663081 122.485 152.897 158.121 4.15786 -2.42493 -11.5969 176.518 -175.352 -168.614 174.111 -145.654 -178.542 62.7662 16.5172 13.4048 4.90855 6.79623 0.305968 10.0959 -4.72903 -4.0593 3.81989 -42.255 -0.239603 177.959 -176.777 -178.614 178.307 -135.981 167.644 1.05099 -1.45353 -0.0197112 179.767 168.296 -170.935 1.18665 -2.38478 1.15409 3.30311 -44.5575 3.98108 179.194 -178.666 -179.979 178.006 167.726 179.044 1.26033 -5.63587 1.14993
-163.954 94.7499 34.7248 0.762751 33.1925 -2.33094 178.872 155.714 179.887 178.872 155.714 179.887 178.872 155.714 179.887 178.872 155.714 179.887 7.37789 -31.9962 -0.663219 122.474 152.976 158.11 4.0219 -2.7211 -11.5843 176.631 -175.576 -168.729 174.061 -145.583 -178.54 62.7991 16.4852 13.3911 4.91963 6.77083 0.289699 10.1065 -4.73271 -4.06834 3.84601 -42.286 -0.241484 177.957 -176.685 -178.59 178.302 -135.86 167.616 1.05099 -1.45494 -0.0197112 179.764 168.29 -170.919 1.18661 -2.38273 1.15409 3.30763 -44.6772 4.0034 179.194 -178.666 -179.979 178.014 167.718 179.021 1.26021 -5.63005 1.14992
-163.951 94.7465 34.7112 0.76344 33.3047 -2.32751 178.87 155.677 179.89 178.87 155.677 179.89 178.87 155.677 179.89 178.87 155.677 179.89 7.42817 -32.0135 -0.663344 122.464 153.054 158.098 3.89697 -2.99029 -11.5751 176.738 -175.782 -168.835 174.013 -145.513 -178.539 62.832 16.4539 13.3768 4.93105 6.74422 0.274082 10.1169 -4.73639 -4.07694 3.8736 -42.3164 -0.243025 177.956 -176.594 -178.567 178.297 -135.739 167.591 1.05099 -1.45628 -0.0197113 179.762 168.284 -170.902 1.18658 -2.38114 1.15408 3.31186 -44.7976 4.02586 179.194 -178.666 -179.979 178.021 167.71 178.999 1.2601 -5.62444 1.14991
-163.947 94.7431 34.6973 0.766174 33.417 -2.32677 178.868 155.641 179.894 178.868 155.641 179.894 178.868 155.641 179.894 178.868 155.641 179.894 7.48081 -32.0293 -0.663458 122.453 153.13 158.084 3.78315 -3.23276 -11.5692 176.839 -175.969 -168.933 173.967 -145.443 -178.538 62.8649 16.4233 13.3618 4.94282 6.7164 0.259149 10.1269 -4.74003 -4.08509 3.90258 -42.3461 -0.24433 177.955 -176.504 -178.544 178.291 -135.618 167.567 1.05099 -1.45755 -0.0197113 179.759 168.279 -170.885 1.18655 -2.38005 1.15408 3.3158 -44.9187 4.04837 179.194 -178.666 -179.979 178.027 167.702 178.98 1.25999 -5.61905 1.1499
-163.944 94.7396 34.6833 0.771149 33.5297 -2.32898 178.864 155.606 179.899 178.864 155.606 179.899 178.864 155.606 179.899 178.864 155.606 179.899 7.53588 -32.044 -0.663565 122.442 153.204 158.069 3.68038 -3.44918 -11.5659 176.934 -176.138 -169.023 173.922 -145.375 -178.537 62.8977 16.3936 13.346 4.95493 6.68736 0.244928 10.1365 -4.74359 -4.09273 3.93286 -42.3751 -0.245498 177.954 -176.416 -178.521 178.285 -135.497 167.545 1.05099 -1.45875 -0.0197113 179.757 168.274 -170.868 1.18654 -2.37947 1.15408 3.31945 -45.0408 4.07086 179.194 -178.666 -179.979 178.034 167.694 178.964 1.25988 -5.61394 1.14989
-163.94 94.7363 34.6691 0.778555 33.6427 -2.33436 178.86 155.571 179.904 178.86 155.571 179.904 178.86 155.571 179.904 178.86 155.571 179.904 7.5934 -32.0578 -0.663666 122.431 153.276 158.053 3.5884 -3.64054 -11.5651 177.022 -176.289 -169.105 173.88 -145.307 -178.536 62.9305 16.3649 13.3296 4.96735 6.65712 0.231442 10.1455 -4.74706 -4.09986 3.96433 -42.4033 -0.246629 177.954 -176.33 -178.499 178.278 -135.376 167.525 1.05099 -1.45988 -0.0197113 179.754 168.269 -170.85 1.18654 -2.37945 1.15408 3.3228 -45.164 4.09329 179.194 -178.666 -179.979 178.039 167.685 178.95 1.25979 -5.60913 1.14988
-163.935 94.7329 34.6545 0.788571 33.7562 -2.34314 178.855 155.538 179.911 178.855 155.538 179.911 178.855 155.538 179.911 178.855 155.538 179.911 7.6534 -32.0712 -0.663763 122.419 153.346 158.038 3.50686 -3.80813 -11.5663 177.105 -176.423 -169.18 173.84 -145.241 -178.534 62.9632 16.3375 13.3126 4.98009 6.62569 0.218713 10.1539 -4.75038 -4.10643 3.99689 -42.4307 -0.247829 177.954 -176.245 -178.478 178.271 -135.254 167.506 1.05099 -1.46093 -0.0197113 179.752 168.265 -170.832 1.18655 -2.38 1.15408 3.32585 -45.2885 4.11559 179.194 -178.667 -179.979 178.045 167.676 178.939 1.2597 -5.60467 1.14987
-163.93 94.7295 34.6396 0.801354 33.8704 -2.35551 178.848 155.506 179.918 178.848 155.506 179.918 178.848 155.506 179.918 178.848 155.506 179.918 7.71576 -32.0849 -0.663862 122.405 153.416 158.023 3.43835 -3.94315 -11.5706 177.155 -176.529 -169.235 173.802 -145.176 -178.533 62.9959 16.3108 13.2951 4.99266 6.59392 0.207068 10.1612 -4.7535 -4.11239 4.02969 -42.4571 -0.249681 177.955 -176.163 -178.458 178.263 -135.132 167.491 1.05099 -1.46192 -0.0197113 179.75 168.261 -170.815 1.18657 -2.38101 1.15408 3.32862 -45.4144 4.13714 179.194 -178.668 -179.979 178.049 167.666 178.931 1.25962 -5.60105 1.14986
-163.925 94.7262 34.6243 0.817074 33.9853 -2.37168 178.841 155.475 179.925 178.841 155.475 179.925 178.841 155.475 179.925 178.841 155.475 179.925 7.78078 -32.0982 -0.663958 122.393 153.477 158.008 3.37325 -4.07709 -11.5738 177.25 -176.643 -169.308 173.767 -145.111 -178.532 63.0284 16.2867 13.2767 5.00635 6.55953 0.19563 10.1687 -4.75645 -4.11783 4.06489 -42.4825 -0.250859 177.955 -176.084 -178.438 178.254 -135.009 167.476 1.05099 -1.46281 -0.0197113 179.748 168.257 -170.794 1.18661 -2.38287 1.15409 3.33105 -45.542 4.15971 179.194 -178.669 -179.979 178.053 167.656 178.926 1.25954 -5.59697 1.14985
-163.92 94.7228 34.6086 0.835819 34.101 -2.39175 178.832 155.446 179.933 178.832 155.446 179.933 178.832 155.446 179.933 178.832 155.446 179.933 7.84794 -32.1129 -0.664065 122.378 153.539 157.995 3.32302 -4.17461 -11.5802 177.289 -176.721 -169.352 173.734 -145.05 -178.531 63.0608 16.2626 13.2584 5.01928 6.52632 0.18561 10.1747 -4.7593 -4.12265 4.09917 -42.507 -0.25278 177.957 -176.007 -178.421 178.245 -134.886 167.465 1.05099 -1.46365 -0.0197113 179.746 168.254 -170.774 1.18665 -2.3849 1.15409 3.3332 -45.6714 4.18094 179.194 -178.67 -179.979 178.056 167.645 178.926 1.25949 -5.59422 1.14985
-163.914 94.7195 34.5928 0.857642 34.218 -2.41583 178.823 155.418 179.943 178.823 155.418 179.943 178.823 155.418 179.943 178.823 155.418 179.943 7.91339 -32.138 -0.664248 122.37 153.578 157.982 3.30735 -4.21106 -11.5863 177.277 -176.747 -169.363 173.704 -145.012 -178.53 63.0807 16.2408 13.2617 5.01941 6.50724 0.180745 10.1768 -4.76231 -4.12676 4.12563 -42.5333 -0.242044 177.964 -175.941 -178.425 178.235 -134.762 167.468 1.05099 -1.4646 -0.0197113 179.748 168.251 -170.766 1.18666 -2.38518 1.15409 3.33528 -45.8029 4.1959 179.194 -178.671 -179.979 178.057 167.634 178.935 1.25948 -5.59365 1.14985
-163.907 94.7161 34.576 0.882825 34.3353 -2.44411 178.811 155.391 179.952 178.811 155.391 179.952 178.811 155.391 179.952 178.811 155.391 179.952 7.98961 -32.1442 -0.664293 122.348 153.648 157.974 3.23685 -4.34441 -11.5922 177.429 -176.874 -169.458 173.677 -144.93 -178.529 63.1244 16.2224 13.2199 5.04739 6.45292 0.16705 10.1847 -4.76378 -4.13042 4.17274 -42.5525 -0.257821 177.96 -175.861 -178.386 178.225 -134.637 167.445 1.05099 -1.46507 -0.0197113 179.743 168.249 -170.728 1.18679 -2.39176 1.15409 3.33658 -45.936 4.22457 179.194 -178.673 -179.979 178.06 167.621 178.934 1.25938 -5.58893 1.14984
-163.901 94.7128 34.5592 0.911024 34.4542 -2.47634 178.799 155.366 179.963 178.799 155.366 179.963 178.799 155.366 179.963 178.799 155.366 179.963 8.05845 -32.1683 -0.664469 122.341 153.68 157.963 3.22595 -4.37133 -11.5984 177.42 -176.891 -169.468 173.653 -144.895 -178.528 63.1454 16.2022 13.2219 5.04733 6.43421 0.163631 10.1867 -4.76673 -4.13373 4.1999 -42.5763 -0.248184 177.968 -175.8 -178.391 178.214 -134.511 167.452 1.05099 -1.46587 -0.0197113 179.744 168.247 -170.718 1.1868 -2.39218 1.15409 3.33804 -46.0714 4.24141 179.194 -178.674 -179.979 178.06 167.609 178.948 1.25937 -5.58853 1.14984
-163.893 94.7094 34.5414 0.94271 34.5737 -2.5129 178.785 155.342 179.974 178.785 155.342 179.974 178.785 155.342 179.974 178.785 155.342 179.974 8.13964 -32.183 -0.664576 122.311 153.743 157.966 3.18008 -4.45406 -11.6062 177.526 -176.976 -169.535 173.632 -144.819 -178.527 63.186 16.1885 13.1814 5.07535 6.37758 0.152231 10.1912 -4.76716 -4.13577 4.24741 -42.5933 -0.2653 177.964 -175.727 -178.358 178.203 -134.384 167.434 1.05099 -1.4662 -0.0197113 179.74 168.246 -170.68 1.18697 -2.40067 1.1541 3.3388 -46.2089 4.26703 179.194 -178.676 -179.979 178.062 167.595 178.956 1.25932 -5.58615 1.14983
-163.886 94.7061 34.5237 0.977247 34.6946 -2.55316 178.771 155.32 179.986 178.771 155.32 179.986 178.771 155.32 179.986 178.771 155.32 179.986 8.21168 -32.2064 -0.664747 122.304 153.769 157.958 3.17307 -4.47416 -11.6119 177.521 -176.987 -169.544 173.613 -144.788 -178.526 63.2079 16.1702 13.182 5.07526 6.35911 0.150155 10.1931 -4.76985 -4.1383 4.27548 -42.6145 -0.256596 177.973 -175.671 -178.364 178.19 -134.256 167.443 1.05099 -1.46687 -0.0197114 179.741 168.245 -170.666 1.18698 -2.40127 1.1541 3.33966 -46.3482 4.28581 179.194 -178.678 -179.979 178.061 167.582 178.975 1.25932 -5.5859 1.14983
-163.878 94.7027 34.5053 1.01492 34.8166 -2.59735 178.756 155.299 179.998 178.756 155.299 179.998 178.756 155.299 179.998 178.756 155.299 179.998 8.28991 -32.2292 -0.664914 122.286 153.801 157.958 3.1646 -4.4993 -11.6176 177.518 -177.001 -169.555 173.597 -144.75 -178.526 63.2357 16.1494 13.1732 5.07999 6.33533 0.147234 10.1966 -4.77126 -4.14051 4.3087 -42.632 -0.250094 177.979 -175.614 -178.37 178.178 -134.127 167.451 1.05099 -1.46733 -0.0197114 179.741 168.245 -170.648 1.18701 -2.40265 1.1541 3.34015 -46.4899 4.3062 179.194 -178.681 -179.979 178.061 167.567 178.994 1.25932 -5.58569 1.14983
-163.869 94.6993 34.4862 1.05596 34.939 -2.64568 178.738 155.28 -179.989 178.738 155.28 -179.989 178.738 155.28 -179.989 178.738 155.28 -179.989 8.37857 -32.2593 -0.665134 122.24 153.859 157.983 3.13395 -4.54534 -11.6265 177.639 -177.07 -169.621 173.589 -144.673 -178.524 63.2728 16.1494 13.1254 5.11714 6.26259 0.136628 10.1955 -4.7701 -4.13957 4.36182 -42.6457 -0.281372 177.974 -175.55 -178.326 178.164 -133.997 167.431 1.05099 -1.46742 -0.0197114 179.736 168.245 -170.599 1.18731 -2.41772 1.15412 3.34005 -46.633 4.3295 179.194 -178.683 -179.979 178.06 167.552 179.014 1.25932 -5.58611 1.14983
-163.86 94.696 34.4672 1.09918 35.0623 -2.69685 178.721 155.262 -179.975 178.721 155.262 -179.975 178.721 155.262 -179.975 178.721 155.262 -179.975 8.45451 -32.2829 -0.665308 122.231 153.879 157.981 3.13131 -4.55821 -11.6308 177.639 -177.076 -169.629 173.578 -144.646 -178.524 63.2952 16.1342 13.1242 5.1169 6.24436 0.136681 10.1974 -4.77214 -4.14097 4.39088 -42.6628 -0.274431 177.983 -175.503 -178.334 178.151 -133.867 167.444 1.05099 -1.46789 -0.0197114 179.737 168.245 -170.581 1.18733 -2.41866 1.15412 3.34005 -46.7775 4.35071 179.194 -178.686 -179.979 178.059 167.537 179.039 1.25932 -5.5861 1.14983
-163.851 94.6927 34.4477 1.14506 35.1864 -2.75127 178.703 155.246 -179.962 178.703 155.246 -179.962 178.703 155.246 -179.962 178.703 155.246 -179.962 8.5367 -32.3091 -0.6655 122.209 153.902 157.99 3.12934 -4.57305 -11.6346 177.641 -177.082 -169.638 173.572 -144.615 -178.523 63.321 16.1175 13.115 5.12132 6.22115 0.136317 10.2005 -4.77284 -4.14197 4.42494 -42.6767 -0.270679 177.989 -175.455 -178.342 178.136 -133.736 167.455 1.05099 -1.46818 -0.0197114 179.738 168.246 -170.559 1.18737 -2.42056 1.15412 3.33973 -46.9239 4.37231 179.194 -178.689 -179.979 178.058 167.522 179.065 1.25933 -5.58632 1.14983
-163.841 94.6893 34.4278 1.19322 35.3108 -2.80852 178.683 155.231 -179.947 178.683 155.231 -179.947 178.683 155.231 -179.947 178.683 155.231 -179.947 8.62107 -32.3388 -0.665718 122.181 153.926 158.005 3.12817 -4.58626 -11.6381 177.646 -177.089 -169.648 173.569 -144.582 -178.522 63.3473 16.1016 13.1019 5.12879 6.19542 0.136243 10.204 -4.77313 -4.14257 4.46116 -42.6893 -0.269521 177.994 -175.41 -178.349 178.121 -133.605 167.464 1.05099 -1.46841 -0.0197114 179.738 168.247 -170.534 1.18743 -2.42332 1.15412 3.33913 -47.0711 4.39395 179.194 -178.692 -179.979 178.056 167.506 179.094 1.25934 -5.58681 1.14983
-163.831 94.686 34.4076 1.24389 35.4349 -2.86877 178.663 155.217 -179.932 178.663 155.217 -179.932 178.663 155.217 -179.932 178.663 155.217 -179.932 8.71544 -32.4048 -0.666204 122.109 153.968 158.073 3.11701 -4.58849 -11.6477 177.795 -177.15 -169.718 173.574 -144.516 -178.521 63.3712 16.1262 13.0603 5.17425 6.09784 0.126504 10.1838 -4.76759 -4.13607 4.5168 -42.6989 -0.312935 177.988 -175.36 -178.302 178.106 -133.474 167.445 1.05099 -1.46827 -0.0197114 179.732 168.249 -170.477 1.18793 -2.44822 1.15414 3.33809 -47.2189 4.40974 179.194 -178.695 -179.979 178.054 167.49 179.13 1.25947 -5.59354 1.14985
-163.82 94.6827 34.3878 1.29532 35.5588 -2.93004 178.643 155.204 -179.917 178.643 155.204 -179.917 178.643 155.204 -179.917 178.643 155.204 -179.917 8.7941 -32.4306 -0.666395 122.094 153.983 158.08 3.11806 -4.59583 -11.6494 177.797 -177.15 -169.723 173.573 -144.497 -178.521 63.3921 16.1144 13.0579 5.1736 6.08105 0.129384 10.1857 -4.7688 -4.13612 4.54582 -42.7111 -0.30914 177.998 -175.324 -178.312 178.091 -133.344 167.461 1.05099 -1.46855 -0.0197114 179.734 168.251 -170.456 1.18795 -2.44931 1.15414 3.33707 -47.3663 4.43255 179.194 -178.698 -179.979 178.053 167.474 179.16 1.25948 -5.59381 1.14985
-163.809 94.6795 34.3676 1.34817 35.6825 -2.99299 178.623 155.193 -179.902 178.623 155.193 -179.902 178.623 155.193 -179.902 178.623 155.193 -179.902 8.87859 -32.4634 -0.666637 122.064 153.999 158.101 3.12136 -4.60294 -11.6504 177.801 -177.151 -169.73 173.577 -144.474 -178.52 63.4138 16.1018 13.0497 5.17739 6.05978 0.132275 10.1885 -4.76858 -4.13579 4.57961 -42.7206 -0.309215 178.004 -175.288 -178.324 178.075 -133.213 167.475 1.05099 -1.46867 -0.0197114 179.735 168.253 -170.432 1.188 -2.45151 1.15414 3.33575 -47.5142 4.45422 179.194 -178.701 -179.979 178.052 167.458 179.192 1.25949 -5.59453 1.14985
-163.798 94.6763 34.3473 1.40222 35.8054 -3.05732 178.602 155.182 -179.886 178.602 155.182 -179.886 178.602 155.182 -179.886 178.602 155.182 -179.886 8.97214 -32.5184 -0.667045 122.006 154.017 158.153 3.12983 -4.60454 -11.6525 177.816 -177.157 -169.739 173.587 -144.443 -178.52 63.435 16.0913 13.0306 5.19272 6.02581 0.134681 10.1918 -4.7668 -4.13472 4.62332 -42.7278 -0.318269 178.005 -175.253 -178.331 178.058 -133.084 167.481 1.05099 -1.46861 -0.0197114 179.734 168.256 -170.399 1.18812 -2.45775 1.15415 3.33411 -47.6616 4.47197 179.194 -178.705 -179.979 178.05 167.443 179.228 1.25954 -5.59688 1.14985
-163.787 94.6732 34.3276 1.45614 35.9263 -3.12153 178.582 155.172 -179.871 178.582 155.172 -179.871 178.582 155.172 -179.871 178.582 155.172 -179.871 9.05218 -32.5581 -0.667339 121.977 154.029 158.18 3.13319 -4.6061 -11.6535 177.824 -177.16 -169.746 173.593 -144.423 -178.52 63.4541 16.0827 13.0232 5.19778 6.00343 0.138083 10.1935 -4.76709 -4.13357 4.65442 -42.7368 -0.321389 178.012 -175.224 -178.339 178.042 -132.956 167.493 1.05099 -1.46874 -0.0197114 179.735 168.258 -170.373 1.18819 -2.46126 1.15415 3.33237 -47.8064 4.49232 179.194 -178.708 -179.979 178.05 167.427 179.261 1.25957 -5.59824 1.14986
-163.775 94.6701 34.3078 1.51084 36.046 -3.18654 178.562 155.163 -179.855 178.562 155.163 -179.855 178.562 155.163 -179.855 178.562 155.163 -179.855 9.14524 -32.6629 -0.668121 121.881 154.052 158.291 3.13988 -4.57816 -11.6634 177.939 -177.2 -169.792 173.607 -144.383 -178.519 63.4636 16.1124 13.0011 5.23842 5.91032 0.13282 10.1638 -4.75939 -4.12415 4.70446 -42.7426 -0.36631 178.01 -175.19 -178.303 178.026 -132.83 167.481 1.05099 -1.46849 -0.0197114 179.731 168.261 -170.322 1.18874 -2.48848 1.15418 3.33027 -47.9505 4.5005 179.194 -178.711 -179.979 178.047 167.413 179.307 1.25982 -5.61058 1.14988
-163.763 94.6671 34.2888 1.56418 36.1633 -3.24996 178.543 155.154 -179.84 178.543 155.154 -179.84 178.543 155.154 -179.84 178.543 155.154 -179.84 9.2217 -32.6932 -0.668348 121.858 154.064 158.308 3.14357 -4.58256 -11.6623 177.943 -177.2 -169.797 173.613 -144.37 -178.519 63.4802 16.1044 12.9989 5.23754 5.89452 0.138501 10.1652 -4.75913 -4.12295 4.73105 -42.7499 -0.366396 178.019 -175.166 -178.315 178.009 -132.707 167.497 1.05099 -1.46859 -0.0197114 179.733 168.265 -170.3 1.18877 -2.4899 1.15418 3.32806 -48.0912 4.52161 179.194 -178.714 -179.979 178.048 167.398 179.337 1.25983 -5.6112 1.14988
-163.751 94.6642 34.2699 1.61695 36.2786 -3.31259 178.524 155.145 -179.825 178.524 155.145 -179.825 178.524 155.145 -179.825 178.524 155.145 -179.825 9.30274 -32.7346 -0.668659 121.819 154.077 158.341 3.15011 -4.58567 -11.6608 177.949 -177.201 -169.801 173.623 -144.356 -178.518 63.4951 16.0957 12.9936 5.24083 5.87514 0.144377 10.1671 -4.75776 -4.12142 4.76156 -42.7553 -0.370968 178.025 -175.143 -178.329 177.993 -132.585 167.51 1.05099 -1.46856 -0.0197114 179.735 168.268 -170.277 1.18882 -2.49236 1.15418 3.32556 -48.2298 4.54019 179.194 -178.717 -179.979 178.049 167.384 179.369 1.25985 -5.61235 1.14988
-163.739 94.6614 34.2515 1.66915 36.3909 -3.37442 178.505 155.137 -179.809 178.505 155.137 -179.809 178.505 155.137 -179.809 178.505 155.137 -179.809 9.39336 -32.853 -0.669549 121.713 154.091 158.466 3.1633 -4.55617 -11.6692 178.037 -177.233 -169.834 173.639 -144.328 -178.518 63.5003 16.1141 12.9794 5.27583 5.79916 0.143226 10.1392 -4.7492 -4.11284 4.80738 -42.7595 -0.40464 178.023 -175.117 -178.316 177.976 -132.467 167.503 1.05099 -1.46829 -0.0197114 179.733 168.271 -170.234 1.18925 -2.51353 1.1542 3.32274 -48.365 4.54556 179.194 -178.72 -179.979 178.047 167.371 179.413 1.26008 -5.62356 1.14991
-163.727 94.6588 34.234 1.71876 36.4998 -3.43318 178.489 155.129 -179.795 178.489 155.129 -179.795 178.489 155.129 -179.795 178.489 155.129 -179.795 9.46495 -32.8854 -0.669794 121.688 154.104 158.485 3.16797 -4.5603 -11.6671 178.041 -177.233 -169.837 173.645 -144.318 -178.518 63.5137 16.1067 12.9782 5.27505 5.78506 0.149897 10.1405 -4.74859 -4.11116 4.83077 -42.7648 -0.407199 178.031 -175.099 -178.328 177.959 -132.352 167.517 1.05099 -1.46832 -0.0197114 179.735 168.275 -170.214 1.18927 -2.51476 1.1542 3.3198 -48.4956 4.56374 179.194 -178.723 -179.979 178.05 167.359 179.441 1.26009 -5.62418 1.14991
-163.714 94.6562 34.217 1.76673 36.6057 -3.48989 178.473 155.12 -179.781 178.473 155.12 -179.781 178.473 155.12 -179.781 178.473 155.12 -179.781 9.54022 -32.9303 -0.670134 121.646 154.116 158.522 3.17552 -4.56285 -11.6649 178.047 -177.235 -169.84 173.654 -144.306 -178.517 63.525 16.0985 12.9749 5.27805 5.76775 0.156875 10.1423 -4.74684 -4.1093 4.85742 -42.7686 -0.414086 178.037 -175.081 -178.343 177.943 -132.241 167.528 1.05099 -1.46822 -0.0197114 179.738 168.278 -170.194 1.18931 -2.51692 1.1542 3.31653 -48.6224 4.57894 179.194 -178.726 -179.979 178.052 167.347 179.47 1.26011 -5.62531 1.14991
-163.702 94.6538 34.2006 1.81313 36.7076 -3.54463 178.458 155.112 -179.767 178.458 155.112 -179.767 178.458 155.112 -179.767 178.458 155.112 -179.767 9.62371 -33.059 -0.671112 121.534 154.13 158.656 3.19045 -4.52895 -11.6741 178.134 -177.268 -169.87 173.668 -144.285 -178.517 63.5263 16.1124 12.9662 5.31072 5.699 0.157468 10.1107 -4.737 -4.10047 4.89746 -42.7717 -0.446331 178.036 -175.062 -178.335 177.927 -132.133 167.52 1.05099 -1.4679 -0.0197114 179.737 168.282 -170.156 1.1897 -2.53598 1.15422 3.31293 -48.7446 4.58075 179.194 -178.729 -179.979 178.053 167.337 179.51 1.26034 -5.63631 1.14993
-163.689 94.6515 34.1854 1.85604 36.8054 -3.59524 178.445 155.103 -179.755 178.445 155.103 -179.755 178.445 155.103 -179.755 178.445 155.103 -179.755 9.68793 -33.0923 -0.671366 121.508 154.143 158.676 3.196 -4.53332 -11.6718 178.137 -177.268 -169.873 173.671 -144.276 -178.517 63.5364 16.1051 12.9663 5.31008 5.68655 0.164627 10.1122 -4.73609 -4.09857 4.91657 -42.7756 -0.451097 178.044 -175.048 -178.347 177.911 -132.03 167.531 1.05099 -1.46785 -0.0197114 179.74 168.285 -170.14 1.18972 -2.53695 1.15422 3.30919 -48.8611 4.59496 179.194 -178.731 -179.979 178.057 167.327 179.533 1.26035 -5.63685 1.14993
-163.676 94.6493 34.1709 1.89656 36.8993 -3.64294 178.433 155.094 -179.742 178.433 155.094 -179.742 178.433 155.094 -179.742 178.433 155.094 -179.742 9.75481 -33.1381 -0.671716 121.465 154.156 158.712 3.20422 -4.53607 -11.6697 178.144 -177.27 -169.875 173.676 -144.266 -178.517 63.5444 16.0967 12.9649 5.31283 5.67123 0.17207 10.1139 -4.7341 -4.09662 4.93816 -42.7783 -0.459888 178.05 -175.034 -178.361 177.895 -131.931 167.538 1.05099 -1.46768 -0.0197114 179.743 168.288 -170.123 1.18975 -2.53868 1.15422 3.30509 -48.9729 4.60607 179.194 -178.733 -179.979 178.061 167.318 179.557 1.26037 -5.63784 1.14993
-163.664 94.6472 34.1571 1.93482 36.9885 -3.68791 178.422 155.084 -179.73 178.422 155.084 -179.73 178.422 155.084 -179.73 178.422 155.084 -179.73 9.82852 -33.2633 -0.672677 121.359 154.167 158.84 3.22155 -4.50587 -11.6789 178.201 -177.295 -169.891 173.685 -144.249 -178.516 63.5454 16.0982 12.9592 5.33875 5.62207 0.175484 10.0963 -4.72751 -4.09043 4.96971 -42.7807 -0.488363 178.05 -175.019 -178.361 177.879 -131.837 167.531 1.05099 -1.46733 -0.0197114 179.744 168.291 -170.094 1.19001 -2.55159 1.15423 3.30059 -49.079 4.60565 179.194 -178.735 -179.979 178.063 167.31 179.59 1.26052 -5.64561 1.14995
-163.652 94.6454 34.146 1.96651 37.0683 -3.7254 178.415 155.072 -179.72 178.415 155.072 -179.72 178.415 155.072 -179.72 178.415 155.072 -179.72 9.87229 -33.2889 -0.672875 121.357 154.178 158.839 3.22523 -4.51006 -11.6783 178.203 -177.294 -169.893 173.68 -144.238 -178.516 63.5515 16.0925 12.9652 5.33809 5.61513 0.181509 10.0974 -4.72768 -4.08851 4.97672 -42.7875 -0.492867 178.055 -175.008 -178.368 177.865 -131.754 167.539 1.05099 -1.46796 -0.0197114 179.748 168.295 -170.084 1.19002 -2.55189 1.15423 3.29702 -49.1723 4.61585 179.194 -178.737 -179.979 178.069 167.304 179.605 1.26053 -5.6458 1.14995
-163.638 94.6435 34.1326 2.00127 37.1535 -3.76597 178.406 155.063 -179.709 178.406 155.063 -179.709 178.406 155.063 -179.709 178.406 155.063 -179.709 9.94734 -33.3976 -0.673716 121.247 154.197 158.957 3.24159 -4.48831 -11.6836 178.255 -177.316 -169.909 173.688 -144.225 -178.516 63.5535 16.09 12.9578 5.35796 5.57012 0.186782 10.0801 -4.71905 -4.08305 5.00798 -42.7855 -0.517532 178.059 -174.996 -178.378 177.848 -131.663 167.532 1.05099 -1.46682 -0.0197113 179.75 168.297 -170.059 1.19022 -2.5618 1.15424 3.29089 -49.2737 4.61524 179.194 -178.739 -179.979 178.073 167.296 179.633 1.26065 -5.65212 1.14996
-163.627 94.642 34.1232 2.02695 37.2249 -3.79633 178.402 155.051 -179.701 178.402 155.051 -179.701 178.402 155.051 -179.701 178.402 155.051 -179.701 9.98582 -33.4225 -0.673908 121.244 154.208 158.956 3.24571 -4.49276 -11.6835 178.257 -177.315 -169.91 173.681 -144.215 -178.516 63.5574 16.0843 12.9642 5.35741 5.56365 0.192549 10.0812 -4.71898 -4.08118 5.01339 -42.7913 -0.522479 178.063 -174.987 -178.385 177.835 -131.589 167.537 1.05099 -1.46728 -0.0197114 179.754 168.301 -170.052 1.19022 -2.56202 1.15424 3.28682 -49.3563 4.62237 179.194 -178.74 -179.979 178.079 167.292 179.645 1.26066 -5.6523 1.14996
-163.612 94.6403 34.1118 2.05545 37.3001 -3.8296 178.397 155.041 -179.691 178.397 155.041 -179.691 178.397 155.041 -179.691 178.397 155.041 -179.691 10.0504 -33.5237 -0.674696 121.144 154.228 159.062 3.26095 -4.47346 -11.6893 178.307 -177.337 -169.926 173.682 -144.203 -178.515 63.5591 16.0795 12.9582 5.37629 5.52234 0.197531 10.0629 -4.71028 -4.07593 5.03726 -42.7896 -0.546329 178.067 -174.977 -178.396 177.818 -131.509 167.529 1.05099 -1.46621 -0.0197113 179.758 168.302 -170.032 1.19039 -2.57001 1.15425 3.27998 -49.445 4.62012 179.194 -178.742 -179.979 178.084 167.286 179.668 1.26077 -5.65777 1.14997
-163.601 94.639 34.104 2.07519 37.3629 -3.85302 178.395 155.028 -179.684 178.395 155.028 -179.684 178.395 155.028 -179.684 178.395 155.028 -179.684 10.0834 -33.5473 -0.674881 121.141 154.239 159.06 3.26545 -4.47812 -11.6899 178.309 -177.336 -169.927 173.673 -144.192 -178.515 63.5609 16.0739 12.9649 5.37579 5.5163 0.202916 10.064 -4.70996 -4.07418 5.0412 -42.7944 -0.551472 178.07 -174.97 -178.401 177.806 -131.443 167.532 1.05099 -1.46651 -0.0197113 179.763 168.305 -170.028 1.19039 -2.57017 1.15425 3.27543 -49.5169 4.62435 179.194 -178.743 -179.979 178.09 167.283 179.677 1.26077 -5.65793 1.14997
-163.587 94.6376 34.0947 2.09722 37.4286 -3.87884 178.393 155.018 -179.677 178.393 155.018 -179.677 178.393 155.018 -179.677 178.393 155.018 -179.677 10.1301 -33.5887 -0.675204 121.096 154.256 159.093 3.27529 -4.48324 -11.6889 178.317 -177.338 -169.93 173.666 -144.183 -178.515 63.5646 16.064 12.9633 5.37809 5.50133 0.209821 10.0647 -4.70657 -4.07241 5.05275 -42.7932 -0.564607 178.076 -174.962 -178.415 177.79 -131.373 167.53 1.05099 -1.46559 -0.0197113 179.769 168.307 -170.02 1.19041 -2.57125 1.15425 3.26804 -49.5934 4.62578 179.194 -178.745 -179.979 178.097 167.279 179.689 1.26079 -5.65883 1.14998
-163.574 94.6365 34.0874 2.11412 37.4859 -3.8989 178.393 155.005 -179.67 178.393 155.005 -179.67 178.393 155.005 -179.67 178.393 155.005 -179.67 10.1687 -33.6344 -0.675562 121.059 154.27 159.124 3.28462 -4.48543 -11.6903 178.325 -177.342 -169.932 173.657 -144.173 -178.515 63.566 16.0545 12.9643 5.38296 5.48696 0.215606 10.065 -4.70357 -4.07077 5.06051 -42.7947 -0.577345 178.08 -174.955 -178.426 177.776 -131.313 167.527 1.05099 -1.4652 -0.0197113 179.775 168.309 -170.014 1.19044 -2.57248 1.15425 3.26155 -49.6591 4.62532 179.194 -178.746 -179.979 178.104 167.277 179.698 1.26081 -5.65987 1.14998
-163.56 94.6354 34.0809 2.12877 37.5385 -3.91644 178.395 154.993 -179.664 178.395 154.993 -179.664 178.395 154.993 -179.664 178.395 154.993 -179.664 10.2062 -33.7433 -0.676419 120.973 154.296 159.231 3.29394 -4.45052 -11.7048 178.426 -177.383 -169.968 173.647 -144.158 -178.515 63.5624 16.0585 12.9636 5.41427 5.42779 0.214161 10.0075 -4.68746 -4.06017 5.07053 -42.7962 -0.60084 178.083 -174.947 -178.429 177.762 -131.258 167.513 1.05099 -1.46468 -0.0197113 179.779 168.311 -169.998 1.19063 -2.58212 1.15426 3.25464 -49.7191 4.61765 179.194 -178.747 -179.979 178.11 167.275 179.713 1.26098 -5.66845 1.14999
-163.549 94.6345 34.076 2.13786 37.585 -3.92773 178.398 154.979 -179.66 178.398 154.979 -179.66 178.398 154.979 -179.66 178.398 154.979 -179.66 10.228 -33.7628 -0.676573 120.972 154.306 159.226 3.29895 -4.45587 -11.7067 178.427 -177.382 -169.969 173.635 -144.148 -178.514 63.5603 16.0531 12.9705 5.4136 5.42288 0.218541 10.009 -4.68687 -4.05878 5.07186 -42.7994 -0.605871 178.085 -174.943 -178.433 177.751 -131.209 167.512 1.05099 -1.46466 -0.0197113 179.785 168.313 -169.998 1.19063 -2.58207 1.15426 3.2492 -49.7707 4.61711 179.194 -178.748 -179.979 178.116 167.274 179.716 1.26099 -5.66855 1.14999
-163.536 94.6337 34.0711 2.1469 37.63 -3.93898 178.402 154.966 -179.656 178.402 154.966 -179.656 178.402 154.966 -179.656 178.402 154.966 -179.656 10.2497 -33.7841 -0.67674 120.962 154.318 159.228 3.30485 -4.46232 -11.7083 178.428 -177.382 -169.971 173.622 -144.138 -178.514 63.5587 16.0464 12.9748 5.4135 5.41617 0.222798 10.0106 -4.68562 -4.05741 5.07323 -42.8006 -0.613506 178.087 -174.938 -178.44 177.738 -131.162 167.508 1.05099 -1.4642 -0.0197113 179.791 168.314 -169.998 1.19063 -2.58206 1.15426 3.24221 -49.8211 4.61549 179.194 -178.748 -179.979 178.124 167.273 179.719 1.26099 -5.66876 1.15
-163.522 94.6329 34.0668 2.15411 37.6711 -3.94826 178.407 154.954 -179.652 178.407 154.954 -179.652 178.407 154.954 -179.652 178.407 154.954 -179.652 10.2698 -33.8072 -0.676923 120.948 154.331 159.233 3.31136 -4.46909 -11.71 178.43 -177.382 -169.972 173.608 -144.13 -178.514 63.5568 16.0388 12.9781 5.41409 5.40824 0.226949 10.0124 -4.68388 -4.05619 5.07402 -42.8014 -0.622529 178.09 -174.934 -178.447 177.725 -131.119 167.504 1.05099 -1.46368 -0.0197113 179.799 168.315 -169.999 1.19063 -2.58208 1.15426 3.23482 -49.8669 4.61281 179.194 -178.749 -179.979 178.131 167.273 179.721 1.261 -5.66908 1.15
-163.507 94.6323 34.0626 2.16248 37.7089 -3.95904 178.412 154.941 -179.649 178.412 154.941 -179.649 178.412 154.941 -179.649 178.412 154.941 -179.649 10.2965 -33.8976 -0.67764 120.867 154.354 159.324 3.32283 -4.4538 -11.7217 178.484 -177.412 -169.991 173.591 -144.118 -178.514 63.557 16.0312 12.9729 5.44277 5.35525 0.226436 9.97764 -4.67115 -4.04949 5.07425 -42.8008 -0.645899 178.097 -174.928 -178.459 177.71 -131.079 167.494 1.05099 -1.46282 -0.0197113 179.807 168.316 -169.993 1.19069 -2.58507 1.15426 3.2251 -49.9098 4.6058 179.194 -178.75 -179.979 178.138 167.272 179.728 1.26114 -5.67597 1.15001
-163.495 94.6318 34.0601 2.16344 37.7406 -3.96151 178.419 154.928 -179.646 178.419 154.928 -179.646 178.419 154.928 -179.646 178.419 154.928 -179.646 10.308 -33.913 -0.677762 120.867 154.363 159.318 3.32781 -4.45888 -11.7247 178.485 -177.411 -169.992 173.577 -144.109 -178.514 63.5517 16.0264 12.9789 5.44177 5.35069 0.22939 9.97894 -4.67018 -4.04848 5.07403 -42.8026 -0.649915 178.098 -174.925 -178.462 177.7 -131.046 167.49 1.05099 -1.46254 -0.0197113 179.814 168.317 -169.997 1.19069 -2.58495 1.15426 3.21896 -49.9438 4.60196 179.194 -178.751 -179.979 178.145 167.273 179.727 1.26114 -5.67614 1.15001
-163.481 94.6313 34.0578 2.16502 37.7703 -3.96486 178.427 154.916 -179.645 178.427 154.916 -179.645 178.427 154.916 -179.645 178.427 154.916 -179.645 10.3172 -33.9289 -0.677889 120.862 154.374 159.316 3.33346 -4.46513 -11.7275 178.486 -177.411 -169.993 173.562 -144.101 -178.514 63.5468 16.0205 12.9829 5.44146 5.34466 0.232091 9.98039 -4.66868 -4.04748 5.07231 -42.8033 -0.65638 178.099 -174.923 -178.466 177.688 -131.015 167.485 1.05099 -1.46199 -0.0197113 179.822 168.318 -170 1.19068 -2.58479 1.15426 3.21112 -49.976 4.59757 179.194 -178.752 -179.979 178.152 167.273 179.726 1.26115 -5.67643 1.15001
-163.467 94.6309 34.056 2.16543 37.7964 -3.96711 178.435 154.903 -179.643 178.435 154.903 -179.643 178.435 154.903 -179.643 178.435 154.903 -179.643 10.3242 -33.9453 -0.678019 120.855 154.385 159.317 3.33923 -4.47176 -11.7305 178.487 -177.411 -169.995 173.546 -144.094 -178.513 63.5419 16.0139 12.986 5.44171 5.33754 0.234529 9.98185 -4.6669 -4.04659 5.06955 -42.8037 -0.663733 178.1 -174.92 -178.47 177.676 -130.987 167.479 1.05099 -1.46141 -0.0197113 179.83 168.318 -170.004 1.19068 -2.58459 1.15426 3.20288 -50.0042 4.59274 179.194 -178.753 -179.979 178.159 167.274 179.724 1.26115 -5.67683 1.15001
-163.453 94.6307 34.0547 2.16459 37.819 -3.96816 178.444 154.891 -179.642 178.444 154.891 -179.642 178.444 154.891 -179.642 178.444 154.891 -179.642 10.3286 -33.9615 -0.678148 120.847 154.395 159.318 3.34484 -4.4784 -11.7337 178.488 -177.413 -169.997 173.53 -144.087 -178.513 63.5367 16.0069 12.9884 5.44242 5.32964 0.236562 9.98322 -4.66497 -4.0458 5.06596 -42.804 -0.671179 178.101 -174.918 -178.474 177.665 -130.964 167.474 1.05099 -1.46083 -0.0197113 179.839 168.319 -170.008 1.19067 -2.58434 1.15426 3.19441 -50.0284 4.58758 179.194 -178.754 -179.979 178.167 167.275 179.721 1.26116 -5.67734 1.15001
-163.439 94.6305 34.0539 2.16261 37.8383 -3.96816 178.453 154.88 -179.642 178.453 154.88 -179.642 178.453 154.88 -179.642 178.453 154.88 -179.642 10.3304 -33.9773 -0.678275 120.839 154.406 159.32 3.35014 -4.48487 -11.7373 178.488 -177.415 -169.999 173.515 -144.081 -178.513 63.531 15.9999 12.9904 5.44348 5.32119 0.238124 9.98447 -4.66299 -4.04508 5.0616 -42.8041 -0.678298 178.102 -174.916 -178.478 177.653 -130.944 167.469 1.05099 -1.46024 -0.0197113 179.849 168.319 -170.014 1.19067 -2.58401 1.15426 3.18575 -50.0488 4.58223 179.194 -178.755 -179.979 178.174 167.276 179.718 1.26118 -5.67797 1.15001
-163.424 94.6304 34.0536 2.15962 37.8543 -3.96727 178.463 154.868 -179.641 178.463 154.868 -179.641 178.463 154.868 -179.641 178.463 154.868 -179.641 10.3295 -33.9923 -0.678395 120.832 154.415 159.323 3.35508 -4.49109 -11.7411 178.489 -177.417 -170.001 173.499 -144.076 -178.513 63.5247 15.9929 12.9921 5.4448 5.31232 0.239191 9.98555 -4.66104 -4.04439 5.05656 -42.8042 -0.684834 178.103 -174.915 -178.48 177.642 -130.927 167.464 1.05099 -1.45965 -0.0197113 179.858 168.32 -170.02 1.19066 -2.5836 1.15426 3.1769 -50.0656 4.57677 179.194 -178.756 -179.979 178.181 167.277 179.714 1.26119 -5.67871 1.15002
-163.41 94.6303 34.0537 2.15574 37.8671 -3.96563 178.474 154.857 -179.642 178.474 154.857 -179.642 178.474 154.857 -179.642 178.474 154.857 -179.642 10.3261 -34.0063 -0.678506 120.826 154.424 159.325 3.35965 -4.49699 -11.745 178.489 -177.42 -170.003 173.484 -144.071 -178.513 63.5178 15.9862 12.9934 5.44625 5.30315 0.239766 9.98646 -4.65916 -4.04372 5.05092 -42.8042 -0.690623 178.104 -174.913 -178.482 177.631 -130.914 167.46 1.05099 -1.45907 -0.0197113 179.868 168.32 -170.027 1.19065 -2.58308 1.15426 3.16784 -50.0789 4.57131 179.194 -178.757 -179.979 178.189 167.279 179.709 1.26121 -5.67956 1.15002
-163.395 94.6304 34.0543 2.15109 37.8768 -3.96339 178.484 154.847 -179.642 178.484 154.847 -179.642 178.484 154.847 -179.642 178.484 154.847 -179.642 10.3202 -34.0192 -0.678609 120.821 154.432 159.327 3.36385 -4.50253 -11.749 178.489 -177.424 -170.005 173.469 -144.067 -178.513 63.5102 15.9798 12.9944 5.44775 5.29373 0.239861 9.98718 -4.6574 -4.04304 5.04475 -42.8042 -0.695545 178.105 -174.912 -178.483 177.62 -130.904 167.456 1.05099 -1.45849 -0.0197113 179.879 168.32 -170.035 1.19064 -2.58245 1.15426 3.15859 -50.0887 4.56589 179.194 -178.759 -179.979 178.196 167.28 179.704 1.26123 -5.68052 1.15002
-163.38 94.6305 34.0553 2.14578 37.8835 -3.96066 178.495 154.837 -179.643 178.495 154.837 -179.643 178.495 154.837 -179.643 178.495 154.837 -179.643 10.312 -34.0308 -0.678702 120.817 154.44 159.329 3.36772 -4.50766 -11.753 178.489 -177.427 -170.007 173.455 -144.064 -178.513 63.5019 15.9738 12.9951 5.44919 5.28411 0.239496 9.98771 -4.65578 -4.04233 5.03815 -42.8041 -0.699515 178.106 -174.911 -178.484 177.609 -130.898 167.454 1.05099 -1.45792 -0.0197113 179.89 168.321 -170.044 1.19062 -2.5817 1.15426 3.14911 -50.0953 4.56058 179.194 -178.76 -179.979 178.204 167.282 179.698 1.26125 -5.68159 1.15002
-163.364 94.6307 34.0566 2.13991 37.8873 -3.95756 178.507 154.827 -179.644 178.507 154.827 -179.644 178.507 154.827 -179.644 178.507 154.827 -179.644 10.3017 -34.0412 -0.678785 120.813 154.446 159.331 3.3713 -4.51229 -11.7569 178.488 -177.431 -170.009 173.442 -144.061 -178.513 63.4929 15.9684 12.9955 5.45053 5.27432 0.238695 9.98805 -4.65434 -4.04161 5.0312 -42.8039 -0.702466 178.106 -174.911 -178.483 177.598 -130.894 167.452 1.05099 -1.45736 -0.0197113 179.901 168.321 -170.054 1.1906 -2.5808 1.15426 3.13941 -50.0988 4.55541 179.194 -178.762 -179.979 178.211 167.284 179.692 1.26127 -5.68277 1.15002
-163.349 94.631 34.0583 2.13358 37.8882 -3.9542 178.518 154.818 -179.646 178.518 154.818 -179.646 178.518 154.818 -179.646 178.518 154.818 -179.646 10.2894 -34.0503 -0.678858 120.811 154.451 159.333 3.37465 -4.51636 -11.7607 178.488 -177.436 -170.011 173.429 -144.059 -178.513 63.4832 15.9635 12.9956 5.4517 5.26439 0.237482 9.98823 -4.65311 -4.04085 5.02398 -42.8036 -0.704347 178.106 -174.91 -178.482 177.588 -130.894 167.451 1.05099 -1.45681 -0.0197113 179.912 168.321 -170.065 1.19058 -2.57976 1.15426 3.12946 -50.0992 4.55041 179.194 -178.763 -179.979 178.218 167.286 179.685 1.2613 -5.68407 1.15003
-163.331 94.6314 34.0607 2.12986 37.8853 -3.95427 178.53 154.808 -179.648 178.53 154.808 -179.648 178.53 154.808 -179.648 178.53 154.808 -179.648 10.2626 -34.0825 -0.679117 120.801 154.457 159.358 3.37179 -4.51983 -11.7698 178.531 -177.473 -170.034 173.408 -144.064 -178.513 63.4612 16.0004 13.0067 5.50135 5.15047 0.219612 9.89336 -4.63285 -4.02193 4.99753 -42.8044 -0.69549 178.113 -174.908 -178.496 177.573 -130.898 167.512 1.05099 -1.4569 -0.0197113 179.94 168.321 -170.14 1.19021 -2.56152 1.15424 3.11643 -50.096 4.56346 179.194 -178.765 -179.979 178.232 167.287 179.659 1.26178 -5.70767 1.15007
-163.316 94.6318 34.0627 2.11981 37.8813 -3.94702 178.542 154.8 -179.65 178.542 154.8 -179.65 178.542 154.8 -179.65 178.542 154.8 -179.65 10.2528 -34.085 -0.679135 120.8 154.459 159.357 3.37488 -4.52173 -11.7722 178.531 -177.473 -170.035 173.4 -144.063 -178.513 63.4498 15.9985 13.006 5.49752 5.14622 0.218239 9.89428 -4.63226 -4.02177 4.99646 -42.8034 -0.693836 178.112 -174.909 -178.494 177.565 -130.903 167.507 1.05099 -1.45621 -0.0197113 179.949 168.321 -170.147 1.19021 -2.56111 1.15424 3.10837 -50.0907 4.55641 179.194 -178.767 -179.979 178.237 167.289 179.653 1.26178 -5.70804 1.15007
-163.3 94.6323 34.0652 2.11226 37.874 -3.94295 178.554 154.793 -179.652 178.554 154.793 -179.652 178.554 154.793 -179.652 178.554 154.793 -179.652 10.2382 -34.0878 -0.679159 120.799 154.461 159.357 3.37875 -4.52333 -11.7744 178.53 -177.473 -170.037 173.392 -144.063 -178.513 63.4376 15.9964 13.0045 5.49421 5.14116 0.21674 9.8953 -4.63182 -4.0214 4.99226 -42.8028 -0.692391 178.11 -174.91 -178.49 177.555 -130.911 167.504 1.05099 -1.45563 -0.0197113 179.96 168.322 -170.156 1.19019 -2.56044 1.15424 3.09787 -50.0825 4.54979 179.194 -178.769 -179.979 178.244 167.291 179.647 1.26179 -5.70858 1.15007
-163.284 94.6328 34.0682 2.10489 37.8639 -3.93932 178.566 154.786 -179.655 178.566 154.786 -179.655 178.566 154.786 -179.655 178.566 154.786 -179.655 10.2213 -34.0905 -0.67918 120.798 154.462 159.357 3.38273 -4.52401 -11.7762 178.529 -177.474 -170.038 173.384 -144.064 -178.513 63.4252 15.9943 13.0023 5.4912 5.13539 0.214984 9.89632 -4.6317 -4.02095 4.98689 -42.8023 -0.690043 178.107 -174.911 -178.486 177.545 -130.922 167.503 1.05099 -1.45509 -0.0197112 179.972 168.322 -170.166 1.19017 -2.55952 1.15424 3.08677 -50.0715 4.5436 179.194 -178.771 -179.979 178.251 167.293 179.64 1.26181 -5.70926 1.15008
-163.267 94.6335 34.0714 2.09745 37.8512 -3.93581 178.578 154.779 -179.657 178.578 154.779 -179.657 178.578 154.779 -179.657 178.578 154.779 -179.657 10.2027 -34.093 -0.6792 120.798 154.461 159.359 3.38683 -4.52349 -11.7778 178.527 -177.475 -170.04 173.376 -144.065 -178.513 63.4128 15.9925 12.9994 5.48835 5.129 0.21289 9.89732 -4.63196 -4.02047 4.98096 -42.8018 -0.686618 178.105 -174.911 -178.481 177.534 -130.936 167.505 1.05099 -1.45456 -0.0197112 179.985 168.322 -170.179 1.19015 -2.55835 1.15424 3.07526 -50.0577 4.53779 179.194 -178.773 -179.979 178.258 167.295 179.633 1.26182 -5.71009 1.15008
-163.247 94.6342 34.0755 2.09347 37.8344 -3.93665 178.591 154.772 -179.661 178.591 154.772 -179.661 178.591 154.772 -179.661 178.591 154.772 -179.661 10.1703 -34.1138 -0.679368 120.801 154.444 159.37 3.40198 -4.51075 -11.7796 178.501 -177.478 -170.036 173.362 -144.069 -178.513 63.3936 16.0138 13.0006 5.50383 5.07676 0.204985 9.88876 -4.63231 -4.01488 4.95918 -42.8025 -0.672864 178.105 -174.909 -178.476 177.519 -130.956 167.576 1.05099 -1.45489 -0.0197112 0.0162109 11.6777 9.73673 1.18981 -2.5414 1.15422 3.06028 -50.0401 4.54763 179.194 -178.776 -179.979 178.271 167.296 179.611 1.26205 -5.72131 1.1501
-163.232 94.6349 34.0786 2.08254 37.818 -3.92926 178.603 154.767 -179.664 178.603 154.767 -179.664 178.603 154.767 -179.664 178.603 154.767 -179.664 10.1557 -34.112 -0.679353 120.798 154.442 159.374 3.4046 -4.50941 -11.7807 178.501 -177.477 -170.036 173.359 -144.072 -178.513 63.3819 16.0131 12.9958 5.49893 5.07193 0.201953 9.88932 -4.63324 -4.0149 4.9588 -42.8008 -0.668409 178.104 -174.912 -178.473 177.511 -130.973 167.574 1.05099 -1.45411 -0.0197112 0.026213 11.6778 9.72737 1.18979 -2.54059 1.15422 3.05073 -50.0222 4.54027 179.194 -178.778 -179.979 178.276 167.299 179.604 1.26206 -5.72185 1.1501
-163.214 94.6357 34.0824 2.07478 37.7978 -3.92576 178.615 154.763 -179.667 178.615 154.763 -179.667 178.615 154.763 -179.667 178.615 154.763 -179.667 10.1366 -34.1115 -0.679349 120.795 154.438 159.377 3.40883 -4.50605 -11.7812 178.5 -177.475 -170.037 173.355 -144.075 -178.513 63.3689 16.0127 12.9903 5.49441 5.06649 0.199051 9.89009 -4.63436 -4.01457 4.95547 -42.7999 -0.663062 178.101 -174.913 -178.467 177.5 -130.995 167.574 1.05099 -1.45354 -0.0197112 0.0390778 11.6777 9.71664 1.18977 -2.53945 1.15422 3.03837 -50.0009 4.53327 179.194 -178.781 -179.979 178.283 167.3 179.598 1.26208 -5.72255 1.1501
-163.194 94.6366 34.0874 2.07134 37.7732 -3.92761 178.627 154.757 -179.671 178.627 154.757 -179.671 178.627 154.757 -179.671 178.627 154.757 -179.671 10.1045 -34.1371 -0.679554 120.795 154.412 159.395 3.4364 -4.47055 -11.7817 178.438 -177.455 -170.014 173.345 -144.074 -178.513 63.3465 16.0491 12.985 5.50732 5.00651 0.191273 9.88269 -4.6361 -4.00853 4.93778 -42.8009 -0.646676 178.097 -174.912 -178.459 177.484 -131.023 167.654 1.05099 -1.454 -0.0197112 0.0722896 11.6773 9.62395 1.18931 -2.51684 1.1542 3.02204 -49.9755 4.53856 179.194 -178.784 -179.979 178.294 167.302 179.581 1.26232 -5.73469 1.15013
-163.178 94.6374 34.091 2.06056 37.7499 -3.92063 178.64 154.754 -179.675 178.64 154.754 -179.675 178.64 154.754 -179.675 178.64 154.754 -179.675 10.0879 -34.1325 -0.679517 120.79 154.407 159.401 3.43901 -4.46701 -11.7819 178.438 -177.454 -170.014 173.344 -144.079 -178.513 63.3352 16.0486 12.9776 5.5017 5.00258 0.187375 9.88324 -4.63792 -4.00866 4.93825 -42.7988 -0.640644 178.096 -174.915 -178.455 177.475 -131.047 167.65 1.05099 -1.45312 -0.0197112 0.0824438 11.6775 9.61616 1.1893 -2.51625 1.1542 3.01135 -49.9507 4.53054 179.194 -178.787 -179.979 178.298 167.304 179.574 1.26233 -5.73504 1.15013
-163.157 94.6384 34.0962 2.05732 37.7206 -3.92274 178.651 154.751 -179.679 178.651 154.751 -179.679 178.651 154.751 -179.679 178.651 154.751 -179.679 10.0594 -34.1373 -0.679556 120.793 154.393 159.406 3.44986 -4.4511 -11.7803 178.437 -177.45 -170.013 173.341 -144.081 -178.513 63.3208 16.0503 12.9679 5.49776 4.99451 0.185281 9.88506 -4.64037 -4.00768 4.92959 -42.7993 -0.630704 178.09 -174.915 -178.444 177.46 -131.08 167.662 1.05099 -1.45299 -0.0197112 0.101047 11.6773 9.59539 1.18925 -2.51353 1.1542 2.99445 -49.9207 4.52441 179.194 -178.79 -179.979 178.307 167.305 179.569 1.26235 -5.73618 1.15013
-163.138 94.6394 34.1011 2.05075 37.6907 -3.92094 178.663 154.748 -179.683 178.663 154.748 -179.683 178.663 154.748 -179.683 178.663 154.748 -179.683 10.0335 -34.1594 -0.679735 120.785 154.366 159.429 3.48316 -4.40072 -11.7809 178.369 -177.422 -169.984 173.337 -144.079 -178.513 63.3034 16.0798 12.9541 5.50184 4.95354 0.179002 9.89591 -4.64728 -4.0055 4.92012 -42.7989 -0.615068 178.087 -174.916 -178.436 177.447 -131.112 167.732 1.05099 -1.45305 -0.0197112 0.129729 11.6771 9.51289 1.18885 -2.49411 1.15418 2.97976 -49.8897 4.52373 179.194 -178.793 -179.979 178.315 167.306 179.557 1.2625 -5.74365 1.15015
-163.121 94.6404 34.1051 2.04044 37.6609 -3.91453 178.675 154.747 -179.687 178.675 154.747 -179.687 178.675 154.747 -179.687 178.675 154.747 -179.687 10.0151 -34.1523 -0.679677 120.78 154.358 159.437 3.48579 -4.39473 -11.7801 178.37 -177.42 -169.983 173.338 -144.085 -178.513 63.2928 16.0798 12.944 5.49574 4.94977 0.17431 9.8963 -4.64985 -4.00571 4.92145 -42.7965 -0.607756 178.085 -174.919 -178.431 177.437 -131.144 167.729 1.05099 -1.45207 -0.0197112 0.140141 11.6776 9.50555 1.18884 -2.4935 1.15418 2.96779 -49.8587 4.51525 179.194 -178.796 -179.979 178.318 167.308 179.551 1.26251 -5.74398 1.15015
-163.1 94.6415 34.111 2.03834 37.6245 -3.91801 178.686 154.745 -179.691 178.686 154.745 -179.691 178.686 154.745 -179.691 178.686 154.745 -179.691 9.98374 -34.1709 -0.679827 120.779 154.326 159.453 3.51821 -4.3443 -11.7776 178.338 -177.399 -169.968 173.336 -144.082 -178.513 63.2773 16.0969 12.9251 5.49491 4.92653 0.171429 9.90544 -4.65639 -4.00418 4.91034 -42.7973 -0.591897 178.08 -174.918 -178.418 177.42 -131.184 167.781 1.05099 -1.45231 -0.0197112 0.167802 11.6773 9.44378 1.1886 -2.48126 1.15417 2.94918 -49.8217 4.51075 179.194 -178.799 -179.979 178.327 167.308 179.545 1.26258 -5.74777 1.15015
-163.083 94.6425 34.1153 2.02846 37.5907 -3.91202 178.698 154.745 -179.695 178.698 154.745 -179.695 178.698 154.745 -179.695 178.698 154.745 -179.695 9.9642 -34.1624 -0.679759 120.775 154.317 159.462 3.52104 -4.33617 -11.7762 178.339 -177.397 -169.967 173.338 -144.09 -178.513 63.2671 16.0975 12.9133 5.48858 4.92255 0.166261 9.90589 -4.65931 -4.00444 4.91231 -42.7948 -0.583894 178.078 -174.921 -178.413 177.41 -131.219 167.779 1.05099 -1.45128 -0.0197112 0.178483 11.6779 9.4358 1.18858 -2.48044 1.15417 2.93632 -49.7867 4.502 179.194 -178.803 -179.979 178.33 167.309 179.54 1.26259 -5.74815 1.15015
-163.061 94.6436 34.1216 2.02703 37.55 -3.91619 178.708 154.744 -179.699 178.708 154.744 -179.699 178.708 154.744 -179.699 178.708 154.744 -179.699 9.93146 -34.1833 -0.679927 120.773 154.283 159.479 3.56597 -4.25968 -11.7748 178.254 -177.354 -169.925 173.337 -144.084 -178.513 63.2501 16.1277 12.8897 5.48854 4.88775 0.162759 9.92517 -4.66918 -4.00313 4.90151 -42.7956 -0.567403 178.072 -174.921 -178.401 177.393 -131.264 167.85 1.05099 -1.45168 -0.0197112 0.210219 11.6776 9.35484 1.18819 -2.46119 1.15415 2.91674 -49.7456 4.49667 179.194 -178.806 -179.979 178.338 167.31 179.535 1.2627 -5.75352 1.15017
-163.043 94.6447 34.1261 2.01769 37.5122 -3.91065 178.72 154.746 -179.704 178.72 154.746 -179.704 178.72 154.746 -179.704 178.72 154.746 -179.704 9.91085 -34.173 -0.679844 120.769 154.272 159.489 3.56869 -4.25067 -11.7727 178.256 -177.352 -169.923 173.341 -144.092 -178.513 63.2404 16.1285 12.8764 5.48199 4.8842 0.157195 9.92538 -4.67234 -4.00345 4.90404 -42.7931 -0.55899 178.07 -174.924 -178.395 177.382 -131.303 167.847 1.05099 -1.45056 -0.0197112 0.220751 11.6785 9.34819 1.18818 -2.46055 1.15415 2.90301 -49.7069 4.48754 179.194 -178.81 -179.979 178.342 167.31 179.53 1.26271 -5.75384 1.15017
-163.021 94.6459 34.1327 2.01707 37.4674 -3.91558 178.73 154.746 -179.708 178.73 154.746 -179.708 178.73 154.746 -179.708 178.73 154.746 -179.708 9.87703 -34.1894 -0.679975 120.771 154.235 159.501 3.61477 -4.17017 -11.7696 178.186 -177.311 -169.886 173.343 -144.086 -178.513 63.2247 16.1557 12.8487 5.48008 4.85535 0.154736 9.9427 -4.68203 -4.0024 4.89416 -42.794 -0.543039 178.064 -174.924 -178.382 177.364 -131.352 167.913 1.05099 -1.45093 -0.0197112 0.251644 11.6782 9.27239 1.18785 -2.4442 1.15414 2.88241 -49.6617 4.48041 179.194 -178.813 -179.979 178.349 167.311 179.527 1.26279 -5.75771 1.15017
-163.004 94.6469 34.1374 2.00828 37.4258 -3.91047 178.741 154.748 -179.712 178.741 154.748 -179.712 178.741 154.748 -179.712 178.741 154.748 -179.712 9.85533 -34.1776 -0.679881 120.767 154.223 159.511 3.61752 -4.15994 -11.7669 178.188 -177.308 -169.884 173.348 -144.095 -178.513 63.2153 16.157 12.8339 5.47341 4.85201 0.148775 9.94284 -4.68532 -4.00279 4.89723 -42.7914 -0.534385 178.062 -174.927 -178.377 177.352 -131.396 167.91 1.051 -1.44974 -0.0197112 0.262138 11.6793 9.26618 1.18784 -2.44359 1.15414 2.86783 -49.6194 4.47098 179.194 -178.817 -179.979 178.352 167.311 179.522 1.26279 -5.75802 1.15017
-162.981 94.6482 34.1443 2.00842 37.3769 -3.91607 178.751 154.75 -179.716 178.751 154.75 -179.716 178.751 154.75 -179.716 178.751 154.75 -179.716 9.82011 -34.1895 -0.679976 120.774 154.183 159.518 3.66665 -4.07207 -11.7626 178.117 -177.264 -169.844 173.351 -144.088 -178.513 63.1996 16.1852 12.803 5.47062 4.82476 0.146865 9.96068 -4.69537 -4.00191 4.888 -42.7923 -0.519366 178.056 -174.927 -178.365 177.333 -131.449 167.979 1.051 -1.4501 -0.0197112 0.293447 11.679 9.18884 1.18752 -2.42792 1.15412 2.84632 -49.5703 4.46295 179.194 -178.821 -179.979 178.359 167.31 179.52 1.26286 -5.76131 1.15018
-162.963 94.6493 34.1492 2.0002 37.3317 -3.91137 178.761 154.754 -179.721 178.761 154.754 -179.721 178.761 154.754 -179.721 178.761 154.754 -179.721 9.79732 -34.1764 -0.679871 120.771 154.17 159.528 3.66942 -4.06086 -11.7592 178.119 -177.262 -169.842 173.358 -144.099 -178.513 63.1904 16.1869 12.787 5.46389 4.82165 0.140548 9.96077 -4.69869 -4.00239 4.89154 -42.7897 -0.510687 178.054 -174.93 -178.36 177.322 -131.496 167.976 1.051 -1.44884 -0.0197112 0.303868 11.6803 9.18303 1.18751 -2.42734 1.15412 2.83095 -49.5244 4.45324 179.194 -178.825 -179.979 178.361 167.31 179.516 1.26286 -5.76161 1.15018
-162.941 94.6506 34.1564 2.00106 37.2788 -3.91757 178.771 154.756 -179.725 178.771 154.756 -179.725 178.771 154.756 -179.725 178.771 154.756 -179.725 9.76054 -34.1824 -0.67992 120.783 154.13 159.528 3.72026 -3.96753 -11.7539 178.047 -177.215 -169.799 173.363 -144.092 -178.513 63.1739 16.2161 12.7542 5.46055 4.79558 0.13905 9.97887 -4.70886 -4.00166 4.88288 -42.7907 -0.497083 178.048 -174.929 -178.348 177.302 -131.554 168.047 1.051 -1.44922 -0.0197112 0.335569 11.6801 9.10397 1.18721 -2.41274 1.15411 2.80861 -49.4715 4.44499 179.194 -178.828 -179.979 178.368 167.31 179.514 1.26292 -5.76444 1.15019
-162.923 94.6517 34.1615 1.99343 37.23 -3.91327 178.781 154.761 -179.729 178.781 154.761 -179.729 178.781 154.761 -179.729 178.781 154.761 -179.729 9.73664 -34.1682 -0.679805 120.781 154.117 159.537 3.72306 -3.95564 -11.7498 178.049 -177.212 -169.796 173.371 -144.104 -178.514 63.1647 16.2183 12.7373 5.45382 4.79272 0.132387 9.97894 -4.71213 -4.00226 4.88679 -42.7881 -0.488581 178.047 -174.932 -178.344 177.29 -131.605 168.044 1.051 -1.44789 -0.0197112 0.345898 11.6816 9.09858 1.1872 -2.41221 1.15411 2.79253 -49.4221 4.43507 179.194 -178.832 -179.979 178.37 167.309 179.51 1.26293 -5.76474 1.15019
-162.9 94.653 34.169 1.99495 37.1732 -3.92 178.79 154.764 -179.733 178.79 154.764 -179.733 178.79 154.764 -179.733 178.79 154.764 -179.733 9.69821 -34.1672 -0.679797 120.799 154.078 159.529 3.77412 -3.85948 -11.7432 177.976 -177.164 -169.751 173.379 -144.098 -178.513 63.1467 16.2483 12.7041 5.45023 4.76795 0.131145 9.99696 -4.72219 -4.00164 4.87868 -42.7892 -0.476751 178.041 -174.93 -178.333 177.27 -131.666 168.118 1.051 -1.44828 -0.0197112 0.377964 11.6815 9.01775 1.18694 -2.39926 1.1541 2.76949 -49.3654 4.42731 179.194 -178.836 -179.979 178.377 167.308 179.508 1.26298 -5.76714 1.15019
-162.883 94.6542 34.1743 1.98789 37.1208 -3.91612 178.799 154.77 -179.737 178.799 154.77 -179.737 178.799 154.77 -179.737 178.799 154.77 -179.737 9.67319 -34.1521 -0.679675 120.799 154.064 159.538 3.77694 -3.84723 -11.7385 177.978 -177.161 -169.748 173.389 -144.111 -178.514 63.1372 16.2509 12.6866 5.44356 4.76539 0.124131 9.99702 -4.72531 -4.0024 4.88285 -42.7867 -0.468606 178.04 -174.933 -178.329 177.258 -131.721 168.115 1.051 -1.44689 -0.0197112 0.388207 11.6831 9.01278 1.18693 -2.3988 1.1541 2.75281 -49.3126 4.41724 179.194 -178.84 -179.979 178.379 167.307 179.504 1.26298 -5.76744 1.15019
-162.86 94.6556 34.1822 1.99003 37.0603 -3.92335 178.808 154.774 -179.741 178.808 154.774 -179.741 178.808 154.774 -179.741 178.808 154.774 -179.741 9.63305 -34.1432 -0.679604 120.824 154.027 159.52 3.8268 -3.75096 -11.7306 177.907 -177.113 -169.702 173.4 -144.107 -178.514 63.1169 16.2812 12.6548 5.44008 4.74206 0.122929 10.0148 -4.7351 -4.0019 4.8753 -42.7878 -0.458778 178.034 -174.931 -178.32 177.238 -131.786 168.191 1.051 -1.4473 -0.0197112 0.420671 11.683 8.92999 1.18672 -2.38803 1.15409 2.72922 -49.252 4.41063 179.194 -178.844 -179.979 178.386 167.306 179.5 1.26302 -5.7695 1.1502
-162.843 94.6568 34.1877 1.98355 37.0043 -3.91993 178.816 154.781 -179.745 178.816 154.781 -179.745 178.816 154.781 -179.745 178.816 154.781 -179.745 9.60694 -34.1274 -0.679476 120.824 154.013 159.528 3.82966 -3.73866 -11.7253 177.909 -177.11 -169.698 173.411 -144.121 -178.514 63.1069 16.2842 12.6369 5.43351 4.73981 0.11554 10.0148 -4.73801 -4.00284 4.87963 -42.7854 -0.451138 178.034 -174.934 -178.316 177.225 -131.845 168.188 1.051 -1.44584 -0.0197112 0.430859 11.6848 8.92544 1.18671 -2.38766 1.15409 2.71207 -49.1956 4.40051 179.194 -178.848 -179.979 178.388 167.305 179.496 1.26303 -5.7698 1.1502
-162.821 94.6582 34.1959 1.98626 36.9399 -3.92766 178.824 154.785 -179.747 178.824 154.785 -179.747 178.824 154.785 -179.747 178.824 154.785 -179.747 9.56512 -34.1102 -0.679338 120.856 153.979 159.5 3.87704 -3.64484 -11.716 177.84 -177.063 -169.653 173.425 -144.121 -178.514 63.0833 16.3142 12.6081 5.43057 4.71797 0.114101 10.0322 -4.7474 -4.00246 4.87268 -42.7865 -0.443408 178.029 -174.932 -178.308 177.205 -131.914 168.268 1.051 -1.44628 -0.0197112 0.463802 11.6847 8.8404 1.18654 -2.37951 1.15408 2.68809 -49.1313 4.39559 179.194 -178.851 -179.979 178.395 167.304 179.491 1.26307 -5.77161 1.1502
-162.804 94.6594 34.2017 1.98037 36.8804 -3.92474 178.832 154.793 -179.751 178.832 154.793 -179.751 178.832 154.793 -179.751 178.832 154.793 -179.751 9.53792 -34.0938 -0.679207 120.858 153.965 159.507 3.87995 -3.63277 -11.7101 177.843 -177.061 -169.649 173.437 -144.136 -178.514 63.0727 16.3176 12.5902 5.42413 4.71605 0.106298 10.0322 -4.75006 -4.00363 4.87706 -42.7841 -0.436388 178.028 -174.934 -178.305 177.192 -131.976 168.266 1.051 -1.44477 -0.0197112 0.473989 11.6867 8.83628 1.18654 -2.37924 1.15408 2.67062 -49.0714 4.38553 179.194 -178.855 -179.979 178.397 167.303 179.487 1.26307 -5.77191 1.1502
-162.782 94.6609 34.2103 1.98362 36.8123 -3.93301 178.839 154.798 -179.753 178.839 154.798 -179.753 178.839 154.798 -179.753 178.839 154.798 -179.753 9.49451 -34.0681 -0.679 120.896 153.935 159.469 3.9238 -3.54367 -11.6995 177.778 -177.016 -169.605 173.454 -144.14 -178.514 63.0451 16.3469 12.5661 5.42218 4.69566 0.104293 10.0492 -4.75902 -4.00334 4.87078 -42.7853 -0.430737 178.024 -174.931 -178.299 177.172 -132.05 168.349 1.051 -1.44525 -0.0197112 0.507521 11.6865 8.7487 1.18643 -2.374 1.15408 2.64644 -49.0032 4.38258 179.194 -178.859 -179.979 178.404 167.301 179.48 1.26311 -5.7736 1.15021
-162.763 94.6623 34.2176 1.98247 36.7458 -3.93579 178.846 154.805 -179.756 178.846 154.805 -179.756 178.846 154.805 -179.756 178.846 154.805 -179.756 9.45944 -34.0514 -0.678867 120.913 153.915 159.462 3.93115 -3.5209 -11.6908 177.781 -177.01 -169.597 173.471 -144.154 -178.515 63.0276 16.3528 12.5487 5.41675 4.69356 0.0985353 10.0501 -4.76174 -4.00401 4.8721 -42.7847 -0.425134 178.022 -174.931 -178.295 177.157 -132.121 168.358 1.051 -1.44442 -0.0197112 0.522452 11.6878 8.73649 1.18642 -2.37361 1.15408 2.62567 -48.9364 4.37389 179.194 -178.863 -179.979 178.409 167.3 179.476 1.26311 -5.774 1.15021
-162.744 94.6637 34.2252 1.98212 36.6775 -3.93958 178.853 154.813 -179.759 178.853 154.813 -179.759 178.853 154.813 -179.759 178.853 154.813 -179.759 9.42143 -34.0172 -0.678594 120.945 153.895 159.428 3.96643 -3.44929 -11.6812 177.718 -176.971 -169.557 173.49 -144.166 -178.515 63.0012 16.3788 12.5305 5.41543 4.67474 0.0930767 10.0658 -4.76996 -4.00457 4.86954 -42.7841 -0.420732 178.02 -174.931 -178.292 177.14 -132.193 168.435 1.051 -1.44422 -0.0197112 0.552132 11.6883 8.65409 1.18639 -2.37165 1.15408 2.60463 -48.8677 4.37179 179.194 -178.866 -179.979 178.414 167.298 179.467 1.26315 -5.77562 1.15021
-162.725 94.6651 34.2328 1.98153 36.6074 -3.94306 178.859 154.82 -179.761 178.859 154.82 -179.761 178.859 154.82 -179.761 178.859 154.82 -179.761 9.38525 -33.9996 -0.678452 120.964 153.877 159.418 3.97303 -3.42808 -11.672 177.722 -176.966 -169.549 173.509 -144.181 -178.515 62.9817 16.385 12.5148 5.41058 4.67322 0.0866776 10.0668 -4.77229 -4.00551 4.87098 -42.7835 -0.416205 178.018 -174.931 -178.289 177.125 -132.268 168.445 1.051 -1.44338 -0.0197111 0.567231 11.6898 8.64214 1.18638 -2.37156 1.15408 2.58391 -48.7972 4.36362 179.194 -178.87 -179.979 178.418 167.297 179.463 1.26315 -5.77603 1.15021
-162.707 94.6666 34.2408 1.98176 36.5355 -3.94761 178.865 154.828 -179.762 178.865 154.828 -179.762 178.865 154.828 -179.762 178.865 154.828 -179.762 9.34608 -33.9584 -0.678124 121.002 153.861 159.376 4.00412 -3.3639 -11.6613 177.663 -176.93 -169.512 173.531 -144.198 -178.515 62.9512 16.4093 12.5029 5.41076 4.65539 0.0800528 10.0821 -4.7802 -4.00612 4.86893 -42.7827 -0.413237 178.017 -174.93 -178.286 177.108 -132.344 168.525 1.051 -1.44318 -0.0197111 0.597603 11.6903 8.55762 1.1864 -2.37247 1.15408 2.563 -48.7249 4.36299 179.194 -178.874 -179.979 178.423 167.295 179.452 1.26319 -5.77778 1.15021
-162.689 94.6681 34.2486 1.98175 36.4618 -3.95189 178.871 154.837 -179.764 178.871 154.837 -179.764 178.871 154.837 -179.764 178.871 154.837 -179.764 9.30891 -33.9399 -0.677976 121.022 153.844 159.364 4.00995 -3.3445 -11.6517 177.667 -176.926 -169.504 173.553 -144.215 -178.516 62.9294 16.4157 12.4892 5.40658 4.65439 0.0728726 10.0832 -4.78216 -4.00736 4.87041 -42.782 -0.409757 178.016 -174.93 -178.284 177.094 -132.422 168.537 1.051 -1.44234 -0.0197111 0.612981 11.6917 8.54581 1.18641 -2.37267 1.15408 2.5425 -48.6508 4.35538 179.194 -178.877 -179.979 178.427 167.294 179.449 1.2632 -5.77822 1.15022
-162.671 94.6696 34.2569 1.98257 36.3865 -3.95732 178.876 154.845 -179.765 178.876 154.845 -179.765 178.876 154.845 -179.765 178.876 154.845 -179.765 9.26874 -33.8924 -0.677598 121.065 153.832 159.314 4.03662 -3.28843 -11.64 177.612 -176.892 -169.468 173.578 -144.238 -178.516 62.8945 16.4381 12.4843 5.40859 4.63721 0.0647939 10.098 -4.78984 -4.00799 4.86879 -42.781 -0.408034 178.015 -174.93 -178.283 177.078 -132.502 168.621 1.051 -1.44215 -0.0197111 0.644182 11.6922 8.45893 1.18648 -2.37629 1.15408 2.5219 -48.5748 4.35576 179.194 -178.88 -179.979 178.433 167.292 179.438 1.26324 -5.78025 1.15022
-162.654 94.6711 34.2651 1.98314 36.3093 -3.96253 178.881 154.854 -179.766 178.881 154.854 -179.766 178.881 154.854 -179.766 178.881 154.854 -179.766 9.2307 -33.8731 -0.677445 121.087 153.816 159.301 4.04161 -3.27103 -11.6302 177.615 -176.889 -169.46 173.603 -144.256 -178.516 62.8704 16.4445 12.4729 5.40515 4.6367 0.0567012 10.0992 -4.79144 -4.00952 4.87017 -42.7801 -0.405556 178.014 -174.93 -178.282 177.064 -132.584 168.634 1.051 -1.4413 -0.0197111 0.65991 11.6937 8.44731 1.18649 -2.37675 1.15408 2.50177 -48.4971 4.34868 179.194 -178.883 -179.979 178.437 167.29 179.434 1.26325 -5.78073 1.15022
-162.637 94.6727 34.2736 1.9846 36.2306 -3.96903 178.885 154.863 -179.767 178.885 154.863 -179.767 178.885 154.863 -179.767 178.885 154.863 -179.767 9.18977 -33.8232 -0.67705 121.135 153.804 159.247 4.06046 -3.23087 -11.6164 177.588 -176.868 -169.438 173.632 -144.284 -178.517 62.832 16.4605 12.4745 5.40871 4.62494 0.0473644 10.1084 -4.79765 -4.00991 4.86893 -42.7789 -0.405163 178.014 -174.931 -178.281 177.049 -132.668 168.71 1.051 -1.44102 -0.0197111 0.689518 11.6942 8.37059 1.18658 -2.38132 1.15408 2.4816 -48.4175 4.34858 179.194 -178.886 -179.979 178.441 167.288 179.425 1.26329 -5.7826 1.15022
-162.62 94.6743 34.2822 1.98599 36.1501 -3.9756 178.889 154.872 -179.767 178.889 154.872 -179.767 178.889 154.872 -179.767 178.889 154.872 -179.767 9.14965 -33.7842 -0.676741 121.172 153.794 159.209 4.07244 -3.20099 -11.6052 177.561 -176.851 -169.416 173.661 -144.311 -178.517 62.7972 16.4742 12.4744 5.41038 4.61527 0.0372387 10.1167 -4.80219 -4.01104 4.86888 -42.7776 -0.404189 178.013 -174.932 -178.281 177.035 -132.754 168.767 1.051 -1.44054 -0.0197111 0.714759 11.6951 8.31528 1.18667 -2.38571 1.15409 2.46188 -48.3362 4.34572 179.194 -178.889 -179.979 178.446 167.286 179.418 1.26332 -5.78432 1.15023
-162.604 94.6759 34.2908 1.98738 36.0678 -3.98236 178.892 154.882 -179.767 178.892 154.882 -179.767 178.892 154.882 -179.767 178.892 154.882 -179.767 9.1105 -33.7635 -0.676577 121.197 153.782 159.193 4.07635 -3.18613 -11.5957 177.561 -176.848 -169.407 173.689 -144.331 -178.518 62.7694 16.481 12.4672 5.40816 4.61492 0.0275869 10.1184 -4.80336 -4.01302 4.86987 -42.7761 -0.403023 178.012 -174.933 -178.281 177.022 -132.841 168.784 1.051 -1.43968 -0.0197111 0.731556 11.6966 8.30185 1.18669 -2.38672 1.15409 2.44254 -48.2531 4.33943 179.194 -178.892 -179.979 178.449 167.285 179.416 1.26333 -5.78494 1.15023
-162.587 94.6776 34.2997 1.9896 35.9841 -3.9904 178.895 154.892 -179.766 178.895 154.892 -179.766 178.895 154.892 -179.766 178.895 154.892 -179.766 9.06835 -33.7025 -0.676097 121.251 153.778 159.128 4.09369 -3.14788 -11.5828 177.493 -176.815 -169.367 173.723 -144.37 -178.519 62.7224 16.4998 12.4827 5.41594 4.59642 0.0146912 10.1353 -4.81154 -4.01363 4.86835 -42.7742 -0.403171 178.013 -174.935 -178.283 177.008 -132.93 168.881 1.051 -1.43953 -0.0197111 0.765835 11.6968 8.20563 1.18689 -2.39689 1.1541 2.42333 -48.1684 4.33924 179.194 -178.895 -179.979 178.454 167.283 179.408 1.2634 -5.7884 1.15024
-162.571 94.6792 34.3085 1.99149 35.8985 -3.99826 178.898 154.902 -179.766 178.898 154.902 -179.766 178.898 154.902 -179.766 178.898 154.902 -179.766 9.02871 -33.6823 -0.675938 121.276 153.767 159.112 4.09615 -3.13576 -11.5734 177.495 -176.813 -169.359 173.753 -144.391 -178.519 62.6925 16.5063 12.4779 5.41455 4.59709 0.00390553 10.1367 -4.81238 -4.01586 4.86864 -42.7723 -0.403015 178.012 -174.937 -178.283 176.996 -133.021 168.898 1.051 -1.43863 -0.0197111 0.782635 11.6984 8.19487 1.18691 -2.39789 1.1541 2.40462 -48.0818 4.33302 179.194 -178.897 -179.979 178.457 167.281 179.407 1.26342 -5.789 1.15024
-162.556 94.6809 34.3178 1.99425 35.8114 -4.0075 178.9 154.913 -179.765 178.9 154.913 -179.765 178.9 154.913 -179.765 178.9 154.913 -179.765 8.98604 -33.6234 -0.675476 121.332 153.762 159.048 4.10409 -3.11435 -11.5589 177.468 -176.795 -169.338 173.79 -144.434 -178.52 62.6429 16.5171 12.499 5.42368 4.58614 -0.0102441 10.1454 -4.81856 -4.016 4.86685 -42.77 -0.404112 178.013 -174.941 -178.285 176.983 -133.114 168.981 1.051 -1.43832 -0.0197111 0.814008 11.6987 8.1158 1.18708 -2.40612 1.15411 2.38606 -47.9936 4.33026 179.194 -178.899 -179.979 178.461 167.279 179.403 1.26347 -5.79178 1.15024
-162.54 94.6827 34.3269 1.99683 35.7227 -4.0168 178.902 154.924 -179.764 178.902 154.924 -179.764 178.902 154.924 -179.764 178.902 154.924 -179.764 8.94447 -33.5797 -0.675133 121.374 153.756 159.004 4.1087 -3.09903 -11.5474 177.442 -176.782 -169.317 173.826 -144.47 -178.52 62.5999 16.5271 12.5127 5.42924 4.57793 -0.0242452 10.1528 -4.82251 -4.01726 4.86535 -42.7674 -0.404661 178.014 -174.945 -178.287 176.971 -133.208 169.042 1.051 -1.43779 -0.0197111 0.840675 11.6995 8.06 1.18722 -2.41317 1.15411 2.36799 -47.9036 4.32528 179.194 -178.902 -179.979 178.464 167.277 179.402 1.26352 -5.79425 1.15025
-162.525 94.6844 34.3363 1.99965 35.6323 -4.02669 178.903 154.935 -179.762 178.903 154.935 -179.762 178.903 154.935 -179.762 178.903 154.935 -179.762 8.90245 -33.5461 -0.674871 121.413 153.748 158.97 4.10904 -3.0879 -11.5365 177.434 -176.776 -169.305 173.863 -144.501 -178.521 62.5583 16.5344 12.5226 5.434 4.57615 -0.0379055 10.1565 -4.82502 -4.01877 4.86373 -42.7646 -0.405945 178.014 -174.949 -178.288 176.96 -133.304 169.083 1.051 -1.43706 -0.0197111 0.86304 11.7006 8.02682 1.1873 -2.41693 1.15411 2.35019 -47.8118 4.31926 179.194 -178.903 -179.979 178.468 167.276 179.403 1.26355 -5.7957 1.15025
-162.51 94.6862 34.3456 2.00251 35.5405 -4.03697 178.905 154.946 -179.761 178.905 154.946 -179.761 178.905 154.946 -179.761 178.905 154.946 -179.761 8.86064 -33.4943 -0.674467 121.461 153.745 158.918 4.11225 -3.07818 -11.5244 177.401 -176.761 -169.283 173.9 -144.545 -178.522 62.5105 16.5424 12.5465 5.44188 4.5665 -0.0541651 10.1649 -4.82961 -4.01975 4.86064 -42.7613 -0.406533 178.015 -174.955 -178.292 176.949 -133.402 169.156 1.051 -1.43655 -0.0197111 0.892263 11.7012 7.96109 1.18749 -2.42622 1.15412 2.33287 -47.7186 4.31254 179.194 -178.905 -179.979 178.471 167.274 179.405 1.26362 -5.79891 1.15026
-162.496 94.688 34.3551 2.00551 35.4471 -4.04772 178.905 154.958 -179.759 178.905 154.958 -179.759 178.905 154.958 -179.759 178.905 154.958 -179.759 8.81845 -33.4503 -0.674124 121.506 153.741 158.874 4.11237 -3.07092 -11.5132 177.374 -176.749 -169.262 173.938 -144.585 -178.523 62.4635 16.5498 12.5678 5.4494 4.56011 -0.0703337 10.172 -4.83328 -4.02103 4.85705 -42.7577 -0.407545 178.016 -174.961 -178.295 176.939 -133.501 169.217 1.051 -1.43593 -0.0197111 0.919054 11.7019 7.90849 1.18765 -2.43419 1.15413 2.31586 -47.6237 4.30481 179.194 -178.907 -179.979 178.474 167.273 179.409 1.26367 -5.80174 1.15026
-162.482 94.6898 34.3647 2.00863 35.3519 -4.05896 178.906 154.97 -179.757 178.906 154.97 -179.757 178.906 154.97 -179.757 178.906 154.97 -179.757 8.77586 -33.4164 -0.673861 121.545 153.734 158.84 4.10895 -3.06532 -11.503 177.365 -176.744 -169.25 173.978 -144.62 -178.523 62.4182 16.5558 12.5841 5.456 4.55967 -0.0860884 10.1755 -4.83552 -4.02257 4.85305 -42.7538 -0.409648 178.017 -174.968 -178.297 176.929 -133.602 169.259 1.051 -1.43513 -0.0197111 0.941866 11.703 7.87668 1.18773 -2.43842 1.15413 2.29911 -47.5269 4.29687 179.194 -178.908 -179.979 178.476 167.271 179.414 1.26371 -5.80337 1.15027
-162.467 94.6916 34.3743 2.01165 35.2551 -4.07039 178.906 154.983 -179.755 178.906 154.983 -179.755 178.906 154.983 -179.755 178.906 154.983 -179.755 8.73115 -33.3862 -0.673627 121.578 153.741 158.813 4.09554 -3.06499 -11.4936 177.353 -176.746 -169.241 174.011 -144.656 -178.524 62.3748 16.5769 12.6017 5.44553 4.56163 -0.0984368 10.1728 -4.83553 -4.02566 4.84258 -42.7495 -0.408914 178.025 -174.976 -178.298 176.92 -133.705 169.294 1.051 -1.43424 -0.0197111 0.963296 11.7042 7.85243 1.18779 -2.44128 1.15414 2.28267 -47.4282 4.28808 179.194 -178.909 -179.979 178.479 167.27 179.419 1.26374 -5.80503 1.15027
-162.454 94.6934 34.384 2.01475 35.1576 -4.08226 178.907 154.996 -179.753 178.907 154.996 -179.753 178.907 154.996 -179.753 178.907 154.996 -179.753 8.69084 -33.3173 -0.673094 121.642 153.726 158.741 4.10381 -3.0654 -11.4801 177.289 -176.714 -169.201 174.057 -144.716 -178.525 62.3152 16.5666 12.6468 5.47516 4.54526 -0.122668 10.1918 -4.84343 -4.02472 4.84053 -42.7445 -0.410458 178.019 -174.986 -178.307 176.91 -133.808 169.4 1.051 -1.43386 -0.0197111 0.999909 11.704 7.75476 1.18816 -2.45965 1.15415 2.26685 -47.3289 4.27482 179.194 -178.91 -179.979 178.481 167.269 179.43 1.26386 -5.81088 1.15028
-162.44 94.6953 34.3939 2.01787 35.0579 -4.09446 178.907 155.009 -179.751 178.907 155.009 -179.751 178.907 155.009 -179.751 178.907 155.009 -179.751 8.64783 -33.2854 -0.672848 121.681 153.72 158.71 4.09591 -3.06439 -11.4708 177.285 -176.71 -169.191 174.098 -144.752 -178.526 62.2677 16.571 12.6674 5.48329 4.5474 -0.140128 10.1945 -4.84536 -4.02616 4.83343 -42.7395 -0.413504 178.02 -174.996 -178.308 176.902 -133.914 169.438 1.051 -1.43294 -0.0197111 1.02219 11.705 7.72832 1.18824 -2.4634 1.15415 2.25103 -47.2272 4.26493 179.194 -178.911 -179.979 178.484 167.268 179.438 1.26389 -5.81234 1.15029
-162.426 94.6972 34.4037 2.02083 34.9571 -4.10677 178.907 155.023 -179.749 178.907 155.023 -179.749 178.907 155.023 -179.749 178.907 155.023 -179.749 8.605 -33.2342 -0.672454 121.732 153.716 158.659 4.0875 -3.07291 -11.4589 177.261 -176.701 -169.173 174.139 -144.806 -178.527 62.2136 16.5716 12.7066 5.4942 4.54337 -0.159879 10.2006 -4.84886 -4.02689 4.8244 -42.7338 -0.413558 178.021 -175.008 -178.314 176.894 -134.021 169.509 1.051 -1.43221 -0.019711 1.05134 11.7054 7.66865 1.18844 -2.47358 1.15416 2.23568 -47.1242 4.25024 179.194 -178.912 -179.979 178.486 167.268 179.452 1.26396 -5.81588 1.15029
-162.413 94.6991 34.4136 2.02377 34.8545 -4.11934 178.906 155.037 -179.747 178.906 155.037 -179.747 178.906 155.037 -179.747 178.906 155.037 -179.747 8.5618 -33.2003 -0.672193 121.772 153.711 158.627 4.07735 -3.07572 -11.4499 177.254 -176.697 -169.162 174.18 -144.845 -178.527 62.164 16.5753 12.7321 5.50316 4.5455 -0.178284 10.2039 -4.85053 -4.02825 4.81482 -42.728 -0.416544 178.023 -175.02 -178.316 176.886 -134.129 169.553 1.051 -1.43125 -0.019711 1.07471 11.7062 7.63791 1.18854 -2.47855 1.15417 2.22043 -47.0193 4.23848 179.194 -178.913 -179.979 178.488 167.267 179.462 1.264 -5.81775 1.1503
-162.4 94.701 34.4235 2.02651 34.7507 -4.13194 178.906 155.052 -179.745 178.906 155.052 -179.745 178.906 155.052 -179.745 178.906 155.052 -179.745 8.51885 -33.149 -0.671799 121.823 153.705 158.577 4.06581 -3.08984 -11.4378 177.227 -176.686 -169.143 174.221 -144.902 -178.528 62.1082 16.5744 12.7758 5.51487 4.54228 -0.198893 10.2104 -4.85396 -4.02885 4.80328 -42.7214 -0.415555 178.024 -175.035 -178.323 176.879 -134.239 169.626 1.051 -1.43047 -0.019711 1.10439 11.7064 7.57652 1.18878 -2.49033 1.15418 2.20562 -46.9132 4.22115 179.194 -178.913 -179.979 178.49 167.267 179.479 1.26408 -5.82182 1.1503
-162.387 94.703 34.4336 2.02919 34.6452 -4.14473 178.906 155.067 -179.743 178.906 155.067 -179.743 178.906 155.067 -179.743 178.906 155.067 -179.743 8.47561 -33.1154 -0.671542 121.864 153.699 158.546 4.05303 -3.09532 -11.429 177.219 -176.682 -169.131 174.262 -144.942 -178.529 62.0578 16.5776 12.804 5.52444 4.54534 -0.217916 10.2138 -4.85542 -4.03007 4.79131 -42.7148 -0.418692 178.025 -175.049 -178.325 176.872 -134.351 169.67 1.051 -1.42943 -0.019711 1.12775 11.707 7.54626 1.18889 -2.49569 1.15418 2.19086 -46.8052 4.2081 179.194 -178.913 -179.979 178.492 167.267 179.491 1.26412 -5.82381 1.15031
-162.374 94.7049 34.4436 2.03166 34.5385 -4.1575 178.905 155.083 -179.741 178.905 155.083 -179.741 178.905 155.083 -179.741 178.905 155.083 -179.741 8.43268 -33.0648 -0.671156 121.915 153.691 158.497 4.03813 -3.11408 -11.4168 177.194 -176.672 -169.113 174.303 -145.002 -178.53 62.0011 16.5749 12.8508 5.53649 4.54379 -0.238938 10.2204 -4.85861 -4.03054 4.77745 -42.7075 -0.416881 178.027 -175.065 -178.333 176.865 -134.463 169.743 1.051 -1.42856 -0.019711 1.15723 11.707 7.48596 1.18914 -2.50808 1.15419 2.17651 -46.696 4.18874 179.194 -178.913 -179.979 178.493 167.267 179.51 1.26421 -5.82807 1.15032
-162.361 94.7069 34.4536 2.03406 34.4302 -4.17041 178.905 155.099 -179.739 178.905 155.099 -179.739 178.905 155.099 -179.739 178.905 155.099 -179.739 8.38957 -33.0317 -0.670904 121.955 153.684 158.467 4.02284 -3.12166 -11.4081 177.187 -176.668 -169.101 174.345 -145.043 -178.531 61.9501 16.5775 12.8809 5.54642 4.54783 -0.258266 10.2238 -4.85981 -4.03158 4.76337 -42.7 -0.42003 178.028 -175.082 -178.334 176.859 -134.578 169.787 1.051 -1.42744 -0.019711 1.18037 11.7074 7.45652 1.18925 -2.51364 1.1542 2.16214 -46.5849 4.17479 179.194 -178.913 -179.979 178.496 167.267 179.524 1.26425 -5.83012 1.15032
-162.348 94.7089 34.4637 2.03625 34.3206 -4.18326 178.904 155.116 -179.737 178.904 155.116 -179.737 178.904 155.116 -179.737 178.904 155.116 -179.737 8.34685 -32.9819 -0.670525 122.006 153.674 158.42 4.00465 -3.1443 -11.3956 177.165 -176.658 -169.084 174.386 -145.103 -178.532 61.8931 16.5734 12.93 5.55859 4.54789 -0.279387 10.2304 -4.86273 -4.03186 4.74757 -42.6919 -0.417322 178.029 -175.101 -178.343 176.853 -134.694 169.86 1.051 -1.42648 -0.019711 1.20951 11.7071 7.39723 1.18951 -2.52644 1.15421 2.14815 -46.4725 4.15406 179.194 -178.913 -179.979 178.497 167.268 179.545 1.26434 -5.8345 1.15033
-162.336 94.711 34.4739 2.0384 34.2093 -4.19625 178.903 155.133 -179.735 178.903 155.133 -179.735 178.903 155.133 -179.735 178.903 155.133 -179.735 8.30412 -32.9491 -0.670276 122.046 153.667 158.391 3.98709 -3.15334 -11.3868 177.16 -176.654 -169.073 174.427 -145.145 -178.533 61.842 16.5755 12.9613 5.56869 4.55275 -0.298718 10.2338 -4.86368 -4.03267 4.73187 -42.6838 -0.420269 178.031 -175.119 -178.344 176.848 -134.811 169.904 1.051 -1.42528 -0.019711 1.23231 11.7072 7.36845 1.18962 -2.53215 1.15421 2.13411 -46.3583 4.13969 179.194 -178.913 -179.979 178.499 167.268 179.56 1.26438 -5.8366 1.15033
-162.323 94.713 34.484 2.04037 34.0969 -4.2092 178.903 155.151 -179.733 178.903 155.151 -179.733 178.903 155.151 -179.733 178.903 155.151 -179.733 8.26191 -32.8999 -0.669903 122.097 153.655 158.345 3.96598 -3.17881 -11.3738 177.144 -176.645 -169.058 174.468 -145.206 -178.534 61.785 16.5702 13.0118 5.5808 4.55411 -0.319638 10.2406 -4.86635 -4.03272 4.71477 -42.6751 -0.416576 178.031 -175.14 -178.353 176.842 -134.93 169.976 1.051 -1.42423 -0.019711 1.261 11.7065 7.30991 1.18989 -2.54529 1.15423 2.12041 -46.2429 4.11843 179.194 -178.912 -179.979 178.5 167.269 179.582 1.26447 -5.84111 1.15034
-162.311 94.7151 34.4942 2.04236 33.9826 -4.2223 178.902 155.169 -179.731 178.902 155.169 -179.731 178.902 155.169 -179.731 178.902 155.169 -179.731 8.21985 -32.8672 -0.669657 122.137 153.646 158.317 3.94652 -3.18853 -11.3647 177.141 -176.641 -169.048 174.509 -145.248 -178.534 61.7341 16.572 13.0436 5.59087 4.55952 -0.338679 10.2442 -4.86705 -4.03326 4.6982 -42.6663 -0.419062 178.033 -175.16 -178.354 176.838 -135.05 170.02 1.051 -1.42294 -0.019711 1.28331 11.7062 7.28163 1.19 -2.55111 1.15423 2.1066 -46.1255 4.10421 179.194 -178.912 -179.979 178.502 167.27 179.597 1.26451 -5.84326 1.15035
-162.299 94.7172 34.5044 2.04424 33.8671 -4.23542 178.901 155.188 -179.729 178.901 155.188 -179.729 178.901 155.188 -179.729 178.901 155.188 -179.729 8.1785 -32.8184 -0.669288 122.188 153.633 158.271 3.92315 -3.21532 -11.3512 177.129 -176.631 -169.034 174.55 -145.31 -178.536 61.6774 16.566 13.0946 5.60278 4.56175 -0.359126 10.2512 -4.8695 -4.03306 4.68065 -42.657 -0.414331 178.033 -175.183 -178.364 176.833 -135.172 170.092 1.051 -1.42182 -0.019711 1.31143 11.7049 7.22363 1.19027 -2.56448 1.15424 2.0931 -46.0069 4.08335 179.194 -178.911 -179.979 178.502 167.271 179.619 1.26461 -5.84789 1.15036
-162.287 94.7193 34.5148 2.04621 33.7498 -4.24878 178.9 155.207 -179.727 178.9 155.207 -179.727 178.9 155.207 -179.727 178.9 155.207 -179.727 8.13751 -32.7857 -0.669042 122.227 153.622 158.244 3.90231 -3.22467 -11.3417 177.128 -176.626 -169.023 174.591 -145.352 -178.536 61.627 16.5676 13.1264 5.61269 4.56744 -0.377611 10.255 -4.86995 -4.03329 4.66419 -42.6476 -0.416045 178.034 -175.205 -178.364 176.828 -135.295 170.137 1.05101 -1.42045 -0.0197109 1.33311 11.704 7.19579 1.19039 -2.57037 1.15425 2.07945 -45.8863 4.06992 179.194 -178.911 -179.979 178.504 167.271 179.634 1.26465 -5.85009 1.15036
-162.275 94.7215 34.5251 2.04818 33.6311 -4.26224 178.898 155.227 -179.724 178.898 155.227 -179.724 178.898 155.227 -179.724 178.898 155.227 -179.724 8.09743 -32.7368 -0.668675 122.278 153.607 158.198 3.87761 -3.25077 -11.3275 177.121 -176.616 -169.01 174.632 -145.414 -178.537 61.5709 16.5613 13.1771 5.6243 4.57005 -0.397348 10.2624 -4.87221 -4.03278 4.64725 -42.6379 -0.410245 178.035 -175.23 -178.373 176.823 -135.42 170.209 1.05101 -1.41925 -0.0197109 1.36053 11.7021 7.13818 1.19066 -2.58384 1.15426 2.06606 -45.7643 4.05042 179.194 -178.91 -179.979 178.504 167.272 179.656 1.26475 -5.85486 1.15037
-162.263 94.7237 34.5356 2.05032 33.5105 -4.27604 178.897 155.247 -179.722 178.897 155.247 -179.722 178.897 155.247 -179.722 178.897 155.247 -179.722 8.05794 -32.7037 -0.668427 122.316 153.596 158.17 3.85609 -3.2584 -11.3175 177.122 -176.61 -169 174.674 -145.456 -178.538 61.5212 16.5628 13.2083 5.63392 4.57573 -0.415054 10.2665 -4.87244 -4.03268 4.63202 -42.6282 -0.410838 178.035 -175.254 -178.374 176.819 -135.547 170.254 1.05101 -1.41781 -0.0197109 1.38141 11.7004 7.11076 1.19078 -2.58973 1.15427 2.0525 -45.6403 4.0384 179.194 -178.909 -179.979 178.506 167.273 179.67 1.26479 -5.85711 1.15038
-162.252 94.7259 34.5461 2.05256 33.3885 -4.29007 178.895 155.268 -179.719 178.895 155.268 -179.719 178.895 155.268 -179.719 178.895 155.268 -179.719 8.01962 -32.6543 -0.668057 122.367 153.579 158.124 3.83133 -3.28115 -11.3027 177.118 -176.597 -168.988 174.716 -145.518 -178.539 61.4658 16.5565 13.258 5.64519 4.57828 -0.433895 10.2744 -4.87454 -4.03186 4.61688 -42.6181 -0.403957 178.035 -175.279 -178.383 176.815 -135.676 170.328 1.05101 -1.41654 -0.0197109 1.40799 11.6976 7.05347 1.19105 -2.60312 1.15428 2.03915 -45.5149 4.0212 179.194 -178.908 -179.979 178.506 167.274 179.69 1.26489 -5.86198 1.15039
-162.24 94.7282 34.5567 2.05508 33.2643 -4.30455 178.892 155.289 -179.716 178.892 155.289 -179.716 178.892 155.289 -179.716 178.892 155.289 -179.716 7.98211 -32.6205 -0.667805 122.406 153.565 158.095 3.81005 -3.28537 -11.292 177.121 -176.588 -168.977 174.759 -145.559 -178.54 61.4169 16.5581 13.2882 5.65443 4.5837 -0.450656 10.2788 -4.87456 -4.0314 4.60407 -42.6081 -0.403062 178.035 -175.305 -178.383 176.811 -135.807 170.373 1.05101 -1.41504 -0.0197109 1.42794 11.6951 7.02651 1.19117 -2.60893 1.15428 2.0256 -45.3874 4.01118 179.194 -178.907 -179.979 178.508 167.275 179.704 1.26494 -5.86428 1.15039
-162.229 94.7306 34.5674 2.05781 33.1387 -4.3194 178.89 155.311 -179.713 178.89 155.311 -179.713 178.89 155.311 -179.713 178.89 155.311 -179.713 7.94607 -32.5702 -0.667429 122.456 153.548 158.048 3.78686 -3.30132 -11.2767 177.118 -176.571 -168.963 174.803 -145.621 -178.541 61.3624 16.552 13.3365 5.66535 4.58584 -0.468469 10.2873 -4.87653 -4.03024 4.59192 -42.5978 -0.39511 178.035 -175.331 -178.391 176.807 -135.939 170.447 1.05101 -1.41372 -0.0197109 1.45354 11.6914 6.96959 1.19143 -2.62206 1.1543 2.01222 -45.2583 3.99713 179.194 -178.906 -179.979 178.508 167.276 179.722 1.26504 -5.86922 1.1504
-162.218 94.733 34.5783 2.06092 33.0108 -4.33481 178.886 155.333 -179.709 178.886 155.333 -179.709 178.886 155.333 -179.709 178.886 155.333 -179.709 7.91106 -32.5353 -0.66717 122.495 153.532 158.018 3.76692 -3.29995 -11.2653 177.122 -176.558 -168.952 174.847 -145.662 -178.542 61.3144 16.5536 13.3654 5.67417 4.5908 -0.484181 10.292 -4.87636 -4.02944 4.58269 -42.5876 -0.392375 178.034 -175.358 -178.39 176.804 -136.074 170.493 1.05101 -1.41217 -0.0197109 1.47243 11.6878 6.94319 1.19155 -2.6277 1.1543 1.99863 -45.1269 3.98963 179.194 -178.905 -179.979 178.51 167.277 179.734 1.26508 -5.87154 1.15041
-162.207 94.7354 34.5894 2.06432 32.8813 -4.35072 178.883 155.355 -179.705 178.883 155.355 -179.705 178.883 155.355 -179.705 178.883 155.355 -179.705 7.87783 -32.4835 -0.666786 122.546 153.513 157.968 3.74735 -3.30479 -11.2498 177.118 -176.534 -168.936 174.893 -145.723 -178.543 61.2607 16.5478 13.412 5.68476 4.59227 -0.500894 10.3012 -4.87824 -4.02795 4.57462 -42.5771 -0.383385 178.033 -175.386 -178.397 176.8 -136.211 170.569 1.05101 -1.4108 -0.0197109 1.49694 11.6829 6.88672 1.1918 -2.64035 1.15431 1.98516 -44.9939 3.97941 179.194 -178.904 -179.979 178.51 167.278 179.75 1.26518 -5.87649 1.15042
-162.196 94.7379 34.6006 2.06817 32.7495 -4.36729 178.879 155.378 -179.7 178.879 155.378 -179.7 178.879 155.378 -179.7 178.879 155.378 -179.7 7.84582 -32.4472 -0.666518 122.585 153.495 157.936 3.73011 -3.29513 -11.2376 177.123 -176.515 -168.922 174.939 -145.764 -178.544 61.2135 16.5494 13.4394 5.69316 4.59667 -0.515523 10.3062 -4.8779 -4.0268 4.56996 -42.5668 -0.378513 178.032 -175.413 -178.397 176.796 -136.35 170.616 1.05101 -1.40921 -0.0197109 1.51466 11.6782 6.86099 1.19191 -2.64573 1.15432 1.97148 -44.8585 3.97481 179.194 -178.902 -179.979 178.512 167.279 179.761 1.26523 -5.87879 1.15042
-162.185 94.7405 34.612 2.07238 32.6159 -4.38445 178.874 155.402 -179.695 178.874 155.402 -179.695 178.874 155.402 -179.695 178.874 155.402 -179.695 7.81592 -32.3936 -0.666122 122.635 153.475 157.883 3.71661 -3.28353 -11.2222 177.113 -176.481 -168.901 174.987 -145.825 -178.545 61.1607 16.5437 13.484 5.70349 4.59737 -0.531118 10.3161 -4.87973 -4.02498 4.56683 -42.5563 -0.368556 178.03 -175.441 -178.402 176.793 -136.492 170.692 1.05101 -1.40782 -0.0197108 1.53799 11.6721 6.8051 1.19215 -2.65772 1.15433 1.95789 -44.7214 3.96891 179.194 -178.901 -179.979 178.512 167.28 179.774 1.26533 -5.88366 1.15043
-162.175 94.7431 34.6237 2.07703 32.48 -4.4023 178.869 155.426 -179.69 178.869 155.426 -179.69 178.869 155.426 -179.69 178.869 155.426 -179.69 7.78769 -32.3466 -0.665775 122.68 153.453 157.838 3.70638 -3.26061 -11.2082 177.103 -176.444 -168.879 175.036 -145.876 -178.545 61.1112 16.5413 13.5193 5.71259 4.59945 -0.54541 10.3251 -4.88064 -4.02339 4.56681 -42.5459 -0.359665 178.029 -175.47 -178.404 176.789 -136.635 170.757 1.05101 -1.40634 -0.0197108 1.55812 11.6656 6.76221 1.19234 -2.667 1.15434 1.94417 -44.5819 3.96645 179.194 -178.9 -179.979 178.514 167.281 179.784 1.26541 -5.8876 1.15044
-162.164 94.7458 34.6356 2.08214 32.342 -4.42086 178.863 155.451 -179.684 178.863 155.451 -179.684 178.863 155.451 -179.684 178.863 155.451 -179.684 7.76136 -32.2991 -0.665427 122.725 153.431 157.792 3.69996 -3.22695 -11.1946 177.092 -176.401 -168.854 175.086 -145.927 -178.546 61.0623 16.5391 13.5531 5.72154 4.60127 -0.559172 10.3337 -4.88143 -4.02158 4.56966 -42.5355 -0.350252 178.027 -175.498 -178.405 176.786 -136.782 170.821 1.05101 -1.40483 -0.0197108 1.5772 11.6585 6.7219 1.19251 -2.67521 1.15435 1.93037 -44.4403 3.96606 179.194 -178.899 -179.979 178.515 167.282 179.793 1.26548 -5.89117 1.15045
-162.154 94.7486 34.6477 2.08764 32.2018 -4.44008 178.856 155.476 -179.677 178.856 155.476 -179.677 178.856 155.476 -179.677 178.856 155.476 -179.677 7.73711 -32.2478 -0.66505 122.77 153.411 157.742 3.70288 -3.17332 -11.1825 177.046 -176.34 -168.811 175.137 -145.98 -178.547 61.0132 16.5355 13.5883 5.73012 4.60288 -0.572456 10.3467 -4.88298 -4.02007 4.57511 -42.525 -0.339373 178.025 -175.527 -178.407 176.783 -136.93 170.893 1.05101 -1.40338 -0.0197108 1.59725 11.6505 6.67405 1.19271 -2.68534 1.15436 1.91654 -44.2964 3.9676 179.194 -178.898 -179.979 178.517 167.283 179.801 1.26557 -5.89561 1.15046
-162.144 94.7515 34.6601 2.09361 32.0594 -4.46007 178.849 155.501 -179.67 178.849 155.501 -179.67 178.849 155.501 -179.67 178.849 155.501 -179.67 7.7149 -32.2007 -0.664706 122.814 153.385 157.694 3.70304 -3.11952 -11.1685 177.045 -176.285 -168.786 175.191 -146.028 -178.548 60.9656 16.5342 13.6179 5.73897 4.60434 -0.585178 10.3534 -4.88334 -4.01772 4.58371 -42.5146 -0.329166 178.022 -175.556 -178.406 176.78 -137.081 170.95 1.05101 -1.40183 -0.0197108 1.61364 11.6423 6.64188 1.19282 -2.69081 1.15436 1.90261 -44.1503 3.97115 179.194 -178.896 -179.979 178.519 167.284 179.807 1.26562 -5.89814 1.15046
-162.134 94.7545 34.6727 2.09992 31.9149 -4.48065 178.842 155.527 -179.662 178.842 155.527 -179.662 178.842 155.527 -179.662 178.842 155.527 -179.662 7.69486 -32.1473 -0.664316 122.858 153.363 157.641 3.71796 -3.03434 -11.158 176.99 -176.205 -168.735 175.245 -146.082 -178.549 60.9174 16.5304 13.6511 5.74763 4.60506 -0.597654 10.3651 -4.88442 -4.0157 4.59475 -42.5041 -0.317171 178.02 -175.586 -178.406 176.777 -137.235 171.022 1.05101 -1.40038 -0.0197108 1.63219 11.6331 6.59628 1.19299 -2.69915 1.15437 1.88868 -44.002 3.97671 179.194 -178.895 -179.979 178.521 167.285 179.813 1.2657 -5.90189 1.15047
-162.125 94.7575 34.6856 2.10659 31.7682 -4.50188 178.833 155.553 -179.654 178.833 155.553 -179.654 178.833 155.553 -179.654 178.833 155.553 -179.654 7.67709 -32.0954 -0.663938 122.901 153.337 157.588 3.73561 -2.93938 -11.1469 176.95 -176.119 -168.686 175.301 -146.133 -178.55 60.8701 16.5275 13.681 5.75634 4.60588 -0.609623 10.3748 -4.8852 -4.01333 4.60842 -42.4936 -0.305113 178.017 -175.616 -178.406 176.774 -137.391 171.088 1.05101 -1.39889 -0.0197108 1.64885 11.6233 6.55767 1.19312 -2.70558 1.15437 1.8747 -43.8515 3.98397 179.194 -178.894 -179.979 178.524 167.286 179.817 1.26576 -5.90486 1.15048
-162.115 94.7606 34.6989 2.11355 31.6194 -4.52368 178.825 155.58 -179.645 178.825 155.58 -179.645 178.825 155.58 -179.645 178.825 155.58 -179.645 7.66157 -32.0425 -0.663553 122.945 153.308 157.533 3.76053 -2.82703 -11.1366 176.905 -176.022 -168.633 175.358 -146.185 -178.551 60.8232 16.5243 13.7099 5.76507 4.60646 -0.621233 10.3844 -4.8859 -4.01078 4.62444 -42.483 -0.2925 178.014 -175.646 -178.405 176.771 -137.55 171.154 1.05101 -1.39742 -0.0197108 1.6649 11.6129 6.51974 1.19324 -2.71152 1.15438 1.8607 -43.6988 3.99289 179.194 -178.893 -179.979 178.526 167.288 179.82 1.26581 -5.90762 1.15048
-162.106 94.7638 34.7124 2.12075 31.4685 -4.54598 178.816 155.608 -179.636 178.816 155.608 -179.636 178.816 155.608 -179.636 178.816 155.608 -179.636 7.64833 -31.9885 -0.663163 122.988 153.276 157.476 3.79353 -2.69497 -11.1273 176.853 -175.911 -168.573 175.416 -146.237 -178.552 60.7767 16.5208 13.7378 5.77385 4.60688 -0.632511 10.3943 -4.88663 -4.00808 4.64253 -42.4724 -0.279436 178.011 -175.676 -178.404 176.769 -137.711 171.22 1.05101 -1.39595 -0.0197107 1.68044 11.6019 6.48211 1.19335 -2.71711 1.15439 1.84671 -43.5439 4.00332 179.194 -178.892 -179.979 178.529 167.29 179.823 1.26586 -5.91021 1.15049
-162.097 94.767 34.7262 2.12811 31.3157 -4.56871 178.806 155.636 -179.627 178.806 155.636 -179.627 178.806 155.636 -179.627 178.806 155.636 -179.627 7.63737 -31.9336 -0.662766 123.031 153.241 157.418 3.83525 -2.54159 -11.1194 176.793 -175.785 -168.506 175.476 -146.29 -178.552 60.7307 16.517 13.7646 5.7827 4.60719 -0.643492 10.4044 -4.88738 -4.00523 4.66237 -42.4616 -0.266032 178.009 -175.707 -178.403 176.766 -137.874 171.288 1.05101 -1.3945 -0.0197107 1.6955 11.5902 6.4447 1.19346 -2.72236 1.15439 1.83275 -43.387 4.01511 179.194 -178.891 -179.979 178.533 167.292 179.824 1.26591 -5.91263 1.15049
-162.089 94.7704 34.7403 2.13556 31.161 -4.59176 178.797 155.665 -179.616 178.797 155.665 -179.616 178.797 155.665 -179.616 178.797 155.665 -179.616 7.62865 -31.8778 -0.662365 123.074 153.203 157.358 3.88623 -2.36554 -11.1129 176.724 -175.643 -168.43 175.536 -146.343 -178.553 60.6851 16.513 13.7902 5.79166 4.6074 -0.654212 10.4147 -4.88818 -4.00223 4.68362 -42.4508 -0.25241 178.006 -175.738 -178.402 176.764 -138.039 171.355 1.05101 -1.39307 -0.0197107 1.71014 11.578 6.40743 1.19356 -2.72732 1.1544 1.81884 -43.2281 4.02809 179.194 -178.89 -179.979 178.536 167.294 179.825 1.26596 -5.91488 1.1505
-162.08 94.7738 34.7547 2.14303 31.0045 -4.61504 178.787 155.695 -179.606 178.787 155.695 -179.606 178.787 155.695 -179.606 178.787 155.695 -179.606 7.62209 -31.8212 -0.661959 123.116 153.162 157.296 3.94691 -2.16565 -11.1083 176.648 -175.485 -168.346 175.598 -146.397 -178.554 60.6399 16.5087 13.8147 5.80076 4.60753 -0.664702 10.4252 -4.88903 -3.99905 4.70589 -42.4397 -0.238701 178.003 -175.77 -178.401 176.762 -138.206 171.423 1.05102 -1.39164 -0.0197107 1.72439 11.5653 6.37021 1.19365 -2.73201 1.1544 1.80502 -43.0674 4.04204 179.194 -178.889 -179.979 178.54 167.296 179.825 1.266 -5.91696 1.1505
-162.072 94.7772 34.7693 2.15042 30.8464 -4.63844 178.777 155.725 -179.595 178.777 155.725 -179.595 178.777 155.725 -179.595 178.777 155.725 -179.595 7.61763 -31.7634 -0.661545 123.154 153.125 157.234 4.02016 -1.92694 -11.1077 176.537 -175.293 -168.24 175.66 -146.452 -178.555 60.5951 16.5038 13.838 5.81009 4.60778 -0.674939 10.4369 -4.89027 -3.99581 4.72847 -42.4284 -0.225308 178.001 -175.803 -178.4 176.76 -138.376 171.494 1.05102 -1.39025 -0.0197107 1.73875 11.552 6.33067 1.19375 -2.73681 1.1544 1.7913 -42.9048 4.05693 179.194 -178.888 -179.979 178.544 167.299 179.825 1.26604 -5.91899 1.15051
-162.064 94.7808 34.7843 2.15766 30.6868 -4.66186 178.767 155.757 -179.584 178.767 155.757 -179.584 178.767 155.757 -179.584 178.767 155.757 -179.584 7.6151 -31.7056 -0.661132 123.194 153.077 157.171 4.10156 -1.67476 -11.1077 176.441 -175.097 -168.137 175.723 -146.507 -178.556 60.5507 16.4992 13.8599 5.81956 4.60782 -0.685055 10.4478 -4.89126 -3.99228 4.75149 -42.4169 -0.211873 177.999 -175.836 -178.4 176.759 -138.547 171.564 1.05102 -1.38885 -0.0197107 1.75238 11.5383 6.29321 1.19384 -2.74108 1.15441 1.7777 -42.7407 4.07224 179.194 -178.888 -179.979 178.549 167.302 179.824 1.26608 -5.9207 1.15051
-162.056 94.7844 34.7995 2.16467 30.5258 -4.68519 178.757 155.789 -179.573 178.757 155.789 -179.573 178.757 155.789 -179.573 178.757 155.789 -179.573 7.61436 -31.6473 -0.660718 123.233 153.025 157.106 4.19321 -1.39705 -11.1102 176.336 -174.883 -168.024 175.786 -146.563 -178.557 60.5068 16.4945 13.8805 5.82924 4.6078 -0.695028 10.459 -4.89233 -3.98856 4.77426 -42.4051 -0.198787 177.997 -175.87 -178.4 176.758 -138.719 171.634 1.05102 -1.38745 -0.0197107 1.76577 11.5241 6.25551 1.19392 -2.7452 1.15441 1.76426 -42.575 4.08788 179.194 -178.887 -179.979 178.553 167.306 179.822 1.26611 -5.92225 1.15051
-162.049 94.788 34.8149 2.17138 30.3637 -4.70829 178.747 155.822 -179.561 178.747 155.822 -179.561 178.747 155.822 -179.561 178.747 155.822 -179.561 7.61521 -31.5888 -0.660302 123.271 152.97 157.041 4.29512 -1.0935 -11.1155 176.224 -174.651 -167.902 175.85 -146.62 -178.558 60.4632 16.4899 13.8997 5.83917 4.60772 -0.704879 10.4704 -4.89348 -3.98463 4.79634 -42.393 -0.186188 177.995 -175.905 -178.402 176.757 -138.893 171.704 1.05102 -1.38605 -0.0197107 1.77896 11.5096 6.21741 1.194 -2.74923 1.15442 1.75101 -42.408 4.10362 179.194 -178.887 -179.979 178.558 167.31 179.821 1.26613 -5.92361 1.15051
-162.042 94.7917 34.8306 2.17769 30.2006 -4.73107 178.738 155.857 -179.55 178.738 155.857 -179.55 178.738 155.857 -179.55 178.738 155.857 -179.55 7.61742 -31.5302 -0.659887 123.308 152.91 156.976 4.40704 -0.764496 -11.1239 176.105 -174.401 -167.771 175.915 -146.678 -178.559 60.42 16.4855 13.9174 5.84935 4.60762 -0.714624 10.482 -4.89472 -3.98051 4.81733 -42.3805 -0.174214 177.994 -175.941 -178.404 176.756 -139.068 171.775 1.05102 -1.38466 -0.0197106 1.79201 11.4947 6.1788 1.19408 -2.75322 1.15442 1.73795 -42.2399 4.11925 179.194 -178.886 -179.979 178.563 167.314 179.819 1.26616 -5.92481 1.15052
-162.035 94.7955 34.8465 2.18354 30.0366 -4.7534 178.729 155.892 -179.538 178.729 155.892 -179.538 178.729 155.892 -179.538 178.729 155.892 -179.538 7.62075 -31.4715 -0.659473 123.343 152.847 156.91 4.52853 -0.410812 -11.1355 175.979 -174.133 -167.63 175.979 -146.737 -178.56 60.3771 16.4814 13.9338 5.8598 4.6075 -0.72428 10.4939 -4.89606 -3.97618 4.83682 -42.3676 -0.162995 177.993 -175.978 -178.407 176.755 -139.244 171.847 1.05102 -1.38325 -0.0197106 1.80495 11.4796 6.13958 1.19416 -2.75721 1.15442 1.72511 -42.0707 4.13453 179.194 -178.886 -179.979 178.568 167.318 179.818 1.26618 -5.92581 1.15052
-162.028 94.7992 34.8627 2.18886 29.8719 -4.77518 178.72 155.929 -179.526 178.72 155.929 -179.526 178.72 155.929 -179.526 178.72 155.929 -179.526 7.62488 -31.413 -0.659061 123.377 152.78 156.845 4.65902 -0.0336385 -11.1506 175.847 -173.848 -167.481 176.044 -146.797 -178.561 60.3345 16.4777 13.9487 5.87052 4.60738 -0.733856 10.5062 -4.89749 -3.97165 4.85447 -42.3543 -0.152645 177.992 -176.016 -178.41 176.755 -139.421 171.919 1.05102 -1.38183 -0.0197106 1.81782 11.4642 6.09964 1.19424 -2.76125 1.15443 1.71251 -41.9006 4.14926 179.194 -178.886 -179.979 178.573 167.323 179.817 1.26619 -5.92662 1.15052
-162.022 94.8031 34.8791 2.19359 29.7067 -4.79628 178.711 155.967 -179.515 178.711 155.967 -179.515 178.711 155.967 -179.515 178.711 155.967 -179.515 7.62949 -31.3547 -0.658653 123.409 152.71 156.781 4.79774 0.365437 -11.1692 175.711 -173.549 -167.323 176.109 -146.858 -178.562 60.2921 16.4745 13.9621 5.88153 4.60729 -0.743361 10.5189 -4.89904 -3.96694 4.86994 -42.3406 -0.143272 177.992 -176.055 -178.416 176.754 -139.598 171.991 1.05102 -1.38039 -0.0197106 1.83065 11.4486 6.05889 1.19433 -2.76539 1.15443 1.70015 -41.7298 4.16321 179.194 -178.886 -179.979 178.578 167.328 179.815 1.26621 -5.92722 1.15052
-162.016 94.8069 34.8957 2.19767 29.5411 -4.81661 178.704 156.006 -179.503 178.704 156.006 -179.503 178.704 156.006 -179.503 178.704 156.006 -179.503 7.63422 -31.2967 -0.658247 123.439 152.637 156.719 4.94377 0.78446 -11.1914 175.571 -173.235 -167.157 176.174 -146.92 -178.563 60.2499 16.472 13.9741 5.89282 4.60726 -0.7528 10.5321 -4.9007 -3.96207 4.88295 -42.3264 -0.134958 177.993 -176.096 -178.422 176.754 -139.776 172.064 1.05102 -1.37892 -0.0197106 1.84348 11.4328 6.01725 1.19441 -2.76967 1.15444 1.68804 -41.5584 4.17618 179.194 -178.886 -179.979 178.583 167.334 179.815 1.26621 -5.92758 1.15052
-162.01 94.8108 34.9125 2.20105 29.3754 -4.83605 178.696 156.047 -179.491 178.696 156.047 -179.491 178.696 156.047 -179.491 178.696 156.047 -179.491 7.63867 -31.2393 -0.657847 123.467 152.562 156.658 5.09608 1.22114 -11.2174 175.429 -172.908 -166.983 176.239 -146.983 -178.564 60.2077 16.4702 13.9847 5.90439 4.60733 -0.762175 10.5459 -4.90248 -3.95705 4.89325 -42.3117 -0.127777 177.993 -176.138 -178.429 176.754 -139.955 172.138 1.05102 -1.37741 -0.0197106 1.85633 11.4169 5.97465 1.1945 -2.77413 1.15444 1.67617 -41.3866 4.18799 179.194 -178.887 -179.979 178.588 167.34 179.814 1.26622 -5.92767 1.15052
-162.005 94.8147 34.9295 2.20367 29.2096 -4.85451 178.69 156.089 -179.48 178.69 156.089 -179.48 178.69 156.089 -179.48 178.69 156.089 -179.48 7.64242 -31.1825 -0.657452 123.493 152.484 156.598 5.2535 1.67287 -11.2469 175.285 -172.572 -166.803 176.304 -147.047 -178.565 60.1656 16.4693 13.994 5.91625 4.60754 -0.771487 10.5603 -4.90439 -3.95194 4.90066 -42.2966 -0.12178 177.995 -176.181 -178.438 176.755 -140.133 172.211 1.05102 -1.37586 -0.0197106 1.86922 11.4008 5.93105 1.1946 -2.77881 1.15445 1.66454 -41.2145 4.19844 179.194 -178.887 -179.979 178.593 167.346 179.815 1.26621 -5.92746 1.15052
-161.999 94.8186 34.9468 2.20549 29.0439 -4.87186 178.684 156.132 -179.469 178.684 156.132 -179.469 178.684 156.132 -179.469 178.684 156.132 -179.469 7.64503 -31.1264 -0.657063 123.517 152.406 156.542 5.41479 2.13684 -11.2799 175.141 -172.227 -166.617 176.369 -147.112 -178.566 60.1234 16.4695 14.0021 5.92838 4.60793 -0.780737 10.5756 -4.90643 -3.94675 4.90502 -42.2809 -0.117 177.997 -176.225 -178.448 176.755 -140.311 172.285 1.05102 -1.37426 -0.0197106 1.88216 11.3847 5.88643 1.1947 -2.78373 1.15445 1.65313 -41.0422 4.20735 179.194 -178.888 -179.979 178.597 167.353 179.815 1.2662 -5.92689 1.15052
-161.994 94.8226 34.9643 2.20648 28.8784 -4.888 178.679 156.177 -179.459 178.679 156.177 -179.459 178.679 156.177 -179.459 178.679 156.177 -179.459 7.64603 -31.0711 -0.65668 123.539 152.326 156.488 5.57865 2.61001 -11.3162 174.997 -171.876 -166.426 176.434 -147.178 -178.567 60.081 16.4707 14.009 5.94079 4.60856 -0.789922 10.5919 -4.90861 -3.94156 4.90622 -42.2648 -0.113451 177.999 -176.27 -178.459 176.755 -140.489 172.359 1.05102 -1.3726 -0.0197105 1.89516 11.3685 5.84079 1.1948 -2.78892 1.15446 1.64192 -40.8698 4.21456 179.194 -178.888 -179.979 178.602 167.36 179.817 1.26618 -5.9259 1.15052
-161.99 94.8266 34.9821 2.20657 28.7132 -4.90283 178.674 156.224 -179.448 178.674 156.224 -179.448 178.674 156.224 -179.448 178.674 156.224 -179.448 7.64494 -31.0166 -0.656304 123.558 152.246 156.437 5.74376 3.08929 -11.3555 174.856 -171.522 -166.231 176.499 -147.245 -178.568 60.0383 16.4731 14.0149 5.95348 4.60947 -0.799042 10.6092 -4.91094 -3.93641 4.90419 -42.2482 -0.111127 178.002 -176.317 -178.472 176.756 -140.667 172.433 1.05102 -1.37087 -0.0197105 1.90823 11.3523 5.79415 1.19491 -2.79441 1.15446 1.63088 -40.6975 4.21988 179.194 -178.889 -179.979 178.606 167.367 179.819 1.26615 -5.92443 1.15052
-161.985 94.8306 35.0002 2.20575 28.5486 -4.91622 178.671 156.272 -179.438 178.671 156.272 -179.438 178.671 156.272 -179.438 178.671 156.272 -179.438 7.64126 -30.9631 -0.655937 123.576 152.166 156.39 5.90879 3.57153 -11.3975 174.717 -171.166 -166.034 176.564 -147.314 -178.569 59.9951 16.4768 14.0198 5.96645 4.6107 -0.808094 10.6277 -4.91341 -3.93136 4.89889 -42.2312 -0.110016 178.006 -176.365 -178.486 176.756 -140.844 172.506 1.05102 -1.36907 -0.0197105 1.92137 11.3361 5.74656 1.19503 -2.80021 1.15447 1.61997 -40.5252 4.22316 179.194 -178.89 -179.979 178.61 167.374 179.822 1.26611 -5.9224 1.15051
-161.981 94.8346 35.0185 2.20395 28.3845 -4.92805 178.668 156.321 -179.429 178.668 156.321 -179.429 178.668 156.321 -179.429 178.668 156.321 -179.429 7.6345 -30.9106 -0.655577 123.591 152.088 156.346 6.07247 4.05359 -11.4418 174.582 -170.812 -165.834 176.63 -147.383 -178.57 59.9515 16.4818 14.024 5.97971 4.61232 -0.817079 10.6477 -4.91605 -3.9265 4.89032 -42.2138 -0.110081 178.01 -176.414 -178.5 176.757 -141.021 172.579 1.05102 -1.36719 -0.0197105 1.93457 11.3199 5.69809 1.19515 -2.80635 1.15447 1.60916 -40.3531 4.22423 179.194 -178.891 -179.979 178.613 167.382 179.826 1.26606 -5.91972 1.15051
-161.977 94.8387 35.0372 2.20114 28.221 -4.9382 178.667 156.372 -179.42 178.667 156.372 -179.42 178.667 156.372 -179.42 178.667 156.372 -179.42 7.62416 -30.8592 -0.655224 123.605 152.01 156.306 6.23359 4.53248 -11.4878 174.452 -170.462 -165.633 176.696 -147.453 -178.572 59.9072 16.4882 14.0276 5.99326 4.61434 -0.825996 10.6692 -4.91884 -3.92189 4.87848 -42.1959 -0.111276 178.014 -176.464 -178.516 176.757 -141.197 172.651 1.05102 -1.36522 -0.0197105 1.94782 11.3037 5.64886 1.19528 -2.81282 1.15448 1.59838 -40.1812 4.2229 179.194 -178.892 -179.979 178.617 167.391 179.83 1.26599 -5.91629 1.1505
-161.973 94.8427 35.0563 2.19729 28.0583 -4.94653 178.666 156.424 -179.412 178.666 156.424 -179.412 178.666 156.424 -179.412 178.666 156.424 -179.412 7.60974 -30.8088 -0.65488 123.616 151.935 156.27 6.391 5.00531 -11.535 174.326 -170.117 -165.432 176.763 -147.524 -178.573 59.8621 16.496 14.0307 6.00713 4.61681 -0.834847 10.6924 -4.92179 -3.91761 4.8634 -42.1777 -0.11355 178.019 -176.515 -178.533 176.757 -141.373 172.723 1.05103 -1.36316 -0.0197105 1.96111 11.2876 5.59898 1.19542 -2.81965 1.15449 1.58759 -40.0095 4.219 179.194 -178.893 -179.979 178.62 167.4 179.836 1.2659 -5.912 1.15049
-161.969 94.8469 35.0757 2.19233 27.8964 -4.9529 178.667 156.478 -179.405 178.667 156.478 -179.405 178.667 156.478 -179.405 178.667 156.478 -179.405 7.59076 -30.7594 -0.654544 123.627 151.862 156.238 6.54369 5.46944 -11.583 174.206 -169.781 -165.233 176.83 -147.596 -178.574 59.8162 16.5052 14.0335 6.02134 4.61974 -0.843635 10.7175 -4.92489 -3.91375 4.84513 -42.1591 -0.116838 178.024 -176.567 -178.551 176.757 -141.547 172.792 1.05103 -1.361 -0.0197104 1.97443 11.2715 5.54862 1.19557 -2.82683 1.15449 1.57673 -39.838 4.21234 179.194 -178.895 -179.979 178.624 167.409 179.842 1.26579 -5.90676 1.15048
-161.965 94.851 35.0955 2.18623 27.7354 -4.95718 178.668 156.534 -179.398 178.668 156.534 -179.398 178.668 156.534 -179.398 178.668 156.534 -179.398 7.56676 -30.7111 -0.654216 123.636 151.792 156.211 6.69073 5.92245 -11.631 174.092 -169.455 -165.035 176.897 -147.669 -178.575 59.7692 16.5159 14.0362 6.03591 4.62316 -0.852365 10.7444 -4.92816 -3.91039 4.82371 -42.1402 -0.121071 178.029 -176.62 -178.57 176.757 -141.721 172.86 1.05103 -1.35874 -0.0197104 1.98776 11.2555 5.49795 1.19572 -2.83436 1.1545 1.56572 -39.6668 4.20273 179.194 -178.896 -179.979 178.627 167.419 179.849 1.26567 -5.90044 1.15047
-161.961 94.8552 35.1158 2.17893 27.5753 -4.9592 178.671 156.591 -179.393 178.671 156.591 -179.393 178.671 156.591 -179.393 178.671 156.591 -179.393 7.53732 -30.6638 -0.653896 123.644 151.724 156.187 6.83136 6.36219 -11.6786 173.983 -169.141 -164.84 176.965 -147.744 -178.576 59.7212 16.5281 14.0389 6.05087 4.62705 -0.861045 10.7734 -4.93156 -3.90761 4.79919 -42.121 -0.126181 178.035 -176.673 -178.589 176.757 -141.894 172.926 1.05103 -1.35637 -0.0197104 2.00108 11.2396 5.44717 1.19588 -2.84225 1.15451 1.55451 -39.4959 4.18996 179.194 -178.897 -179.979 178.63 167.429 179.857 1.26551 -5.89292 1.15045
-161.957 94.8594 35.1366 2.1704 27.4163 -4.95882 178.674 156.649 -179.388 178.674 156.649 -179.388 178.674 156.649 -179.388 178.674 156.649 -179.388 7.50201 -30.6176 -0.653583 123.652 151.66 156.167 6.9649 6.7868 -11.7251 173.881 -168.841 -164.65 177.033 -147.819 -178.577 59.6719 16.5418 14.0418 6.06626 4.63141 -0.869685 10.8045 -4.93511 -3.90548 4.77162 -42.1016 -0.13209 178.041 -176.727 -178.61 176.756 -142.066 172.99 1.05103 -1.35389 -0.0197104 2.01436 11.2238 5.39651 1.19604 -2.85049 1.15452 1.54301 -39.3252 4.17383 179.194 -178.899 -179.979 178.633 167.44 179.866 1.26534 -5.88408 1.15043
-161.954 94.8636 35.158 2.16059 27.2583 -4.9559 178.679 156.709 -179.384 178.679 156.709 -179.384 178.679 156.709 -179.384 178.679 156.709 -179.384 7.46049 -30.5722 -0.653277 123.659 151.599 156.152 7.09083 7.1947 -11.7698 173.784 -168.556 -164.464 177.102 -147.895 -178.578 59.6212 16.5569 14.0451 6.08211 4.63622 -0.878295 10.8377 -4.93877 -3.90409 4.74104 -42.082 -0.138726 178.047 -176.782 -178.63 176.754 -142.237 173.05 1.05103 -1.35129 -0.0197104 2.02758 11.208 5.34621 1.19622 -2.85908 1.15452 1.53117 -39.1548 4.15412 179.194 -178.9 -179.979 178.636 167.451 179.876 1.26513 -5.8738 1.15041
-161.95 94.8679 35.1799 2.14945 27.1013 -4.95028 178.685 156.77 -179.381 178.685 156.77 -179.381 178.685 156.77 -179.381 178.685 156.77 -179.381 7.41242 -30.5278 -0.652979 123.667 151.541 156.14 7.20874 7.58464 -11.8124 173.694 -168.287 -164.283 177.172 -147.972 -178.58 59.5692 16.5734 14.0489 6.09847 4.64145 -0.886891 10.873 -4.94254 -3.90351 4.70751 -42.0622 -0.146012 178.054 -176.837 -178.652 176.752 -142.408 173.108 1.05103 -1.34857 -0.0197103 2.04071 11.1924 5.2965 1.1964 -2.86801 1.15453 1.51891 -38.9847 4.13061 179.194 -178.902 -179.979 178.639 167.463 179.887 1.26489 -5.86198 1.15039
-161.946 94.8723 35.2024 2.13695 26.9455 -4.94183 178.693 156.832 -179.379 178.693 156.832 -179.379 178.693 156.832 -179.379 178.693 156.832 -179.379 7.35755 -30.4842 -0.652685 123.676 151.486 156.131 7.31833 7.95559 -11.8521 173.609 -168.035 -164.109 177.242 -148.051 -178.581 59.5157 16.5913 14.0533 6.11538 4.64706 -0.895489 10.9103 -4.94638 -3.9038 4.67107 -42.0423 -0.153875 178.061 -176.892 -178.673 176.75 -142.577 173.161 1.05103 -1.34573 -0.0197103 2.05374 11.1769 5.24767 1.19658 -2.87726 1.15454 1.50616 -38.8147 4.10309 179.194 -178.903 -179.979 178.642 167.476 179.9 1.26462 -5.8485 1.15036
-161.942 94.8767 35.2255 2.12306 26.7909 -4.93043 178.702 156.896 -179.379 178.702 156.896 -179.379 178.702 156.896 -179.379 178.702 156.896 -179.379 7.29565 -30.4412 -0.652398 123.685 151.435 156.126 7.4194 8.30682 -11.8886 173.529 -167.8 -163.941 177.312 -148.13 -178.582 59.4606 16.6106 14.0585 6.13286 4.653 -0.904108 10.9497 -4.95027 -3.905 4.63178 -42.0223 -0.162246 178.068 -176.948 -178.695 176.747 -142.745 173.211 1.05103 -1.34277 -0.0197103 2.06662 11.1615 5.19996 1.19678 -2.88683 1.15455 1.49286 -38.645 4.07136 179.194 -178.904 -179.979 178.646 167.489 179.913 1.26431 -5.83327 1.15033
-161.938 94.8811 35.2493 2.10776 26.6375 -4.91598 178.712 156.962 -179.379 178.712 156.962 -179.379 178.712 156.962 -179.379 178.712 156.962 -179.379 7.22657 -30.3989 -0.652114 123.695 151.386 156.124 7.51185 8.63784 -11.9214 173.455 -167.583 -163.781 177.383 -148.211 -178.583 59.4039 16.6311 14.0647 6.15096 4.65924 -0.912768 10.9908 -4.95418 -3.90718 4.58969 -42.0022 -0.171056 178.075 -177.004 -178.717 176.743 -142.912 173.256 1.05103 -1.33969 -0.0197103 2.07933 11.1463 5.15366 1.19698 -2.89672 1.15456 1.47895 -38.4754 4.03523 179.194 -178.905 -179.979 178.649 167.504 179.927 1.26397 -5.8162 1.15029
-161.934 94.8856 35.2738 2.09104 26.4852 -4.89839 178.724 157.028 -179.381 178.724 157.028 -179.381 178.724 157.028 -179.381 178.724 157.028 -179.381 7.15023 -30.357 -0.651835 123.707 151.34 156.125 7.59563 8.94833 -11.9501 173.386 -167.385 -163.628 177.454 -148.294 -178.585 59.3455 16.6529 14.0719 6.16968 4.66572 -0.921492 11.0337 -4.95807 -3.91035 4.54487 -41.9821 -0.180234 178.083 -177.06 -178.74 176.739 -143.078 173.296 1.05103 -1.33648 -0.0197103 2.09185 11.1311 5.10901 1.19718 -2.90689 1.15457 1.46439 -38.306 3.99454 179.194 -178.906 -179.979 178.653 167.519 179.943 1.26358 -5.79722 1.15025
-161.93 94.8901 35.299 2.07292 26.3342 -4.87762 178.737 157.096 -179.384 178.737 157.096 -179.384 178.737 157.096 -179.384 178.737 157.096 -179.384 7.06661 -30.3154 -0.651559 123.721 151.296 156.128 7.67076 9.23818 -11.9744 173.322 -167.204 -163.484 177.526 -148.377 -178.586 59.2855 16.6759 14.0802 6.18906 4.6724 -0.930303 11.0781 -4.9619 -3.91455 4.49742 -41.9619 -0.189715 178.09 -177.116 -178.762 176.734 -143.242 173.33 1.05104 -1.33316 -0.0197102 2.10415 11.1161 5.06626 1.19739 -2.91735 1.15458 1.44913 -38.1367 3.94915 179.194 -178.907 -179.979 178.658 167.535 179.96 1.26316 -5.77629 1.15021
-161.925 94.8947 35.3249 2.0534 26.1845 -4.85364 178.751 157.165 -179.389 178.751 157.165 -179.389 178.751 157.165 -179.389 178.751 157.165 -179.389 6.97577 -30.274 -0.651283 123.738 151.255 156.133 7.7373 9.5074 -11.9938 173.262 -167.041 -163.348 177.598 -148.463 -178.587 59.2238 16.6999 14.0899 6.2091 4.67923 -0.939225 11.1236 -4.96564 -3.91979 4.44744 -41.9418 -0.199435 178.098 -177.172 -178.785 176.728 -143.406 173.36 1.05104 -1.32972 -0.0197102 2.11619 11.1013 5.02566 1.19761 -2.92806 1.1546 1.43314 -37.9676 3.89896 179.194 -178.908 -179.979 178.662 167.552 179.978 1.2627 -5.75337 1.15017
-161.921 94.8994 35.3516 2.03253 26.036 -4.82648 178.767 157.236 -179.394 178.767 157.236 -179.394 178.767 157.236 -179.394 178.767 157.236 -179.394 6.87782 -30.2326 -0.651009 123.756 151.215 156.141 7.79534 9.75614 -12.0083 173.208 -166.896 -163.22 177.67 -148.55 -178.589 59.1605 16.7251 14.1008 6.22978 4.6862 -0.948283 11.1702 -4.96924 -3.92605 4.39507 -41.9216 -0.209327 178.106 -177.228 -178.808 176.722 -143.569 173.383 1.05104 -1.32616 -0.0197102 2.12797 11.0865 4.9874 1.19783 -2.93903 1.15461 1.41641 -37.7986 3.84392 179.194 -178.909 -179.979 178.667 167.569 179.998 1.2622 -5.72846 1.15011
-161.916 94.9041 35.3791 2.01036 25.8887 -4.7962 178.784 157.308 -179.401 178.784 157.308 -179.401 178.784 157.308 -179.401 178.784 157.308 -179.401 6.77297 -30.191 -0.650734 123.778 151.176 156.15 7.84498 9.98457 -12.0176 173.158 -166.769 -163.103 177.742 -148.638 -178.59 59.0956 16.7512 14.1132 6.25109 4.69326 -0.957502 11.2173 -4.97265 -3.93333 4.34048 -41.9015 -0.219333 178.114 -177.284 -178.83 176.715 -143.731 173.401 1.05104 -1.3225 -0.0197101 2.13944 11.0718 4.95167 1.19806 -2.95022 1.15462 1.39894 -37.6297 3.78403 179.194 -178.909 -179.979 178.672 167.588 -179.981 1.26165 -5.70158 1.15006
-161.911 94.9089 35.4073 1.98698 25.7426 -4.7629 178.802 157.381 -179.409 178.802 157.381 -179.409 178.802 157.381 -179.409 178.802 157.381 -179.409 6.66155 -30.1494 -0.65046 123.807 151.132 156.158 7.8832 10.1809 -12.018 173.134 -166.671 -163.003 177.814 -148.728 -178.591 59.0293 16.7773 14.1268 6.27324 4.701 -0.967024 11.2587 -4.97405 -3.94101 4.28439 -41.8816 -0.228904 178.122 -177.34 -178.853 176.707 -143.891 173.412 1.05104 -1.31873 -0.0197101 2.15044 11.0572 4.91945 1.19827 -2.96082 1.15463 1.38072 -37.4609 3.71983 179.194 -178.91 -179.979 178.678 167.608 -179.959 1.26112 -5.67494 1.15001
-161.905 94.9137 35.4364 1.96247 25.5977 -4.72672 178.822 157.455 -179.419 178.822 157.455 -179.419 178.822 157.455 -179.419 178.822 157.455 -179.419 6.54376 -30.107 -0.65018 123.834 151.096 156.169 7.91622 10.369 -12.0162 173.095 -166.578 -162.905 177.887 -148.82 -178.593 58.9613 16.805 14.1422 6.29573 4.70831 -0.976646 11.3054 -4.97671 -3.95015 4.22604 -41.8616 -0.238952 178.13 -177.395 -178.875 176.698 -144.051 173.419 1.05104 -1.31487 -0.0197101 2.16128 11.0426 4.88908 1.1985 -2.97233 1.15464 1.36178 -37.2922 3.6505 179.194 -178.91 -179.979 178.684 167.628 -179.935 1.2605 -5.64457 1.14995
-161.9 94.9186 35.4662 1.93695 25.454 -4.68786 178.842 157.53 -179.429 178.842 157.53 -179.429 178.842 157.53 -179.429 178.842 157.53 -179.429 6.42007 -30.0638 -0.649896 123.865 151.062 156.181 7.94148 10.5393 -12.0092 173.058 -166.499 -162.815 177.959 -148.914 -178.594 58.8918 16.8336 14.1592 6.31864 4.71575 -0.986476 11.3526 -4.97933 -3.96027 4.16617 -41.8417 -0.248938 178.139 -177.451 -178.897 176.689 -144.21 173.419 1.05104 -1.31093 -0.01971 2.17178 11.0281 4.86153 1.19874 -2.98406 1.15465 1.34216 -37.1237 3.57666 179.194 -178.91 -179.979 178.69 167.65 -179.909 1.25985 -5.61227 1.14988
-161.894 94.9235 35.4968 1.91057 25.3115 -4.64656 178.864 157.606 -179.441 178.864 157.606 -179.441 178.864 157.606 -179.441 178.864 157.606 -179.441 6.29093 -30.0197 -0.649607 123.898 151.029 156.194 7.95868 10.6904 -11.9966 173.025 -166.436 -162.736 178.032 -149.011 -178.595 58.8209 16.8629 14.1778 6.34192 4.72335 -0.996546 11.3994 -4.98165 -3.97125 4.10513 -41.822 -0.258789 178.147 -177.506 -178.92 176.679 -144.368 173.414 1.05104 -1.30691 -0.01971 2.18193 11.0135 4.83688 1.19898 -2.99594 1.15467 1.32192 -36.9553 3.49857 179.194 -178.91 -179.979 178.697 167.672 -179.881 1.25917 -5.57828 1.14982
-161.888 94.9285 35.5281 1.88346 25.17 -4.60311 178.886 157.684 -179.453 178.886 157.684 -179.453 178.886 157.684 -179.453 178.886 157.684 -179.453 6.15684 -29.9745 -0.649311 123.935 150.996 156.207 7.96775 10.8223 -11.9783 172.998 -166.389 -162.667 178.105 -149.109 -178.597 58.7487 16.8928 14.1981 6.3655 4.73116 -1.00688 11.4452 -4.98364 -3.98301 4.0433 -41.8023 -0.268442 178.156 -177.561 -178.941 176.669 -144.525 173.404 1.05105 -1.30282 -0.01971 2.19171 10.9988 4.81512 1.19922 -3.00792 1.15468 1.3011 -36.7871 3.41653 179.194 -178.91 -179.979 178.704 167.695 -179.853 1.25845 -5.54276 1.14975
-161.882 94.9336 35.5602 1.85581 25.0297 -4.55781 178.909 157.762 -179.466 178.909 157.762 -179.466 178.909 157.762 -179.466 178.909 157.762 -179.466 6.01834 -29.928 -0.649007 123.976 150.965 156.221 7.96863 10.935 -11.9541 172.976 -166.358 -162.609 178.178 -149.209 -178.598 58.6753 16.9233 14.2201 6.38927 4.73925 -1.01747 11.4899 -4.98525 -3.99547 3.98109 -41.7828 -0.27784 178.164 -177.615 -178.963 176.658 -144.682 173.389 1.05105 -1.29869 -0.01971 2.20112 10.9841 4.79617 1.19946 -3.01998 1.15469 1.27978 -36.619 3.3309 179.194 -178.91 -179.979 178.711 167.72 -179.822 1.25771 -5.50588 1.14968
-161.876 94.9387 35.5931 1.82777 24.8903 -4.51103 178.932 157.842 -179.48 178.932 157.842 -179.48 178.932 157.842 -179.48 178.932 157.842 -179.48 5.87641 -29.8808 -0.6487 124.023 150.927 156.233 7.95789 11.0164 -11.9204 172.977 -166.35 -162.57 178.253 -149.309 -178.6 58.6024 16.9522 14.2405 6.4142 4.74989 -1.02844 11.5166 -4.98254 -4.00703 3.91969 -41.7634 -0.292429 178.172 -177.669 -178.977 176.647 -144.837 173.369 1.05105 -1.29451 -0.0197099 2.21008 10.9692 4.78028 1.19965 -3.02921 1.1547 1.25803 -36.4511 3.24605 179.194 -178.909 -179.979 178.72 167.744 -179.794 1.25713 -5.47755 1.14962
-161.87 94.9439 35.6266 1.79956 24.7519 -4.46314 178.956 157.922 -179.494 178.956 157.922 -179.494 178.956 157.922 -179.494 178.956 157.922 -179.494 5.73041 -29.8303 -0.648372 124.067 150.905 156.248 7.945 11.1006 -11.8876 172.956 -166.345 -162.531 178.327 -149.417 -178.601 58.5253 16.9852 14.2692 6.43701 4.75667 -1.03953 11.5724 -4.98658 -4.02194 3.85732 -41.7441 -0.295627 178.182 -177.724 -179.005 176.635 -144.993 173.346 1.05105 -1.29031 -0.0197099 2.21885 10.954 4.76628 1.19995 -3.044 1.15472 1.23601 -36.2835 3.15073 179.194 -178.909 -179.979 178.727 167.77 -179.757 1.25617 -5.42956 1.14953
-161.863 94.9492 35.6608 1.77134 24.6143 -4.41456 178.979 158.003 -179.509 178.979 158.003 -179.509 178.979 158.003 -179.509 178.979 158.003 -179.509 5.58245 -29.7798 -0.648045 124.118 150.873 156.262 7.92008 11.1511 -11.8448 172.954 -166.361 -162.509 178.403 -149.521 -178.603 58.4505 17.0152 14.2928 6.46154 4.76832 -1.05102 11.598 -4.98374 -4.03472 3.79732 -41.725 -0.30933 178.19 -177.777 -179.018 176.623 -145.147 173.32 1.05105 -1.28609 -0.0197099 2.22725 10.9386 4.75467 1.20014 -3.0534 1.15473 1.21372 -36.1162 3.06121 179.194 -178.908 -179.979 178.736 167.796 -179.727 1.25556 -5.3993 1.14947
-161.857 94.9545 35.6957 1.74333 24.4776 -4.36569 179.002 158.085 -179.524 179.002 158.085 -179.524 179.002 158.085 -179.524 179.002 158.085 -179.524 5.43215 -29.7265 -0.6477 124.171 150.848 156.276 7.88808 11.1876 -11.7979 172.952 -166.389 -162.498 178.48 -149.63 -178.604 58.3734 17.0463 14.3213 6.4853 4.7786 -1.06282 11.6296 -4.98214 -4.04849 3.73832 -41.706 -0.31817 178.198 -177.83 -179.037 176.611 -145.302 173.292 1.05105 -1.28188 -0.0197098 2.23533 10.9229 4.74522 1.20037 -3.06466 1.15474 1.19133 -35.9492 2.96639 179.194 -178.908 -179.979 178.744 167.823 -179.691 1.25481 -5.362 1.1494
-161.85 94.9599 35.7312 1.71574 24.3418 -4.31694 179.025 158.168 -179.539 179.025 158.168 -179.539 179.025 158.168 -179.539 179.025 158.168 -179.539 5.28002 -29.6692 -0.647331 124.228 150.826 156.287 7.84524 11.2034 -11.7446 172.972 -166.441 -162.505 178.558 -149.745 -178.606 58.2934 17.0807 14.3556 6.50675 4.7873 -1.07451 11.6842 -4.98629 -4.06494 3.68035 -41.6873 -0.319137 178.208 -177.884 -179.066 176.599 -145.455 173.26 1.05105 -1.27768 -0.0197098 2.24298 10.9069 4.73855 1.20068 -3.08004 1.15476 1.16897 -35.7826 2.86559 179.194 -178.907 -179.979 178.752 167.85 -179.65 1.25373 -5.3088 1.1493
-161.844 94.9654 35.7672 1.68871 24.2067 -4.26875 179.047 158.252 -179.554 179.047 158.252 -179.554 179.047 158.252 -179.554 179.047 158.252 -179.554 5.12725 -29.611 -0.646957 124.287 150.804 156.3 7.79355 11.196 -11.6849 172.996 -166.509 -162.524 178.638 -149.859 -178.608 58.2145 17.1131 14.3878 6.52883 4.79926 -1.08654 11.7198 -4.98629 -4.08001 3.62568 -41.6688 -0.325948 178.216 -177.936 -179.085 176.587 -145.609 173.228 1.05106 -1.27352 -0.0197098 2.25044 10.8903 4.73291 1.20092 -3.09212 1.15477 1.14668 -35.6165 2.76874 179.194 -178.906 -179.979 178.761 167.878 -179.612 1.25289 -5.26687 1.14922
-161.838 94.971 35.8038 1.66245 24.0723 -4.22149 179.068 158.337 -179.569 179.068 158.337 -179.569 179.068 158.337 -179.569 179.068 158.337 -179.569 4.97406 -29.5503 -0.646567 124.35 150.784 156.312 7.7323 11.1665 -11.6192 173.028 -166.593 -162.558 178.72 -149.975 -178.609 58.135 17.1452 14.4217 6.55033 4.81238 -1.09877 11.751 -4.98519 -4.09492 3.57399 -41.6504 -0.332205 178.225 -177.988 -179.104 176.575 -145.762 173.196 1.05106 -1.26939 -0.0197097 2.25766 10.8733 4.72853 1.20115 -3.10377 1.15478 1.12459 -35.4508 2.67203 179.194 -178.905 -179.979 178.77 167.906 -179.573 1.25206 -5.22593 1.14915
-161.832 94.9766 35.841 1.63709 23.9386 -4.17556 179.088 158.422 -179.584 179.088 158.422 -179.584 179.088 158.422 -179.584 179.088 158.422 -179.584 4.82092 -29.4868 -0.646162 124.416 150.767 156.324 7.66124 11.1147 -11.5475 173.07 -166.695 -162.608 178.804 -150.093 -178.611 58.055 17.177 14.4571 6.57103 4.82673 -1.1111 11.7796 -4.98364 -4.10977 3.52572 -41.6323 -0.337885 178.234 -178.04 -179.122 176.564 -145.915 173.164 1.05106 -1.26532 -0.0197097 2.26469 10.8558 4.72511 1.20139 -3.11518 1.15479 1.1028 -35.2857 2.57593 179.194 -178.905 -179.979 178.779 167.935 -179.534 1.25125 -5.18533 1.14907
-161.826 94.9823 35.8785 1.6128 23.8055 -4.1313 179.107 158.507 -179.598 179.107 158.507 -179.598 179.107 158.507 -179.598 179.107 158.507 -179.598 4.66825 -29.4205 -0.64574 124.485 150.754 156.335 7.58016 11.04 -11.4701 173.121 -166.816 -162.672 178.89 -150.213 -178.613 57.9744 17.2085 14.4941 6.59081 4.84245 -1.12346 11.8058 -4.98173 -4.12452 3.48127 -41.6144 -0.342981 178.242 -178.091 -179.14 176.553 -146.068 173.133 1.05106 -1.26132 -0.0197097 2.27155 10.8377 4.7223 1.20161 -3.12632 1.15481 1.08142 -35.1211 2.48096 179.194 -178.904 -179.979 178.789 167.963 -179.494 1.25044 -5.14518 1.149
-161.821 94.988 35.9166 1.58969 23.673 -4.08902 179.125 158.594 -179.611 179.125 158.594 -179.611 179.125 158.594 -179.611 179.125 158.594 -179.611 4.51634 -29.3509 -0.645298 124.56 150.738 156.343 7.48597 10.9319 -11.3842 173.209 -166.972 -162.763 178.98 -150.336 -178.614 57.8929 17.2405 14.5333 6.60931 4.85923 -1.13579 11.8335 -4.98058 -4.13943 3.44099 -41.5968 -0.347455 178.251 -178.141 -179.158 176.542 -146.221 173.104 1.05106 -1.2574 -0.0197096 2.27825 10.819 4.72002 1.20184 -3.13791 1.15482 1.06053 -34.9573 2.38686 179.194 -178.903 -179.979 178.798 167.992 -179.452 1.24958 -5.10265 1.14892
-161.816 94.9938 35.955 1.56785 23.5411 -4.04897 179.141 158.681 -179.624 179.141 158.681 -179.624 179.141 158.681 -179.624 179.141 158.681 -179.624 4.36567 -29.2783 -0.644839 124.634 150.731 156.352 7.38394 10.8076 -11.2948 173.285 -167.133 -162.862 179.072 -150.46 -178.616 57.8112 17.271 14.5735 6.62694 4.87824 -1.14799 11.8552 -4.97802 -4.15371 3.4053 -41.5795 -0.351339 178.259 -178.191 -179.175 176.531 -146.374 173.077 1.05106 -1.25356 -0.0197096 2.28492 10.7997 4.71741 1.20206 -3.14837 1.15483 1.04021 -34.7941 2.2955 179.194 -178.903 -179.979 178.808 168.021 -179.411 1.2488 -5.06395 1.14886
-161.811 94.9997 35.9938 1.54736 23.4097 -4.01139 179.155 158.768 -179.636 179.155 158.768 -179.636 179.155 158.768 -179.636 179.155 158.768 -179.636 4.21645 -29.2023 -0.644361 124.712 150.728 156.361 7.27157 10.6589 -11.2002 173.37 -167.314 -162.976 179.167 -150.586 -178.618 57.729 17.3007 14.6152 6.6434 4.89904 -1.15998 11.875 -4.97522 -4.16767 3.37436 -41.5626 -0.354649 178.267 -178.239 -179.191 176.521 -146.526 173.053 1.05106 -1.24981 -0.0197096 2.29156 10.7797 4.7144 1.20226 -3.15842 1.15484 1.02055 -34.6317 2.20652 179.194 -178.902 -179.979 178.817 168.05 -179.37 1.24804 -5.02619 1.14879
-161.806 95.0057 36.0329 1.52825 23.2789 -3.97642 179.168 158.856 -179.647 179.168 158.856 -179.647 179.168 158.856 -179.647 179.168 158.856 -179.647 4.06887 -29.1226 -0.643861 124.792 150.73 156.368 7.14894 10.4854 -11.1003 173.466 -167.513 -163.106 179.265 -150.715 -178.619 57.6463 17.3295 14.6585 6.65864 4.92171 -1.17164 11.893 -4.97222 -4.18123 3.34837 -41.546 -0.357403 178.275 -178.287 -179.207 176.512 -146.679 173.032 1.05107 -1.24616 -0.0197096 2.29821 10.759 4.71069 1.20245 -3.16803 1.15485 1.00159 -34.4701 2.1202 179.194 -178.901 -179.979 178.827 168.079 -179.329 1.2473 -4.98945 1.14872
-161.802 95.0117 36.0723 1.51054 23.1487 -3.94419 179.179 158.944 -179.657 179.179 158.944 -179.657 179.179 158.944 -179.657 179.179 158.944 -179.657 3.92311 -29.0391 -0.643339 124.875 150.736 156.374 7.0162 10.287 -10.9957 173.572 -167.731 -163.251 179.367 -150.845 -178.621 57.5629 17.3572 14.7034 6.67264 4.94631 -1.18287 11.9094 -4.96905 -4.19433 3.32744 -41.5298 -0.359624 178.283 -178.334 -179.222 176.504 -146.832 173.015 1.05107 -1.24261 -0.0197095 2.30491 10.7376 4.70598 1.20264 -3.17716 1.15486 0.983397 -34.3093 2.03675 179.194 -178.901 -179.979 178.836 168.108 -179.287 1.24659 -4.95383 1.14866
-161.799 95.0178 36.1119 1.49422 23.019 -3.91475 179.188 159.033 -179.666 179.188 159.033 -179.666 179.188 159.033 -179.666 179.188 159.033 -179.666 3.77927 -28.9515 -0.642794 124.961 150.747 156.379 6.87362 10.0639 -10.8866 173.687 -167.968 -163.412 179.472 -150.977 -178.623 57.479 17.3836 14.7498 6.68536 4.97289 -1.19354 11.9243 -4.96575 -4.20692 3.31162 -41.5141 -0.361337 178.291 -178.38 -179.237 176.496 -146.984 173.003 1.05107 -1.23916 -0.0197095 2.3117 10.7155 4.7 1.20281 -3.18576 1.15487 0.966017 -34.1493 1.95634 179.194 -178.9 -179.979 178.846 168.136 -179.246 1.24589 -4.91938 1.1486
-161.795 95.024 36.1519 1.47926 22.8898 -3.8881 179.195 159.122 -179.674 179.195 159.122 -179.674 179.195 159.122 -179.674 179.195 159.122 -179.674 3.63745 -28.8597 -0.642226 125.05 150.763 156.381 6.7216 9.81652 -10.7735 173.812 -168.221 -163.586 179.581 -151.111 -178.625 57.3945 17.4085 14.798 6.6968 5.00148 -1.20352 11.9378 -4.96235 -4.21894 3.30088 -41.4989 -0.362573 178.298 -178.425 -179.251 176.489 -147.136 172.994 1.05107 -1.23581 -0.0197095 2.31862 10.6928 4.69252 1.20297 -3.19381 1.15488 0.949483 -33.9903 1.87904 179.194 -178.9 -179.979 178.855 168.164 -179.204 1.24522 -4.88616 1.14855
-161.793 95.0302 36.192 1.4656 22.7612 -3.86421 179.201 159.211 -179.682 179.201 159.211 -179.682 179.201 159.211 -179.682 179.201 159.211 -179.682 3.49769 -28.7633 -0.641632 125.141 150.784 156.382 6.56067 9.54544 -10.6569 173.947 -168.492 -163.775 179.692 -151.247 -178.627 57.3093 17.4318 14.8478 6.70698 5.03208 -1.2127 11.9501 -4.9589 -4.23035 3.29514 -41.4842 -0.363362 178.306 -178.469 -179.264 176.482 -147.289 172.991 1.05107 -1.23256 -0.0197094 2.3257 10.6694 4.68332 1.20312 -3.20126 1.15489 0.93382 -33.832 1.80487 179.194 -178.9 -179.979 178.864 168.192 -179.162 1.24458 -4.85417 1.14849
-161.79 95.0364 36.2323 1.45315 22.6331 -3.84298 179.205 159.3 -179.688 179.205 159.3 -179.688 179.205 159.3 -179.688 179.205 159.3 -179.688 3.36002 -28.6621 -0.641011 125.235 150.81 156.381 6.3915 9.25171 -10.5374 174.089 -168.777 -163.976 179.807 -151.386 -178.628 57.2234 17.4532 14.8994 6.71592 5.06465 -1.22094 11.9614 -4.95541 -4.24109 3.29423 -41.4701 -0.363739 178.313 -178.511 -179.277 176.476 -147.441 172.991 1.05107 -1.2294 -0.0197094 2.33297 10.6454 4.67222 1.20326 -3.2081 1.1549 0.919047 -33.6747 1.73376 179.194 -178.9 -179.979 178.873 168.22 -179.121 1.24396 -4.82343 1.14844
-161.788 95.0427 36.2729 1.44181 22.5055 -3.82428 179.207 159.39 -179.694 179.207 159.39 -179.694 179.207 159.39 -179.694 179.207 159.39 -179.694 3.22444 -28.5559 -0.640364 125.332 150.84 156.377 6.21486 8.93663 -10.4156 174.24 -169.075 -164.188 179.925 -151.527 -178.63 57.1369 17.4724 14.953 6.72363 5.09915 -1.22811 11.9719 -4.95193 -4.25113 3.29793 -41.4567 -0.363734 178.32 -178.552 -179.289 176.471 -147.593 172.997 1.05107 -1.22633 -0.0197094 2.34046 10.6208 4.65908 1.20339 -3.21428 1.1549 0.905172 -33.5181 1.66561 179.194 -178.899 -179.979 178.882 168.248 -179.079 1.24337 -4.79393 1.14839
-161.787 95.0491 36.3136 1.43149 22.3785 -3.80796 179.208 159.479 -179.699 179.208 159.479 -179.699 179.208 159.479 -179.699 179.208 159.479 -179.699 3.09095 -28.4444 -0.639687 125.431 150.876 156.371 6.03164 8.60182 -10.2922 174.397 -169.385 -164.41 0.0450743 -28.3299 1.36795 57.0497 17.4894 15.0085 6.73015 5.13549 -1.23409 11.9815 -4.94849 -4.26041 3.30597 -41.4439 -0.36338 178.326 -178.59 -179.301 176.467 -147.744 173.007 1.05107 -1.22333 -0.0197094 2.34817 10.5956 4.64379 1.2035 -3.21979 1.15491 0.892198 -33.3624 1.6003 179.194 -178.899 -179.979 178.89 168.275 -179.037 1.2428 -4.76563 1.14834
-161.786 95.0555 36.3545 1.42204 22.2519 -3.79382 179.208 159.569 -179.703 179.208 159.569 -179.703 179.208 159.569 -179.703 179.208 159.569 -179.703 2.95954 -28.3274 -0.638982 125.534 150.915 156.361 5.84287 8.24923 -10.1679 174.56 -169.705 -164.641 0.167565 -28.1838 1.36608 56.9618 17.5038 15.0661 6.73551 5.17357 -1.23876 11.9906 -4.9451 -4.26891 3.31802 -41.432 -0.362705 178.332 -178.627 -179.312 176.464 -147.896 173.022 1.05107 -1.22041 -0.0197094 2.35614 10.5699 4.62626 1.20359 -3.22462 1.15492 0.88012 -33.2074 1.53762 179.194 -178.899 -179.979 178.899 168.302 -178.996 1.24225 -4.73849 1.1483
-161.785 95.0619 36.3955 1.41335 22.1258 -3.78166 179.207 159.659 -179.707 179.207 159.659 -179.707 179.207 159.659 -179.707 179.207 159.659 -179.707 2.83018 -28.2047 -0.638246 125.64 150.959 156.347 5.64969 7.88115 -10.0435 174.729 -170.032 -164.878 0.291968 -28.0349 1.36418 56.8733 17.5155 15.126 6.73977 5.21326 -1.24202 11.9991 -4.9418 -4.27658 3.33372 -41.4208 -0.361736 178.338 -178.663 -179.322 176.461 -148.047 173.041 1.05108 -1.21755 -0.0197093 2.36436 10.5437 4.60647 1.20368 -3.22875 1.15492 0.868929 -33.0531 1.47732 179.194 -178.899 -179.979 178.906 168.329 -178.954 1.24173 -4.71247 1.14825
-161.785 95.0684 36.4367 1.40527 22.0002 -3.77125 179.204 159.749 -179.71 179.204 159.749 -179.71 179.204 159.749 -179.71 179.204 159.749 -179.71 2.70287 -28.0759 -0.63748 125.748 151.006 156.329 5.45329 7.50014 -9.91973 174.901 -170.364 -165.12 0.417882 -27.8829 1.36226 56.7842 17.5243 15.1882 6.74295 5.2544 -1.24378 12.0072 -4.93861 -4.2834 3.35268 -41.4105 -0.360494 178.344 -178.696 -179.332 176.459 -148.199 173.065 1.05108 -1.21475 -0.0197093 2.37283 10.517 4.5844 1.20375 -3.23216 1.15493 0.85861 -32.8994 1.41918 179.194 -178.899 -179.979 178.914 168.355 -178.912 1.24123 -4.6875 1.14821
-161.785 95.0749 36.478 1.39769 21.8749 -3.76237 179.201 159.838 -179.713 179.201 159.838 -179.713 179.201 159.838 -179.713 179.201 159.838 -179.713 2.57759 -27.9411 -0.636682 125.859 151.056 156.307 5.25497 7.10903 -9.79731 175.076 -170.698 -165.365 0.54488 -27.7277 1.36032 56.6945 17.5301 15.253 6.74509 5.29685 -1.24396 12.0149 -4.93555 -4.28934 3.37447 -41.4012 -0.359 178.349 -178.726 -179.34 176.458 -148.35 173.092 1.05108 -1.21199 -0.0197093 2.38155 10.49 4.56008 1.2038 -3.23487 1.15493 0.849143 -32.7462 1.36294 179.194 -178.899 -179.979 178.921 168.382 -178.87 1.24075 -4.66353 1.14817
-161.786 95.0814 36.5196 1.39047 21.7501 -3.75479 179.197 159.928 -179.715 179.197 159.928 -179.715 179.197 159.928 -179.715 179.197 159.928 -179.715 2.45433 -27.8001 -0.635854 125.974 151.109 156.28 5.05606 6.71083 -9.67697 175.253 -171.033 -165.612 0.672521 -27.569 1.35834 56.6042 17.5328 15.3203 6.74624 5.34041 -1.24251 12.0223 -4.93263 -4.29436 3.39868 -41.3927 -0.357266 178.354 -178.755 -179.348 176.457 -148.501 173.123 1.05108 -1.20926 -0.0197093 2.39051 10.4626 4.53356 1.20384 -3.23686 1.15493 0.840507 -32.5934 1.30833 179.194 -178.899 -179.979 178.927 168.408 -178.827 1.24028 -4.64048 1.14813
-161.787 95.088 36.5613 1.38348 21.6256 -3.74829 179.192 160.018 -179.717 179.192 160.018 -179.717 179.192 160.018 -179.717 179.192 160.018 -179.717 2.33308 -27.6527 -0.634995 126.091 151.163 156.248 4.85788 6.3087 -9.5594 175.429 -171.365 -165.858 0.800354 -27.4067 1.35634 56.5136 17.5323 15.3904 6.74643 5.38489 -1.2394 12.0294 -4.92988 -4.29846 3.42487 -41.3852 -0.355303 178.358 -178.781 -179.356 176.457 -148.651 173.157 1.05108 -1.20656 -0.0197093 2.39968 10.4348 4.50491 1.20387 -3.23816 1.15493 0.832675 -32.441 1.25512 179.194 -178.899 -179.979 178.933 168.434 -178.785 1.23984 -4.6183 1.1481
-161.788 95.0946 36.6032 1.37664 21.5013 -3.74267 179.187 160.107 -179.718 179.187 160.107 -179.718 179.187 160.107 -179.718 179.187 160.107 -179.718 2.21383 -27.499 -0.634106 126.211 151.22 156.211 4.66178 5.9059 -9.44525 175.605 -171.692 -166.101 0.92795 -27.2407 1.35431 56.4226 17.5285 15.4633 6.74567 5.43011 -1.23461 12.0363 -4.92729 -4.30161 3.45262 -41.3787 -0.353115 178.362 -178.804 -179.362 176.458 -148.802 173.195 1.05108 -1.20388 -0.0197092 2.40906 10.4068 4.47425 1.20388 -3.23876 1.15493 0.825618 -32.2888 1.20307 179.194 -178.899 -179.979 178.939 168.46 -178.742 1.23941 -4.59692 1.14806
-161.79 95.1012 36.6454 1.36982 21.3773 -3.73773 179.182 160.196 -179.72 179.182 160.196 -179.72 179.182 160.196 -179.72 179.182 160.196 -179.72 2.09656 -27.3391 -0.633188 126.334 151.277 156.169 4.46907 5.50573 -9.33509 175.777 -172.012 -166.341 1.05489 -27.0709 1.35225 56.3314 17.5215 15.5391 6.74402 5.47587 -1.22817 12.043 -4.92488 -4.3038 3.48152 -41.3732 -0.350701 178.366 -178.825 -179.368 176.459 -148.953 173.235 1.05108 -1.20121 -0.0197092 2.41861 10.3785 4.44168 1.20388 -3.2387 1.15493 0.819305 -32.1367 1.15198 179.194 -178.899 -179.979 178.944 168.486 -178.699 1.23899 -4.57627 1.14803
-161.792 95.1079 36.6878 1.36295 21.2535 -3.73331 179.176 160.285 -179.722 179.176 160.285 -179.722 179.176 160.285 -179.722 179.176 160.285 -179.722 1.98125 -27.1731 -0.632244 126.46 151.334 156.121 4.28096 5.11134 -9.2294 175.946 -172.322 -166.575 1.1808 -26.8971 1.35017 56.24 17.5114 15.6176 6.74148 5.522 -1.22011 12.0494 -4.92264 -4.30505 3.5112 -41.3687 -0.348056 178.37 -178.844 -179.372 176.461 -149.104 173.278 1.05108 -1.19855 -0.0197092 2.4283 10.3499 4.40736 1.20386 -3.23799 1.15493 0.813704 -31.9846 1.10165 179.194 -178.899 -179.979 178.948 168.512 -178.656 1.23859 -4.5563 1.148
-161.795 95.1146 36.7304 1.35597 21.1298 -3.72925 179.171 160.374 -179.723 179.171 160.374 -179.723 179.171 160.374 -179.723 179.171 160.374 -179.723 1.86786 -27.0011 -0.631274 126.588 151.391 156.068 4.09859 4.72578 -9.12858 176.11 -172.621 -166.802 1.30533 -26.7196 1.34806 56.1485 17.4982 15.6991 6.73809 5.56832 -1.2105 12.0556 -4.92058 -4.30535 3.5413 -41.3652 -0.345174 178.373 -178.86 -179.376 176.464 -149.254 173.322 1.05108 -1.19588 -0.0197092 2.4381 10.3211 4.37147 1.20384 -3.23666 1.15493 0.80878 -31.8325 1.05193 179.194 -178.899 -179.979 178.953 168.538 -178.612 1.2382 -4.53695 1.14797
-161.798 95.1213 36.7734 1.34881 21.0061 -3.72544 179.165 160.463 -179.725 179.165 160.463 -179.725 179.165 160.463 -179.725 179.165 160.463 -179.725 1.75633 -26.8235 -0.630281 126.719 151.447 156.01 3.92296 4.35192 -9.03297 176.268 -172.907 -167.02 1.4282 -26.5382 1.34592 56.0572 17.4821 15.7833 6.73384 5.61468 -1.19943 12.0616 -4.91869 -4.30474 3.57151 -41.3626 -0.34204 178.375 -178.873 -179.38 176.467 -149.405 173.369 1.05108 -1.19321 -0.0197092 2.44796 10.2921 4.33417 1.2038 -3.23473 1.15493 0.804496 -31.6801 1.0027 179.194 -178.899 -179.979 178.956 168.564 -178.569 1.23782 -4.51816 1.14794
-161.801 95.1281 36.8167 1.34144 20.8824 -3.72177 179.16 160.551 -179.726 179.16 160.551 -179.726 179.16 160.551 -179.726 179.16 160.551 -179.726 1.6466 -26.6405 -0.629268 126.852 151.502 155.946 3.755 3.99239 -8.94277 176.419 -173.179 -167.229 1.54917 -26.3532 1.34376 55.9659 17.4633 15.8701 6.72878 5.66093 -1.18701 12.0674 -4.91696 -4.30322 3.60156 -41.3609 -0.338645 178.378 -178.884 -179.382 176.471 -149.556 173.417 1.05108 -1.19053 -0.0197091 2.45786 10.2629 4.29565 1.20375 -3.23226 1.15493 0.800815 -31.5274 0.953862 179.194 -178.899 -179.979 178.959 168.591 -178.525 1.23746 -4.49989 1.14791
-161.804 95.1349 36.8604 1.33384 20.7587 -3.71818 179.155 160.639 -179.728 179.155 160.639 -179.728 179.155 160.639 -179.728 179.155 160.639 -179.728 1.53858 -26.4527 -0.628239 126.988 151.555 155.877 3.59544 3.64954 -8.85815 176.561 -173.435 -167.427 1.66808 -26.1648 1.34158 55.8749 17.4421 15.9594 6.72292 5.70695 -1.17339 12.0728 -4.91536 -4.30086 3.63121 -41.36 -0.334969 178.38 -178.893 -179.384 176.475 -149.708 173.466 1.05109 -1.18784 -0.0197091 2.46776 10.2334 4.25609 1.20369 -3.22926 1.15492 0.797698 -31.3743 0.905367 179.194 -178.898 -179.979 178.962 168.618 -178.482 1.2371 -4.4821 1.14788
-161.808 95.1418 36.9045 1.32599 20.635 -3.71461 179.15 160.727 -179.73 179.15 160.727 -179.73 179.15 160.727 -179.73 179.15 160.727 -179.73 1.43216 -26.2605 -0.627195 127.126 151.606 155.804 3.4449 3.32539 -8.77914 176.696 -173.674 -167.614 1.78484 -25.9732 1.33938 55.7842 17.4187 16.0509 6.71629 5.75264 -1.15872 12.078 -4.91389 -4.29768 3.66028 -41.3599 -0.330996 178.382 -178.899 -179.385 176.479 -149.86 173.517 1.05109 -1.18514 -0.0197091 2.47763 10.2036 4.21568 1.20362 -3.22577 1.15492 0.795105 -31.2208 0.857187 179.194 -178.898 -179.979 178.965 168.646 -178.438 1.23675 -4.46474 1.14785
-161.812 95.1488 36.949 1.31791 20.5111 -3.71104 179.145 160.815 -179.732 179.145 160.815 -179.732 179.145 160.815 -179.732 179.145 160.815 -179.732 1.32723 -26.0644 -0.626142 127.265 151.654 155.727 3.30384 3.02167 -8.70575 176.821 -173.897 -167.79 1.89941 -25.7787 1.33718 55.6939 17.3936 16.1444 6.70893 5.79791 -1.14317 12.0828 -4.91251 -4.29377 3.68862 -41.3605 -0.326714 178.384 -178.903 -179.385 176.484 -150.012 173.568 1.05109 -1.18243 -0.0197091 2.48742 10.1737 4.17457 1.20354 -3.22185 1.15491 0.792997 -31.0668 0.80933 179.194 -178.897 -179.979 178.967 168.674 -178.395 1.23641 -4.44778 1.14783
-161.816 95.1558 36.994 1.3096 20.387 -3.70746 179.14 160.903 -179.735 179.14 160.903 -179.735 179.14 160.903 -179.735 179.14 160.903 -179.735 1.22366 -25.8651 -0.625082 127.406 151.699 155.646 3.17258 2.73977 -8.63787 176.936 -174.101 -167.953 2.01183 -25.5817 1.33497 55.604 17.3671 16.2395 6.70087 5.84271 -1.12693 12.0872 -4.9112 -4.28918 3.71616 -41.3616 -0.322102 178.386 -178.906 -179.385 176.489 -150.164 173.62 1.05109 -1.17971 -0.0197091 2.49712 10.1434 4.13295 1.20345 -3.21752 1.15491 0.791332 -30.9121 0.76183 179.194 -178.897 -179.979 178.968 168.702 -178.351 1.23608 -4.43119 1.1478
-161.82 95.1629 37.0396 1.30111 20.2628 -3.70389 179.136 160.991 -179.737 179.136 160.991 -179.737 179.136 160.991 -179.737 179.136 160.991 -179.737 1.12129 -25.6631 -0.624019 127.549 151.74 155.561 3.05132 2.48081 -8.57537 177.042 -174.288 -168.103 2.12222 -25.3827 1.33276 55.5145 17.3397 16.336 6.69216 5.88698 -1.11019 12.0912 -4.90992 -4.28399 3.74282 -41.3632 -0.317148 178.388 -178.906 -179.384 176.495 -150.318 173.673 1.05109 -1.17697 -0.019709 2.5067 10.1128 4.09093 1.20336 -3.21283 1.1549 0.790071 -30.7568 0.714749 179.194 -178.896 -179.979 178.97 168.731 -178.308 1.23575 -4.41495 1.14778
-161.825 95.17 37.0857 1.29245 20.1384 -3.70035 179.132 161.078 -179.74 179.132 161.078 -179.74 179.132 161.078 -179.74 179.132 161.078 -179.74 1.01997 -25.4592 -0.622958 127.693 151.778 155.475 2.94014 2.24565 -8.51807 177.137 -174.457 -168.241 2.23072 -25.1821 1.33056 55.4254 17.3116 16.4333 6.68287 5.9307 -1.09316 12.0946 -4.90863 -4.27829 3.76859 -41.3652 -0.311839 178.389 -178.905 -179.383 176.501 -150.471 173.726 1.05109 -1.17423 -0.019709 2.51613 10.0818 4.04865 1.20326 -3.20781 1.1549 0.789172 -30.6009 0.668168 179.194 -178.895 -179.979 178.971 168.76 -178.266 1.23543 -4.39902 1.14775
-161.83 95.1773 37.1324 1.28368 20.0137 -3.6969 179.129 161.166 -179.743 179.129 161.166 -179.743 179.129 161.166 -179.743 179.129 161.166 -179.743 0.919559 -25.2545 -0.621904 127.833 151.819 155.389 2.84133 2.04755 -8.46798 177.2 -174.597 -168.354 2.33728 -24.9809 1.32838 55.3358 17.2871 16.5311 6.67378 5.96939 -1.07621 12.0963 -4.90692 -4.27184 3.7932 -41.3675 -0.306276 178.391 -178.903 -179.381 176.507 -150.626 173.778 1.05109 -1.17148 -0.019709 2.52527 10.0506 4.00708 1.20316 -3.20287 1.15489 0.78859 -30.4443 0.622646 179.194 -178.894 -179.979 178.973 168.791 -178.224 1.23514 -4.38447 1.14773
-161.835 95.1846 37.1798 1.27484 19.8889 -3.69358 179.126 161.254 -179.746 179.126 161.254 -179.746 179.126 161.254 -179.746 179.126 161.254 -179.746 0.819916 -25.0485 -0.620855 127.978 151.849 155.299 2.75014 1.86186 -8.42043 177.275 -174.731 -168.467 2.44266 -24.7786 1.3262 55.2472 17.2597 16.6291 6.66365 6.01125 -1.05924 12.0985 -4.90543 -4.26536 3.81725 -41.3699 -0.30024 178.392 -178.9 -179.379 176.514 -150.78 173.832 1.05109 -1.16874 -0.019709 2.53442 10.0188 3.96447 1.20304 -3.19737 1.15489 0.788297 -30.287 0.577382 179.194 -178.893 -179.979 178.974 168.821 -178.183 1.23483 -4.36918 1.14771
-161.84 95.1921 37.2278 1.26597 19.764 -3.69044 179.122 161.342 -179.749 179.122 161.342 -179.749 179.122 161.342 -179.749 179.122 161.342 -179.749 0.720922 -24.8426 -0.619818 128.124 151.874 155.208 2.66859 1.69986 -8.37714 177.343 -174.85 -168.568 2.54697 -24.5761 1.32405 55.1591 17.2325 16.7267 6.65307 6.05322 -1.04255 12.1003 -4.90389 -4.25872 3.8406 -41.3724 -0.293813 178.394 -178.896 -179.377 176.52 -150.936 173.886 1.05109 -1.166 -0.019709 2.54343 9.98657 3.9217 1.20293 -3.19164 1.15488 0.788251 -30.129 0.532951 179.194 -178.892 -179.979 178.975 168.853 -178.142 1.23453 -4.35406 1.14768
-161.845 95.1996 37.2765 1.25714 19.6388 -3.68756 179.119 161.43 -179.752 179.119 161.43 -179.752 179.119 161.43 -179.752 179.119 161.43 -179.752 0.622457 -24.6374 -0.618796 128.269 151.895 155.118 2.59668 1.56317 -8.33811 177.402 -174.952 -168.658 2.65047 -24.3741 1.32193 55.0711 17.2061 16.8234 6.64224 6.09478 -1.02634 12.1014 -4.9022 -4.25199 3.86327 -41.3748 -0.287005 178.396 -178.891 -179.374 176.527 -151.092 173.941 1.05109 -1.16326 -0.019709 2.55231 9.95381 3.87874 1.20281 -3.18573 1.15487 0.788415 -29.9704 0.489489 179.194 -178.891 -179.979 178.976 168.885 -178.102 1.23423 -4.33917 1.14766
-161.851 95.2072 37.326 1.24839 19.5136 -3.685 179.116 161.518 -179.755 179.116 161.518 -179.755 179.116 161.518 -179.755 179.116 161.518 -179.755 0.524428 -24.4334 -0.617791 128.415 151.912 155.028 2.53426 1.45222 -8.30319 177.452 -175.039 -168.735 2.75348 -24.1729 1.31983 54.9833 17.1811 16.9189 6.63129 6.13583 -1.01082 12.1019 -4.90029 -4.24525 3.88537 -41.377 -0.279819 178.398 -178.886 -179.371 176.534 -151.249 173.997 1.05109 -1.16054 -0.0197089 2.56111 9.92049 3.83546 1.20269 -3.17969 1.15487 0.788754 -29.8111 0.447129 179.194 -178.89 -179.979 178.977 168.917 -178.063 1.23393 -4.32449 1.14764
-161.857 95.215 37.3762 1.23976 19.3882 -3.68282 179.114 161.607 -179.758 179.114 161.607 -179.758 179.114 161.607 -179.758 179.114 161.607 -179.758 0.426769 -24.2312 -0.616806 128.559 151.924 154.94 2.48115 1.36732 -8.27218 177.492 -175.11 -168.801 2.85634 -23.973 1.31778 54.8955 17.1579 17.0128 6.62033 6.17636 -0.996126 12.1016 -4.89811 -4.2386 3.90698 -41.379 -0.272256 178.401 -178.88 -179.368 176.541 -151.407 174.053 1.0511 -1.15782 -0.0197089 2.56986 9.88654 3.79171 1.20256 -3.17354 1.15486 0.789236 -29.6512 0.406001 179.194 -178.889 -179.979 178.978 168.95 -178.025 1.23364 -4.31 1.14762
-161.862 95.2229 37.4272 1.23129 19.2627 -3.68107 179.111 161.696 -179.761 179.111 161.696 -179.761 179.111 161.696 -179.761 179.111 161.696 -179.761 0.329439 -24.0313 -0.615842 128.702 151.932 154.854 2.43718 1.30875 -8.24494 177.522 -175.166 -168.855 2.95934 -23.7749 1.31576 54.8076 17.1366 17.1046 6.60949 6.21638 -0.982426 12.1004 -4.89562 -4.23213 3.9282 -41.3807 -0.26432 178.403 -178.875 -179.365 176.548 -151.565 174.11 1.0511 -1.15513 -0.0197089 2.57862 9.85192 3.74724 1.20244 -3.16732 1.15485 0.789831 -29.4907 0.366229 179.194 -178.888 -179.979 178.98 168.984 -177.988 1.23335 -4.29568 1.14759
-161.868 95.2309 37.479 1.22302 19.1369 -3.6798 179.108 161.786 -179.764 179.108 161.786 -179.764 179.108 161.786 -179.764 179.108 161.786 -179.764 0.232903 -23.8418 -0.614939 128.839 151.933 154.777 2.40608 1.28603 -8.2229 177.524 -175.199 -168.888 3.06213 -23.5854 1.31385 54.7196 17.1272 17.1894 6.6005 6.24798 -0.970777 12.0984 -4.89283 -4.22545 3.94881 -41.3821 -0.255292 178.406 -178.869 -179.363 176.555 -151.724 174.165 1.0511 -1.15243 -0.0197089 2.58666 9.8168 3.70636 1.20234 -3.16254 1.15485 0.790477 -29.3295 0.330296 179.194 -178.886 -179.979 178.981 169.018 -177.955 1.23314 -4.28507 1.14758
-161.874 95.239 37.5315 1.21499 19.0113 -3.67906 179.105 161.876 -179.767 179.105 161.876 -179.767 179.105 161.876 -179.767 179.105 161.876 -179.767 0.136295 -23.6479 -0.614024 128.979 151.931 154.696 2.37972 1.27937 -8.20256 177.534 -175.222 -168.917 3.1661 -23.392 1.31193 54.6303 17.1135 17.2764 6.5908 6.28368 -0.959675 12.0955 -4.88964 -4.21941 3.96941 -41.383 -0.246553 178.409 -178.864 -179.36 176.563 -151.884 174.225 1.0511 -1.14978 -0.0197089 2.59553 9.78071 3.66006 1.20222 -3.1567 1.15484 0.791214 -29.168 0.293662 179.194 -178.885 -179.979 178.983 169.053 -177.92 1.23288 -4.27206 1.14756
-161.88 95.2472 37.585 1.20722 18.8856 -3.67887 179.103 161.966 -179.769 179.103 161.966 -179.769 179.103 161.966 -179.769 179.103 161.966 -179.769 0.0400522 -23.457 -0.613133 129.119 151.923 154.617 2.36111 1.29677 -8.18521 177.545 -175.234 -168.94 3.27117 -23.201 1.31005 54.5411 17.1001 17.3603 6.58122 6.32123 -0.949726 12.0918 -4.88603 -4.21396 3.98997 -41.3833 -0.237561 178.413 -178.859 -179.357 176.57 -152.044 174.288 1.0511 -1.14715 -0.0197088 2.60469 9.74379 3.61154 1.2021 -3.15057 1.15483 0.791989 -29.0059 0.2585 179.194 -178.884 -179.979 178.985 169.088 -177.886 1.2326 -4.25838 1.14754
-161.886 95.2555 37.6392 1.19971 18.76 -3.67926 179.1 162.058 -179.772 179.1 162.058 -179.772 179.1 162.058 -179.772 179.1 162.058 -179.772 179.944 -156.73 179.388 129.257 151.91 154.541 2.35075 1.34062 -8.1712 177.552 -175.232 -168.953 3.37746 -23.0127 1.30821 54.4517 17.0886 17.4409 6.57205 6.35932 -0.941101 12.0875 -4.88201 -4.20908 4.01045 -41.3831 -0.228235 178.416 -178.854 -179.354 176.577 -152.205 174.354 1.0511 -1.14456 -0.0197088 2.61417 9.70601 3.56068 1.20198 -3.14439 1.15483 0.792777 -28.8434 0.225039 179.194 -178.882 -179.979 178.986 169.123 -177.853 1.23233 -4.24454 1.14752
-161.893 95.264 37.6943 1.19249 18.6343 -3.68022 179.096 162.149 -179.774 179.096 162.149 -179.774 179.096 162.149 -179.774 179.096 162.149 -179.774 179.849 -156.914 179.389 129.392 151.892 154.469 2.34878 1.41205 -8.16074 177.553 -175.216 -168.955 3.48507 -22.8276 1.30642 54.3618 17.0794 17.5179 6.5635 6.39739 -0.933908 12.0824 -4.87755 -4.20476 4.03084 -41.3824 -0.218563 178.42 -178.849 -179.351 176.584 -152.366 174.423 1.0511 -1.142 -0.0197088 2.62406 9.66731 3.50696 1.20185 -3.13826 1.15482 0.793559 -28.6804 0.193338 179.194 -178.881 -179.979 178.988 169.159 -177.822 1.23205 -4.23067 1.1475
-161.899 95.2726 37.7502 1.18555 18.5087 -3.68174 179.093 162.241 -179.775 179.093 162.241 -179.775 179.093 162.241 -179.775 179.093 162.241 -179.775 179.753 -157.1 179.389 129.523 151.885 154.398 2.35844 1.52968 -8.15773 177.529 -175.179 -168.938 3.59472 -22.6396 1.30463 54.2717 17.0624 17.5952 6.55416 6.44388 -0.927323 12.0741 -4.87199 -4.20127 4.05118 -41.381 -0.20922 178.424 -178.845 -179.348 176.591 -152.528 174.502 1.0511 -1.13951 -0.0197088 2.63549 9.62737 3.4437 1.20169 -3.13037 1.15481 0.79435 -28.5172 0.161393 179.194 -178.88 -179.979 178.99 169.195 -177.789 1.23167 -4.21215 1.14747
-161.905 95.2813 37.8069 1.17888 18.3831 -3.68381 179.09 162.334 -179.777 179.09 162.334 -179.777 179.09 162.334 -179.777 179.09 162.334 -179.777 179.659 -157.275 179.39 129.65 151.864 154.336 2.37541 1.667 -8.15651 177.502 -175.128 -168.912 3.70527 -22.4609 1.30294 54.1811 17.0572 17.6645 6.54726 6.48228 -0.92317 12.0664 -4.86636 -4.19806 4.07125 -41.3792 -0.19881 178.429 -178.841 -179.345 176.598 -152.691 174.58 1.0511 -1.13701 -0.0197088 2.6466 9.5867 3.38193 1.20157 -3.12436 1.1548 0.795068 -28.3534 0.133342 179.194 -178.879 -179.979 178.992 169.232 -177.76 1.23139 -4.19785 1.14745
-161.911 95.2901 37.8645 1.17246 18.2574 -3.68637 179.087 162.427 -179.778 179.087 162.427 -179.778 179.087 162.427 -179.778 179.087 162.427 -179.778 179.565 -157.446 179.391 129.775 151.838 154.278 2.40053 1.8317 -8.15912 177.467 -175.061 -168.874 3.81724 -22.2856 1.3013 54.0895 17.0558 17.7303 6.54151 6.51877 -0.92064 12.0578 -4.8602 -4.19537 4.09112 -41.377 -0.188063 178.434 -178.837 -179.342 176.604 -152.854 174.663 1.0511 -1.13454 -0.0197088 2.65843 9.54502 3.31541 1.20146 -3.11867 1.1548 0.795731 -28.1891 0.107069 179.194 -178.878 -179.979 178.995 169.268 -177.732 1.23111 -4.18379 1.14743
-161.918 95.299 37.9229 1.16627 18.1318 -3.68938 179.083 162.521 -179.779 179.083 162.521 -179.779 179.083 162.521 -179.779 179.083 162.521 -179.779 179.472 -157.614 179.392 129.896 151.808 154.224 2.43365 2.02452 -8.16582 177.425 -174.98 -168.825 3.93068 -22.1134 1.2997 53.9971 17.0569 17.7922 6.53681 6.55459 -0.919668 12.0482 -4.85347 -4.19325 4.11076 -41.3743 -0.176968 178.439 -178.834 -179.34 176.611 -153.018 174.752 1.0511 -1.13211 -0.0197087 2.67112 9.50228 3.24336 1.20135 -3.11319 1.15479 0.796325 -28.0245 0.0824906 179.194 -178.877 -179.979 178.997 169.305 -177.706 1.23082 -4.16962 1.14741
-161.924 95.3081 37.982 1.16029 18.0062 -3.69278 179.08 162.615 -179.78 179.08 162.615 -179.78 179.08 162.615 -179.78 179.08 162.615 -179.78 179.38 -157.778 179.392 130.014 151.774 154.174 2.47451 2.24498 -8.17675 177.376 -174.883 -168.765 4.04557 -21.9443 1.29815 53.9042 17.0601 17.8502 6.53317 6.58999 -0.920218 12.0376 -4.84618 -4.1917 4.13009 -41.3711 -0.165516 178.444 -178.831 -179.337 176.617 -153.182 174.848 1.05111 -1.1297 -0.0197087 2.68474 9.45846 3.16511 1.20124 -3.10795 1.15479 0.796835 -27.8595 0.059525 179.194 -178.876 -179.979 179 169.343 -177.681 1.23053 -4.15528 1.14739
-161.93 95.3172 38.042 1.15448 17.8806 -3.69647 179.076 162.71 -179.78 179.076 162.71 -179.78 179.076 162.71 -179.78 179.076 162.71 -179.78 179.288 -157.938 179.393 130.129 151.737 154.128 2.52273 2.49213 -8.19198 177.32 -174.772 -168.693 4.16183 -21.7782 1.29664 53.8107 17.0651 17.9044 6.5306 6.62507 -0.922252 12.0262 -4.83836 -4.19072 4.14902 -41.3676 -0.153694 178.449 -178.829 -179.335 176.624 -153.347 174.95 1.05111 -1.12731 -0.0197087 2.69941 9.41354 3.08003 1.20114 -3.10299 1.15478 0.797248 -27.694 0.038065 179.194 -178.875 -179.979 179.002 169.38 -177.656 1.23024 -4.14072 1.14737
-161.937 95.3264 38.1028 1.14881 17.755 -3.70037 179.073 162.805 -179.78 179.073 162.805 -179.78 179.073 162.805 -179.78 179.073 162.805 -179.78 179.198 -158.095 179.394 130.24 151.697 154.087 2.57786 2.76463 -8.21155 177.258 -174.647 -168.611 4.27935 -21.615 1.29517 53.7167 17.0718 17.9549 6.52909 6.65989 -0.925721 12.014 -4.82999 -4.19028 4.16746 -41.3637 -0.141489 178.455 -178.826 -179.332 176.629 -153.512 175.06 1.05111 -1.12495 -0.0197087 2.71518 9.3675 2.98755 1.20105 -3.09835 1.15478 0.797551 -27.5282 0.0179813 179.194 -178.874 -179.979 179.005 169.418 -177.633 1.22994 -4.12588 1.14734
-161.943 95.3357 38.1643 1.14323 17.6295 -3.70437 179.069 162.901 -179.78 179.069 162.901 -179.78 179.069 162.901 -179.78 179.069 162.901 -179.78 179.107 -158.25 179.394 130.349 151.654 154.049 2.63935 3.06079 -8.23546 177.191 -174.509 -168.518 4.39801 -21.4543 1.29374 53.6223 17.0798 18.0016 6.52865 6.69453 -0.930565 12.001 -4.8211 -4.19034 4.18531 -41.3596 -0.128885 178.461 -178.823 -179.33 176.635 -153.678 175.177 1.05111 -1.12261 -0.0197087 2.73212 9.32036 2.88715 1.20096 -3.09404 1.15477 0.797729 -27.362 -0.000883109 179.194 -178.874 -179.979 179.008 169.456 -177.611 1.22964 -4.11073 1.14732
-161.949 95.345 38.2265 1.13771 17.504 -3.70837 179.066 162.997 -179.78 179.066 162.997 -179.78 179.066 162.997 -179.78 179.066 162.997 -179.78 179.017 -158.402 179.395 130.448 151.62 154.018 2.70941 3.39774 -8.26669 177.095 -174.346 -168.403 4.51774 -21.2959 1.29234 53.5281 17.0871 18.0445 6.52899 6.73076 -0.936572 11.9856 -4.81115 -4.1908 4.20232 -41.355 -0.115845 178.466 -178.821 -179.328 176.64 -153.844 175.304 1.05111 -1.12029 -0.0197087 2.75051 9.27202 2.77686 1.20087 -3.08987 1.15477 0.797771 -27.1953 -0.0188795 179.194 -178.873 -179.979 179.01 169.494 -177.59 1.2293 -4.09408 1.1473
-161.955 95.3544 38.2895 1.13221 17.3786 -3.71226 179.063 163.094 -179.78 179.063 163.094 -179.78 179.063 163.094 -179.78 179.063 163.094 -179.78 178.928 -158.551 179.396 130.55 151.573 153.988 2.78188 3.73627 -8.29931 177.015 -174.184 -168.29 4.63828 -21.1399 1.29098 53.4331 17.0969 18.0841 6.53057 6.76531 -0.943943 11.9711 -4.80123 -4.19175 4.21869 -41.3504 -0.102394 178.472 -178.819 -179.325 176.646 -154.011 175.438 1.05111 -1.11796 -0.0197086 2.76989 9.22266 2.65949 1.2008 -3.08639 1.15476 0.797655 -27.0283 -0.0358117 179.194 -178.873 -179.979 179.013 169.533 -177.57 1.22898 -4.07811 1.14728
-161.962 95.3639 38.3532 1.12669 17.2532 -3.71592 179.06 163.191 -179.779 179.06 163.191 -179.779 179.06 163.191 -179.779 179.06 163.191 -179.779 178.839 -158.698 179.396 130.649 151.524 153.962 2.8585 4.09058 -8.33575 176.932 -174.013 -168.168 4.75953 -20.986 1.28964 53.3379 17.1072 18.1203 6.53311 6.79985 -0.952455 11.9561 -4.79086 -4.1931 4.23421 -41.3455 -0.0884933 178.478 -178.816 -179.323 176.65 -154.178 175.581 1.05111 -1.11563 -0.0197086 2.79048 9.17223 2.5334 1.20074 -3.08335 1.15476 0.79737 -26.8609 -0.0520659 179.194 -178.872 -179.979 179.016 169.572 -177.551 1.22865 -4.06167 1.14725
-161.968 95.3735 38.4175 1.1211 17.128 -3.71922 179.057 163.288 -179.779 179.057 163.288 -179.779 179.057 163.288 -179.779 179.057 163.288 -179.779 178.75 -158.844 179.397 130.745 151.472 153.939 2.93847 4.45801 -8.37579 176.846 -173.833 -168.039 4.88137 -20.8338 1.28833 53.2426 17.1178 18.1532 6.53653 6.83458 -0.962008 11.9405 -4.78006 -4.19481 4.24879 -41.3405 -0.0741217 178.484 -178.814 -179.32 176.655 -154.345 175.731 1.05111 -1.11329 -0.0197086 2.81225 9.12075 2.39859 1.20069 -3.08079 1.15476 0.796898 -26.6932 -0.0678428 179.194 -178.872 -179.979 179.019 169.611 -177.532 1.22831 -4.04471 1.14723
-161.974 95.383 38.4825 1.11541 17.0029 -3.72205 179.054 163.386 -179.778 179.054 163.386 -179.778 179.054 163.386 -179.778 179.054 163.386 -179.778 178.66 -158.988 179.397 130.84 151.418 153.919 3.02089 4.83532 -8.41905 176.758 -173.648 -167.904 5.00366 -20.6832 1.28705 53.1473 17.1283 18.183 6.54078 6.86957 -0.972501 11.9246 -4.76886 -4.19684 4.26238 -41.3353 -0.0592608 178.491 -178.812 -179.318 176.659 -154.512 175.89 1.05111 -1.11094 -0.0197086 2.83514 9.06829 2.25526 1.20065 -3.07873 1.15475 0.796224 -26.5252 -0.083348 179.194 -178.872 -179.979 179.022 169.651 -177.515 1.22796 -4.02719 1.1472
-161.98 95.3926 38.5481 1.1096 16.878 -3.72429 179.052 163.484 -179.778 179.052 163.484 -179.778 179.052 163.484 -179.778 179.052 163.484 -179.778 178.57 -159.131 179.398 130.933 151.364 153.902 3.10487 5.2191 -8.4651 176.669 -173.458 -167.763 5.12629 -20.5339 1.28579 53.052 17.1385 18.2097 6.5458 6.90491 -0.98383 11.9084 -4.7573 -4.19916 4.27494 -41.33 -0.0438958 178.497 -178.809 -179.315 176.663 -154.68 176.055 1.05111 -1.10856 -0.0197086 2.85905 9.01487 2.10375 1.20062 -3.07718 1.15475 0.795329 -26.3569 -0.0987772 179.194 -178.872 -179.979 179.025 169.691 -177.498 1.2276 -4.00904 1.14718
-161.986 95.4023 38.6143 1.10363 16.7533 -3.72585 179.05 163.582 -179.777 179.05 163.582 -179.777 179.05 163.582 -179.777 179.05 163.582 -179.777 178.48 -159.273 179.399 131.024 151.307 153.889 3.1895 5.60592 -8.51344 176.578 -173.265 -167.619 5.24914 -20.3857 1.28455 52.9568 17.1482 18.2334 6.55154 6.94067 -0.995884 11.8919 -4.74542 -4.20172 4.28643 -41.3247 -0.0280205 178.503 -178.807 -179.312 176.666 -154.847 176.228 1.05111 -1.10614 -0.0197086 2.88389 8.96058 1.94457 1.2006 -3.07618 1.15475 0.794197 -26.1884 -0.11432 179.194 -178.872 -179.979 179.029 169.731 -177.482 1.22722 -3.99022 1.14715
-161.991 95.4119 38.6811 1.09749 16.629 -3.72661 179.049 163.681 -179.777 179.049 163.681 -179.777 179.049 163.681 -179.777 179.049 163.681 -179.777 178.388 -159.414 179.399 131.113 151.25 153.878 3.27392 5.99236 -8.56353 176.489 -173.072 -167.471 5.37212 -20.2384 1.28333 52.8618 17.1571 18.2544 6.55793 6.97691 -1.00855 11.8752 -4.73323 -4.20451 4.29685 -41.3192 -0.0116415 178.509 -178.804 -179.31 176.669 -155.014 176.406 1.05111 -1.10369 -0.0197085 2.9095 8.90548 1.77842 1.20059 -3.07572 1.15475 0.79281 -26.0197 -0.130155 179.194 -178.872 -179.979 179.032 169.772 -177.467 1.22683 -3.9707 1.14712
-161.997 95.4216 38.7485 1.09116 16.5051 -3.72649 179.048 163.78 -179.777 179.048 163.78 -179.777 179.048 163.78 -179.777 179.048 163.78 -179.777 178.296 -159.556 179.4 131.202 151.192 153.87 3.35729 6.3751 -8.61477 176.4 -172.881 -167.322 5.49517 -20.0917 1.28212 52.7669 17.1652 18.2726 6.56492 7.01368 -1.02172 11.8584 -4.72079 -4.2075 4.30619 -41.3136 0.00526579 178.516 -178.802 -179.307 176.672 -155.181 176.59 1.05112 -1.10118 -0.0197085 2.93573 8.84966 1.60613 1.20059 -3.07582 1.15475 0.791152 -25.851 -0.146437 179.194 -178.873 -179.979 179.036 169.814 -177.452 1.22642 -3.95042 1.1471
-162.003 95.4313 38.8163 1.08463 16.3817 -3.72542 179.047 163.879 -179.777 179.047 163.879 -179.777 179.047 163.879 -179.777 179.047 163.879 -179.777 178.202 -159.697 179.4 131.29 151.133 153.864 3.43887 6.751 -8.66657 176.312 -172.692 -167.173 5.61821 -19.9455 1.28093 52.6721 17.1722 18.2882 6.57248 7.05102 -1.03528 11.8416 -4.70812 -4.21065 4.31449 -41.3079 0.0226608 178.522 -178.8 -179.304 176.674 -155.348 176.778 1.05112 -1.09862 -0.0197085 2.96242 8.79321 1.4287 1.2006 -3.07647 1.15475 0.789208 -25.6824 -0.163305 179.194 -178.873 -179.979 179.04 169.856 -177.437 1.226 -3.92937 1.14707
-162.008 95.4409 38.8846 1.0779 16.2588 -3.72333 179.047 163.979 -179.777 179.047 163.979 -179.777 179.047 163.979 -179.777 179.047 163.979 -179.777 178.106 -159.838 179.401 131.377 151.073 153.861 3.51796 7.11717 -8.71832 176.228 -172.509 -167.024 5.7412 -19.7995 1.27975 52.5776 17.178 18.3012 6.58056 7.08894 -1.04913 11.8247 -4.69526 -4.21397 4.32177 -41.3021 0.0405416 178.529 -178.799 -179.301 176.676 -155.514 176.969 1.05112 -1.09599 -0.0197085 2.98936 8.73623 1.2472 1.20063 -3.07767 1.15475 0.786965 -25.5138 -0.180871 179.194 -178.874 -179.979 179.044 169.898 -177.424 1.22556 -3.9075 1.14704
-162.014 95.4506 38.9533 1.07098 16.1365 -3.72017 179.047 164.079 -179.778 179.047 164.079 -179.778 179.047 164.079 -179.778 179.047 164.079 -179.778 178.009 -159.98 179.401 131.464 151.012 153.86 3.59398 7.471 -8.76943 176.146 -172.332 -166.878 5.86411 -19.6537 1.27858 52.4832 17.1825 18.3118 6.58913 7.12745 -1.06315 11.8079 -4.68224 -4.21742 4.3281 -41.2962 0.0588705 178.535 -178.797 -179.298 176.678 -155.68 177.161 1.05112 -1.0933 -0.0197085 3.01636 8.67881 1.06286 1.20066 -3.0794 1.15476 0.784411 -25.3455 -0.199216 179.194 -178.874 -179.979 179.049 169.941 -177.411 1.2251 -3.88479 1.14701
-162.019 95.4603 39.0225 1.06388 16.015 -3.71593 179.048 164.179 -179.778 179.048 164.179 -179.778 179.048 164.179 -179.778 179.048 164.179 -179.778 177.91 -160.122 179.402 131.551 150.951 153.861 3.66644 7.81023 -8.81935 176.068 -172.163 -166.736 5.98692 -19.5078 1.27742 52.3891 17.1857 18.3199 6.59817 7.16654 -1.07725 11.7912 -4.66909 -4.22101 4.33353 -41.2901 0.0776129 178.542 -178.796 -179.295 176.679 -155.845 177.354 1.05112 -1.09053 -0.0197085 3.04322 8.62107 0.87691 1.20071 -3.08165 1.15476 0.781538 -25.1774 -0.21839 179.194 -178.875 -179.979 179.054 169.984 -177.398 1.22463 -3.86123 1.14697
-162.025 95.4699 39.092 1.05661 15.8943 -3.71059 179.049 164.28 -179.78 179.049 164.28 -179.78 179.049 164.28 -179.78 179.049 164.28 -179.78 177.809 -160.265 179.402 131.639 150.89 153.865 3.73495 8.13298 -8.86756 175.995 -172.004 -166.598 6.10963 -19.3617 1.27628 52.2951 17.1874 18.3257 6.60766 7.20619 -1.09133 11.7746 -4.65585 -4.22472 4.33814 -41.2839 0.0967238 178.549 -178.796 -179.293 176.68 -156.01 177.546 1.05112 -1.08769 -0.0197084 3.06973 8.56311 0.690666 1.20076 -3.08439 1.15476 0.778342 -25.0098 -0.238412 179.194 -178.875 -179.979 179.059 170.028 -177.386 1.22414 -3.83681 1.14694
-162.03 95.4795 39.1619 1.04918 15.7745 -3.70416 179.051 164.381 -179.781 179.051 164.381 -179.781 179.051 164.381 -179.781 179.051 164.381 -179.781 177.706 -160.407 179.403 131.732 150.817 153.868 3.79636 8.42132 -8.91033 175.949 -171.866 -166.477 6.23213 -19.2156 1.27514 52.2005 17.1905 18.3296 6.61783 7.24377 -1.10548 11.7602 -4.64318 -4.22864 4.34226 -41.2776 0.1161 178.556 -178.796 -179.29 176.681 -156.174 177.735 1.05112 -1.08475 -0.0197084 3.09551 8.5051 0.506778 1.20082 -3.08734 1.15476 0.77482 -24.8426 -0.259142 179.194 -178.876 -179.979 179.065 170.072 -177.374 1.22367 -3.81324 1.14691
-162.035 95.4891 39.2322 1.04164 15.6555 -3.69666 179.052 164.483 -179.782 179.052 164.483 -179.782 179.052 164.483 -179.782 179.052 164.483 -179.782 177.601 -160.552 179.404 131.815 150.766 153.878 3.85912 8.72307 -8.95707 175.863 -171.716 -166.34 6.35474 -19.0686 1.274 52.1077 17.1868 18.3304 6.62794 7.28689 -1.11912 11.7419 -4.6292 -4.23249 4.34523 -41.2709 0.135782 178.564 -178.797 -179.288 176.681 -156.336 177.923 1.05112 -1.08177 -0.0197084 3.12096 8.44693 0.322486 1.2009 -3.09117 1.15477 0.770981 -24.6761 -0.280897 179.194 -178.877 -179.979 179.071 170.116 -177.363 1.22311 -3.78544 1.14687
-162.041 95.4987 39.3027 1.03399 15.5376 -3.68815 179.055 164.585 -179.784 179.055 164.585 -179.784 179.055 164.585 -179.784 179.055 164.585 -179.784 177.495 -160.695 179.404 131.908 150.694 153.886 3.91199 8.97525 -8.99493 175.825 -171.6 -166.23 6.47704 -18.9217 1.27288 52.0134 17.187 18.3296 6.63896 7.32524 -1.13286 11.7278 -4.61647 -4.23664 4.34812 -41.2641 0.155534 178.572 -178.798 -179.286 176.682 -156.498 178.103 1.05112 -1.07869 -0.0197084 3.14514 8.38898 0.144209 1.20097 -3.09485 1.15477 0.76683 -24.5101 -0.303101 179.194 -178.878 -179.979 179.078 170.161 -177.353 1.2226 -3.76031 1.14684
-162.046 95.5083 39.3735 1.02626 15.4206 -3.67869 179.057 164.687 -179.786 179.057 164.687 -179.786 179.057 164.687 -179.786 179.057 164.687 -179.786 177.387 -160.84 179.405 131.997 150.631 153.898 3.96283 9.22051 -9.0324 175.775 -171.486 -166.12 6.59936 -18.7742 1.27176 51.9199 17.1836 18.3263 6.65019 7.36616 -1.14616 11.7122 -4.60319 -4.24083 4.35035 -41.2571 0.175398 178.58 -178.801 -179.284 176.681 -156.659 178.28 1.05112 -1.07555 -0.0197084 3.16844 8.33111 -0.0306264 1.20106 -3.09908 1.15478 0.762385 -24.3449 -0.326005 179.194 -178.879 -179.979 179.085 170.206 -177.343 1.22205 -3.73279 1.1468
-162.051 95.5178 39.4446 1.0185 15.3045 -3.66836 179.06 164.79 -179.788 179.06 164.79 -179.788 179.06 164.79 -179.788 179.06 164.79 -179.788 177.277 -160.986 179.405 132.085 150.569 153.913 4.00953 9.44741 -9.06705 175.729 -171.383 -166.016 6.72163 -18.6263 1.27065 51.8268 17.1783 18.3207 6.6618 7.40782 -1.1591 11.6966 -4.5899 -4.24515 4.35221 -41.2498 0.19523 178.588 -178.805 -179.283 176.681 -156.82 178.45 1.05113 -1.07235 -0.0197083 3.19054 8.27348 -0.199734 1.20115 -3.10358 1.15478 0.757668 -24.1803 -0.349339 179.194 -178.88 -179.979 179.092 170.251 -177.334 1.22148 -3.70444 1.14677
-162.056 95.5274 39.5159 1.01071 15.1894 -3.65725 179.063 164.893 -179.79 179.063 164.893 -179.79 179.063 164.893 -179.79 179.063 164.893 -179.79 177.165 -161.132 179.406 132.174 150.507 153.93 4.05201 9.65482 -9.0985 175.689 -171.292 -165.921 6.84385 -18.478 1.26955 51.7338 17.1716 18.3127 6.67379 7.4499 -1.17168 11.6812 -4.57667 -4.24961 4.35382 -41.2422 0.214929 178.597 -178.809 -179.282 176.68 -156.979 178.612 1.05113 -1.0691 -0.0197083 3.21133 8.21615 -0.36216 1.20125 -3.10827 1.15479 0.752706 -24.0164 -0.372925 179.194 -178.881 -179.979 179.101 170.296 -177.325 1.2209 -3.67543 1.14673
-162.062 95.5369 39.5875 1.00294 15.0751 -3.6455 179.066 164.996 -179.793 179.066 164.996 -179.793 179.066 164.996 -179.793 179.066 164.996 -179.793 177.053 -161.278 179.406 132.263 150.445 153.949 4.09044 9.84318 -9.12674 175.655 -171.213 -165.834 6.96602 -18.3294 1.26845 51.6412 17.1636 18.3025 6.68616 7.4923 -1.18388 11.6661 -4.56354 -4.25421 4.35531 -41.2344 0.234391 178.606 -178.814 -179.282 176.68 -157.138 178.766 1.05113 -1.0658 -0.0197083 3.23069 8.15916 -0.517097 1.20134 -3.11308 1.15479 0.747535 -23.8531 -0.396559 179.194 -178.882 -179.979 179.109 170.341 -177.318 1.22031 -3.64584 1.14669
-162.067 95.5464 39.6593 0.995192 14.9616 -3.63322 179.069 165.099 -179.795 179.069 165.099 -179.795 179.069 165.099 -179.795 179.069 165.099 -179.795 176.939 -161.424 179.407 132.352 150.383 153.97 4.12504 10.0133 -9.15184 175.629 -171.146 -165.756 7.08815 -18.1808 1.26736 51.5489 17.1542 18.2899 6.6989 7.53502 -1.1957 11.6514 -4.55053 -4.25898 4.35678 -41.2264 0.253507 178.615 -178.821 -179.282 176.679 -157.296 178.912 1.05113 -1.06246 -0.0197083 3.24857 8.10254 -0.663882 1.20144 -3.11793 1.1548 0.742197 -23.6904 -0.420016 179.194 -178.883 -179.979 179.118 170.386 -177.311 1.21971 -3.6158 1.14665
-162.072 95.5559 39.7313 0.987497 14.8487 -3.62057 179.073 165.202 -179.797 179.073 165.202 -179.797 179.073 165.202 -179.797 179.073 165.202 -179.797 176.825 -161.57 179.407 132.441 150.321 153.994 4.15608 10.1664 -9.17394 175.61 -171.09 -165.686 7.21023 -18.0321 1.26629 51.4569 17.1435 18.275 6.71197 7.57803 -1.20715 11.6369 -4.53766 -4.26392 4.35835 -41.2181 0.272164 178.625 -178.828 -179.283 176.678 -157.453 179.049 1.05113 -1.0591 -0.0197083 3.26491 8.04631 -0.801999 1.20154 -3.12276 1.1548 0.736741 -23.528 -0.443051 179.194 -178.884 -179.979 179.128 170.432 -177.305 1.2191 -3.5854 1.14662
-162.078 95.5655 39.8036 0.979868 14.7362 -3.60768 179.076 165.305 -179.8 179.076 165.305 -179.8 179.076 165.305 -179.8 179.076 165.305 -179.8 176.71 -161.716 179.408 132.529 150.26 154.02 4.18384 10.3036 -9.19325 175.598 -171.045 -165.625 7.33226 -17.8837 1.26523 51.3655 17.1317 18.2577 6.72536 7.62136 -1.21827 11.6229 -4.52496 -4.26905 4.36015 -41.2096 0.290255 178.635 -178.836 -179.284 176.677 -157.611 179.176 1.05113 -1.05574 -0.0197082 3.27968 7.99048 -0.931085 1.20163 -3.1275 1.15481 0.731221 -23.366 -0.465405 179.194 -178.885 -179.979 179.137 170.477 -177.3 1.21848 -3.55479 1.14658
-162.083 95.575 39.8762 0.972304 14.6238 -3.59472 179.079 165.408 -179.802 179.079 165.408 -179.802 179.079 165.408 -179.802 179.079 165.408 -179.802 176.595 -161.858 179.408 132.619 150.189 154.048 4.20467 10.4113 -9.20582 175.612 -171.017 -165.58 7.45357 -17.7396 1.26421 51.2728 17.1294 18.2366 6.74006 7.65602 -1.22975 11.6149 -4.51429 -4.27445 4.36243 -41.2011 0.305742 178.646 -178.845 -179.283 176.677 -157.768 179.289 1.05113 -1.05232 -0.0197082 3.29199 7.9354 -1.0447 1.2017 -3.13097 1.15481 0.72569 -23.2039 -0.486266 179.194 -178.886 -179.979 179.147 170.522 -177.297 1.21802 -3.53167 1.14655
-162.088 95.5845 39.949 0.964853 14.5115 -3.5819 179.082 165.511 -179.804 179.082 165.511 -179.804 179.082 165.511 -179.804 179.082 165.511 -179.804 176.479 -162.005 179.409 132.703 150.138 154.079 4.23036 10.534 -9.22403 175.597 -170.985 -165.527 7.57604 -17.5887 1.26315 51.1838 17.1061 18.2162 6.75312 7.7073 -1.23969 11.5964 -4.50033 -4.27989 4.36493 -41.1922 0.324267 178.657 -178.855 -179.288 176.676 -157.926 179.404 1.05113 -1.04903 -0.0197082 3.30449 7.87991 -1.16143 1.20181 -3.1363 1.15482 0.720239 -23.0419 -0.506982 179.194 -178.888 -179.979 179.157 170.567 -177.293 1.21726 -3.49404 1.1465
-162.094 95.5941 40.0221 0.957464 14.3988 -3.56933 179.085 165.614 -179.806 179.085 165.614 -179.806 179.085 165.614 -179.806 179.085 165.614 -179.806 176.365 -162.145 179.409 132.79 150.071 154.112 4.24769 10.6228 -9.23376 175.614 -170.97 -165.492 7.69719 -17.4462 1.26215 51.0927 17.1011 18.1902 6.76834 7.74302 -1.25075 11.5885 -4.48994 -4.28561 4.36819 -41.1835 0.338166 178.668 -178.865 -179.288 176.676 -158.085 179.5 1.05113 -1.04567 -0.0197082 3.31386 7.82542 -1.25762 1.20187 -3.13941 1.15482 0.714904 -22.8792 -0.525276 179.194 -178.889 -179.979 179.168 170.612 -177.292 1.2168 -3.47079 1.14647
-162.1 95.6037 40.0955 0.950174 14.2855 -3.55723 179.088 165.715 -179.807 179.088 165.715 -179.807 179.088 165.715 -179.807 179.088 165.715 -179.807 176.251 -162.286 179.41 132.874 150.011 154.147 4.26511 10.7091 -9.24411 175.628 -170.96 -165.46 7.81867 -17.3017 1.26116 51.0029 17.0888 18.1638 6.78313 7.78366 -1.26123 11.578 -4.47871 -4.29156 4.37216 -41.1747 0.352568 178.679 -178.876 -179.291 176.675 -158.244 179.592 1.05114 -1.04241 -0.0197082 3.32248 7.77087 -1.35006 1.20194 -3.14287 1.15482 0.709781 -22.7159 -0.542246 179.194 -178.89 -179.979 179.178 170.656 -177.292 1.21624 -3.44288 1.14644
-162.106 95.6134 40.1693 0.942969 14.1714 -3.54577 179.091 165.816 -179.808 179.091 165.816 -179.808 179.091 165.816 -179.808 179.091 165.816 -179.808 176.138 -162.426 179.41 132.956 149.954 154.185 4.28111 10.7894 -9.25365 175.645 -170.956 -165.432 7.94015 -17.1585 1.26018 50.9147 17.0734 18.1347 6.79784 7.82682 -1.2715 11.5667 -4.46734 -4.29771 4.37697 -41.1658 0.366303 178.691 -178.887 -179.295 176.676 -158.405 179.677 1.05114 -1.03921 -0.0197081 3.3297 7.71649 -1.43395 1.20201 -3.14612 1.15483 0.704933 -22.5516 -0.55722 179.194 -178.892 -179.979 179.188 170.701 -177.293 1.21566 -3.414 1.14641
-162.112 95.6231 40.2435 0.93584 14.056 -3.53512 179.093 165.916 -179.809 179.093 165.916 -179.809 179.093 165.916 -179.809 179.093 165.916 -179.809 176.026 -162.563 179.41 133.036 149.899 154.225 4.29555 10.8633 -9.26221 175.666 -170.956 -165.409 8.06157 -17.0171 1.25923 50.8278 17.0561 18.103 6.81254 7.87131 -1.28169 11.5553 -4.4561 -4.30409 4.3828 -41.1571 0.379064 178.703 -178.898 -179.299 176.676 -158.567 179.754 1.05114 -1.03609 -0.0197081 3.33554 7.66224 -1.5094 1.20207 -3.14896 1.15483 0.700431 -22.386 -0.569921 179.194 -178.893 -179.979 179.198 170.745 -177.295 1.21509 -3.3854 1.14637
-162.118 95.6329 40.318 0.928776 13.939 -3.52544 179.094 166.015 -179.809 179.094 166.015 -179.809 179.094 166.015 -179.809 179.094 166.015 -179.809 175.915 -162.698 179.411 133.114 149.846 154.267 4.30843 10.9314 -9.26986 175.691 -170.961 -165.391 8.18289 -16.878 1.25829 50.7421 17.0376 18.069 6.82724 7.91665 -1.29191 11.5444 -4.44509 -4.31072 4.38981 -41.1485 0.390743 178.715 -178.909 -179.304 176.677 -158.732 179.825 1.05114 -1.03306 -0.0197081 3.34007 7.60805 -1.57684 1.20211 -3.1513 1.15483 0.696347 -22.2188 -0.580115 179.194 -178.894 -179.979 179.208 170.789 -177.298 1.21453 -3.35755 1.14634
-162.124 95.6427 40.393 0.921765 13.8202 -3.51691 179.096 166.113 -179.808 179.096 166.113 -179.808 179.096 166.113 -179.808 179.096 166.113 -179.808 175.807 -162.83 179.411 133.19 149.794 154.311 4.31986 10.9946 -9.27676 175.721 -170.971 -165.378 8.30409 -16.7413 1.25739 50.6578 17.0181 18.0325 6.84194 7.96265 -1.30225 11.5342 -4.43438 -4.31761 4.39815 -41.1401 0.401291 178.727 -178.92 -179.309 176.679 -158.899 179.889 1.05114 -1.03012 -0.0197081 3.34338 7.55386 -1.63678 1.20215 -3.15307 1.15484 0.692744 -22.0496 -0.587594 179.194 -178.896 -179.979 179.217 170.832 -177.303 1.21399 -3.33074 1.14631
-162.131 95.6526 40.4684 0.914796 13.6993 -3.50968 179.097 166.21 -179.807 179.097 166.21 -179.807 179.097 166.21 -179.807 179.097 166.21 -179.807 175.7 -162.959 179.412 133.264 149.743 154.357 4.32991 11.054 -9.28307 175.756 -170.985 -165.368 8.42518 -16.6074 1.25651 50.5748 16.9977 17.9937 6.85662 8.00923 -1.31277 11.5246 -4.424 -4.32477 4.40797 -41.1319 0.410693 178.74 -178.931 -179.314 176.681 -159.069 179.949 1.05114 -1.02729 -0.0197081 3.34556 7.49959 -1.6898 1.20217 -3.15425 1.15484 0.689683 -21.8782 -0.592179 179.194 -178.897 -179.979 179.226 170.876 -177.309 1.21348 -3.30514 1.14628
-162.138 95.6626 40.5443 0.907855 13.576 -3.50388 179.097 166.304 -179.805 179.097 166.304 -179.805 179.097 166.304 -179.805 179.097 166.304 -179.805 175.595 -163.085 179.412 133.335 149.694 154.405 4.33871 11.1104 -9.28896 175.794 -171.001 -165.361 8.54616 -16.4765 1.25565 50.4932 16.9764 17.9527 6.87126 8.05636 -1.32354 11.5159 -4.41397 -4.33218 4.41943 -41.1242 0.418954 178.752 -178.941 -179.319 176.684 -159.241 -179.997 1.05114 -1.02459 -0.019708 3.34671 7.44517 -1.73645 1.20219 -3.15482 1.15484 0.687215 -21.7043 -0.593722 179.194 -178.899 -179.979 179.234 170.919 -177.317 1.21299 -3.28092 1.14625
-162.145 95.6726 40.6208 0.900945 13.4501 -3.49965 179.097 166.398 -179.803 179.097 166.398 -179.803 179.097 166.398 -179.803 179.097 166.398 -179.803 175.492 -163.209 179.412 133.404 149.653 154.454 4.34466 11.1688 -9.29542 175.858 -171.029 -165.366 8.66817 -16.345 1.25481 50.4169 16.9369 17.9094 6.88303 8.12135 -1.33308 11.5047 -4.40258 -4.3406 4.43299 -41.1166 0.427287 178.763 -178.951 -179.326 176.688 -159.417 -179.944 1.05114 -1.02202 -0.019708 3.34718 7.39042 -1.77949 1.20218 -3.15471 1.15484 0.685372 -21.5277 -0.591529 179.194 -178.9 -179.979 179.242 170.962 -177.326 1.21239 -3.25078 1.14622
-162.152 95.6827 40.6977 0.89402 13.3213 -3.49706 179.096 166.489 -179.799 179.096 166.489 -179.799 179.096 166.489 -179.799 179.096 166.489 -179.799 175.391 -163.326 179.413 133.471 149.602 154.506 4.35203 11.2188 -9.30006 175.89 -171.046 -165.361 8.78829 -16.2238 1.25403 50.3361 16.9247 17.8632 6.89924 8.15973 -1.34544 11.5006 -4.39466 -4.34813 4.44796 -41.1097 0.432542 178.775 -178.96 -179.331 176.692 -159.596 -179.898 1.05114 -1.01954 -0.019708 3.34626 7.33569 -1.81316 1.20217 -3.15405 1.15484 0.684212 -21.3482 -0.587242 179.194 -178.902 -179.979 179.248 171.005 -177.336 1.21207 -3.23492 1.1462
-162.16 95.6929 40.7751 0.887116 13.1898 -3.49624 179.095 166.579 -179.795 179.095 166.579 -179.795 179.095 166.579 -179.795 179.095 166.579 -179.795 175.293 -163.443 179.413 133.536 149.562 154.558 4.35621 11.274 -9.30601 175.953 -171.074 -165.368 8.90983 -16.0997 1.25324 50.2612 16.889 17.8163 6.9116 8.22029 -1.3561 11.4941 -4.38483 -4.35705 4.46542 -41.103 0.437846 178.786 -178.968 -179.336 176.697 -159.779 -179.851 1.05114 -1.01723 -0.019708 3.34506 7.28044 -1.84594 1.20213 -3.15231 1.15484 0.683718 -21.1659 -0.578339 179.194 -178.903 -179.979 179.255 171.048 -177.348 1.2116 -3.21126 1.14617
-162.168 95.7032 40.853 0.880191 13.0551 -3.49723 179.093 166.667 -179.79 179.093 166.667 -179.79 179.093 166.667 -179.79 179.093 166.667 -179.79 175.197 -163.553 179.414 133.6 149.514 154.612 4.36188 11.3232 -9.31055 175.985 -171.091 -165.366 9.02979 -15.9851 1.25252 50.1826 16.8764 17.7665 6.92805 8.25821 -1.36935 11.4915 -4.37757 -4.36492 4.48449 -41.0971 0.441603 178.796 -178.975 -179.341 176.702 -159.966 -179.809 1.05114 -1.01501 -0.019708 3.34278 7.22508 -1.87139 1.2021 -3.1507 1.15483 0.68393 -20.9804 -0.567851 179.194 -178.905 -179.979 179.26 171.091 -177.36 1.21134 -3.19825 1.14616
-162.175 95.7134 40.9313 0.873283 12.9176 -3.50011 179.09 166.753 -179.785 179.09 166.753 -179.785 179.09 166.753 -179.785 179.09 166.753 -179.785 175.103 -163.662 179.414 133.66 149.477 154.666 4.36436 11.379 -9.31656 176.049 -171.12 -165.376 9.15123 -15.868 1.25179 50.1103 16.8396 17.7157 6.94035 8.31936 -1.38084 11.4884 -4.36878 -4.37442 4.50632 -41.0914 0.4446 178.806 -178.981 -179.346 176.709 -160.156 -179.766 1.05115 -1.01295 -0.019708 3.34031 7.1692 -1.89641 1.20204 -3.14752 1.15483 0.684798 -20.792 -0.552315 179.194 -178.906 -179.979 179.265 171.134 -177.375 1.21095 -3.17906 1.14613
-162.183 95.7238 41.0101 0.866315 12.7768 -3.50478 179.087 166.837 -179.778 179.087 166.837 -179.778 179.087 166.837 -179.778 179.087 166.837 -179.778 175.013 -163.758 179.414 133.719 149.423 154.726 4.36699 11.4214 -9.31896 176.065 -171.129 -165.372 9.2689 -15.7705 1.25119 50.0339 16.8457 17.6574 6.95758 8.34389 -1.39661 11.4893 -4.36247 -4.38175 4.52913 -41.0869 0.44873 178.816 -178.985 -179.352 176.716 -160.35 -179.732 1.05115 -1.01096 -0.019708 3.33618 7.11359 -1.90921 1.20201 -3.14626 1.15483 0.68636 -20.6003 -0.539886 179.194 -178.908 -179.979 179.267 171.177 -177.384 1.21084 -3.17371 1.14613
-162.192 95.7341 41.0894 0.859462 12.634 -3.51151 179.084 166.92 -179.771 179.084 166.92 -179.771 179.084 166.92 -179.771 179.084 166.92 -179.771 174.923 -163.867 179.414 133.778 149.395 154.777 4.36956 11.486 -9.32703 176.14 -171.162 -165.386 9.39237 -15.6499 1.25045 49.9633 16.7907 17.6086 6.96984 8.41591 -1.40749 11.4879 -4.35443 -4.39248 4.55619 -41.0817 0.448405 178.824 -178.992 -179.354 176.723 -160.546 -179.684 1.05115 -1.00918 -0.0197079 3.33364 7.05669 -1.93492 1.2019 -3.14073 1.15482 0.688468 -20.4066 -0.514261 179.194 -178.909 -179.979 179.271 171.22 -177.405 1.21046 -3.1544 1.14611
-162.2 95.7445 41.169 0.852528 12.488 -3.51992 179.08 167.001 -179.763 179.08 167.001 -179.763 179.08 167.001 -179.763 179.08 167.001 -179.763 174.836 -163.957 179.415 133.835 149.344 154.837 4.37069 11.5292 -9.32911 176.156 -171.17 -165.384 9.51001 -15.5575 1.24989 49.8888 16.795 17.5481 6.98771 8.44066 -1.42435 11.4895 -4.34863 -4.39986 4.58336 -41.0781 0.45271 178.832 -178.995 -179.362 176.731 -160.746 -179.649 1.05115 -1.00746 -0.0197079 3.32898 7.00042 -1.94437 1.20187 -3.13908 1.15482 0.691208 -20.2097 -0.497181 179.194 -178.911 -179.979 179.272 171.263 -177.415 1.21038 -3.15036 1.1461
-162.208 95.7549 41.2489 0.845733 12.3404 -3.53031 179.075 167.081 -179.755 179.075 167.081 -179.755 179.075 167.081 -179.755 179.075 167.081 -179.755 174.75 -164.059 179.415 133.89 149.318 154.89 4.3722 11.5974 -9.33734 176.226 -171.198 -165.398 9.63356 -15.4437 1.2492 49.821 16.7377 17.4954 6.99994 8.51472 -1.43577 11.4933 -4.34179 -4.41135 4.61534 -41.0737 0.450398 178.838 -179 -179.362 176.739 -160.948 -179.602 1.05115 -1.00584 -0.0197079 3.32572 6.94307 -1.96493 1.20173 -3.13224 1.15481 0.694349 -20.0113 -0.465616 179.194 -178.912 -179.979 179.274 171.305 -177.438 1.21009 -3.13601 1.14609
-162.216 95.7653 41.3291 0.838895 12.1901 -3.54225 179.07 167.158 -179.746 179.07 167.158 -179.746 179.07 167.158 -179.746 179.07 167.158 -179.746 174.667 -164.145 179.415 133.946 149.268 154.95 4.37188 11.6414 -9.3389 176.24 -171.204 -165.399 9.75108 -15.3559 1.24867 49.7479 16.7409 17.4331 7.01858 8.53883 -1.45353 11.4957 -4.33646 -4.41874 4.64671 -41.0708 0.455267 178.844 -179.003 -179.37 176.747 -161.154 -179.567 1.05115 -1.00428 -0.0197079 3.32069 6.88638 -1.97115 1.20169 -3.13029 1.15481 0.697988 -19.8103 -0.444728 179.194 -178.913 -179.979 179.274 171.349 -177.448 1.21003 -3.13326 1.14608
-162.224 95.7756 41.4095 0.832233 12.0389 -3.55598 179.065 167.235 -179.736 179.065 167.235 -179.736 179.065 167.235 -179.736 179.065 167.235 -179.736 174.585 -164.241 179.416 133.999 149.244 155.005 4.37277 11.7129 -9.34695 176.302 -171.226 -165.412 9.87449 -15.2478 1.24802 49.682 16.6828 17.3771 7.03141 8.61282 -1.46563 11.505 -4.33093 -4.43081 4.68333 -41.067 0.451671 178.848 -179.008 -179.368 176.756 -161.36 -179.518 1.05115 -1.00286 -0.0197079 3.31717 6.82874 -1.98915 1.20153 -3.1226 1.1548 0.70185 -19.6085 -0.408619 179.194 -178.915 -179.979 179.275 171.392 -177.472 1.20984 -3.12335 1.14607
-162.232 95.7859 41.49 0.825565 11.8859 -3.57101 179.059 167.31 -179.726 179.059 167.31 -179.726 179.059 167.31 -179.726 179.059 167.31 -179.726 174.505 -164.323 179.416 134.053 149.192 155.065 4.37183 11.7561 -9.34723 176.313 -171.228 -165.414 9.99028 -15.165 1.24753 49.6118 16.6884 17.3121 7.04904 8.63401 -1.4845 11.5084 -4.32552 -4.43811 4.71778 -41.0645 0.457803 178.853 -179.011 -179.377 176.765 -161.569 -179.483 1.05115 -1.0009 -0.0197079 3.31201 6.77172 -1.99272 1.2015 -3.1208 1.1548 0.706033 -19.405 -0.386162 179.194 -178.916 -179.979 179.273 171.435 -177.481 1.20981 -3.12191 1.14607
-162.24 95.7961 41.5706 0.819137 11.7328 -3.58766 179.053 167.385 -179.716 179.053 167.385 -179.716 179.053 167.385 -179.716 179.053 167.385 -179.716 174.424 -164.414 179.416 134.111 149.159 155.119 4.37236 11.8223 -9.3531 176.348 -171.235 -165.422 10.1135 -15.0632 1.24694 49.5399 16.6486 17.2554 7.06981 8.68516 -1.49919 11.5155 -4.32127 -4.44821 4.75846 -41.0612 0.456436 178.853 -179.017 -179.378 176.774 -161.779 -179.434 1.05115 -1.00199 -0.0197079 3.3085 6.71531 -2.0091 1.20137 -3.11444 1.15479 0.710245 -19.2015 -0.348162 179.194 -178.918 -179.979 179.272 171.478 -177.504 1.2097 -3.11684 1.14607
-162.248 95.8062 41.651 0.812809 11.5793 -3.6051 179.047 167.459 -179.706 179.047 167.459 -179.706 179.047 167.459 -179.706 179.047 167.459 -179.706 174.345 -164.502 179.416 134.161 149.133 155.178 4.37098 11.8925 -9.35914 176.394 -171.246 -165.436 10.2344 -14.9678 1.24638 49.4783 16.5973 17.1914 7.08223 8.75748 -1.51279 11.5348 -4.31783 -4.46076 4.79965 -41.058 0.454541 178.854 -179.023 -179.376 176.783 -161.984 -179.394 1.05115 -0.990681 -0.0197078 3.30381 6.65295 -2.0148 1.20122 -3.10699 1.15479 0.714397 -18.9979 -0.31372 179.194 -178.919 -179.979 179.271 171.522 -177.522 1.20961 -3.112 1.14606
-162.255 95.8162 41.7313 0.806606 11.4256 -3.62346 179.041 167.532 -179.695 179.041 167.532 -179.695 179.041 167.532 -179.695 179.041 167.532 -179.695 174.266 -164.582 179.417 134.216 149.082 155.238 4.36823 11.9382 -9.35889 176.405 -171.243 -165.441 10.3505 -14.8868 1.24591 49.4076 16.5989 17.125 7.10342 8.7792 -1.53194 11.54 -4.3135 -4.46794 4.83926 -41.0554 0.461889 178.855 -179.029 -179.385 176.791 -162.189 -179.361 1.05116 -0.979457 -0.0197078 3.29849 6.59132 -2.0131 1.20118 -3.10477 1.15478 0.718507 -18.7944 -0.288437 179.194 -178.92 -179.979 179.268 171.566 -177.531 1.20959 -3.11118 1.14606
-162.262 95.8261 41.8115 0.8007 11.2732 -3.64284 179.034 167.605 -179.685 179.034 167.605 -179.685 179.034 167.605 -179.685 179.034 167.605 -179.685 174.187 -164.672 179.417 134.27 149.057 155.294 4.36868 12.0137 -9.36502 176.44 -171.244 -165.454 10.4722 -14.7868 1.24533 49.3446 16.5404 17.0629 7.11902 8.85027 -1.5453 11.5636 -4.31139 -4.48111 4.88426 -41.0516 0.458393 178.852 -179.039 -179.381 176.799 -162.393 -179.315 1.05116 -0.970084 -0.0197077 3.29479 6.53016 -2.02313 1.20101 -3.0966 1.15477 0.722309 -18.5923 -0.249027 179.194 -178.922 -179.979 179.267 171.61 -177.553 1.20951 -3.10713 1.14606
-162.269 95.8358 41.8914 0.794923 11.1213 -3.66261 179.028 167.677 -179.674 179.028 167.677 -179.674 179.028 167.677 -179.674 179.028 167.677 -179.674 174.109 -164.753 179.417 134.326 149.006 155.354 4.36563 12.0597 -9.36406 176.45 -171.236 -165.462 10.5872 -14.7068 1.24488 49.2747 16.5413 16.9949 7.14143 8.87136 -1.56471 11.5699 -4.30735 -4.48815 4.92568 -41.0484 0.466752 178.851 -179.048 -179.39 176.807 -162.596 -179.282 1.05116 -0.958824 -0.0197076 3.28999 6.46918 -2.02118 1.20097 -3.09449 1.15477 0.725863 -18.3909 -0.224034 179.194 -178.923 -179.979 179.263 171.654 -177.56 1.20949 -3.10637 1.14605
-162.275 95.8454 41.971 0.789481 10.9714 -3.68297 179.021 167.75 -179.664 179.021 167.75 -179.664 179.021 167.75 -179.664 179.021 167.75 -179.664 174.03 -164.844 179.417 134.381 148.979 155.411 4.36621 12.1352 -9.3691 176.476 -171.228 -165.476 10.7076 -14.6076 1.24431 49.2127 16.4824 16.9309 7.15817 8.94171 -1.57822 11.5992 -4.30652 -4.50173 4.97215 -41.0439 0.464316 178.846 -179.062 -179.387 176.814 -162.798 -179.236 1.05117 -0.94897 -0.0197076 3.28684 6.40862 -2.031 1.20082 -3.08695 1.15476 0.728902 -18.1919 -0.18643 179.194 -178.925 -179.979 179.262 171.699 -177.579 1.20941 -3.1021 1.14605
-162.28 95.8548 42.0502 0.784201 10.8229 -3.7033 179.015 167.822 -179.655 179.015 167.822 -179.655 179.015 167.822 -179.655 179.015 167.822 -179.655 173.951 -164.926 179.417 134.439 148.927 155.472 4.36322 12.181 -9.36758 176.485 -171.216 -165.487 10.8209 -14.5276 1.24386 49.1437 16.4829 16.8613 7.18168 8.96222 -1.59767 11.6066 -4.30277 -4.50865 5.0142 -41.0398 0.473413 178.843 -179.076 -179.396 176.82 -162.997 -179.203 1.05117 -0.937051 -0.0197075 3.28269 6.34829 -2.02902 1.20078 -3.08507 1.15476 0.731486 -17.9945 -0.16296 179.194 -178.926 -179.979 179.259 171.744 -177.585 1.20939 -3.10103 1.14605
-162.285 95.8641 42.129 0.77928 10.6771 -3.72377 179.009 167.896 -179.645 179.009 167.896 -179.645 179.009 167.896 -179.645 179.009 167.896 -179.645 173.871 -165.02 179.418 134.496 148.898 155.529 4.36395 12.2547 -9.37143 176.503 -171.2 -165.502 10.9394 -14.4282 1.2433 49.0825 16.424 16.7954 7.19942 9.03182 -1.61114 11.6417 -4.30324 -4.52265 5.06077 -41.0343 0.472407 178.837 -179.095 -179.393 176.826 -163.193 -179.159 1.05118 -0.926251 -0.0197075 3.28021 6.28839 -2.03875 1.20064 -3.07847 1.15475 0.73338 -17.8001 -0.128795 179.194 -178.927 -179.979 179.257 171.788 -177.601 1.20927 -3.09512 1.14604
-162.29 95.8731 42.2072 0.774534 10.5333 -3.74376 179.003 167.969 -179.637 179.003 167.969 -179.637 179.003 167.969 -179.637 179.003 167.969 -179.637 173.79 -165.105 179.418 134.556 148.845 155.592 4.36139 12.2999 -9.36963 176.511 -171.183 -165.516 11.0507 -14.3473 1.24285 49.0145 16.4244 16.7241 7.22387 9.05199 -1.63042 11.6502 -4.29975 -4.52947 5.10219 -41.0289 0.481794 178.832 -179.115 -179.402 176.831 -163.386 -179.126 1.05118 -0.913258 -0.0197074 3.27684 6.22877 -2.03704 1.20061 -3.07689 1.15475 0.734645 -17.608 -0.107868 179.194 -178.929 -179.979 179.255 171.834 -177.604 1.20923 -3.09337 1.14604
-162.294 95.8819 42.2849 0.770152 10.3929 -3.76345 178.998 168.044 -179.629 178.998 168.044 -179.629 178.998 168.044 -179.629 178.998 168.044 -179.629 173.708 -165.203 179.418 134.616 148.813 155.649 4.36227 12.3706 -9.37242 176.522 -171.159 -165.534 11.1668 -14.2468 1.2423 48.9542 16.3653 16.6565 7.24219 9.12143 -1.64359 11.6909 -4.30149 -4.54395 5.14744 -41.022 0.482319 178.824 -179.14 -179.401 176.835 -163.575 -179.084 1.05118 -0.901125 -0.0197073 3.27512 6.16956 -2.04683 1.2005 -3.07141 1.15475 0.73509 -17.4195 -0.0784043 179.194 -178.93 -179.979 179.254 171.879 -177.617 1.20906 -3.08457 1.14603
-162.297 95.8906 42.3621 0.765937 10.2549 -3.78225 178.993 168.118 -179.621 178.993 168.118 -179.621 178.993 168.118 -179.621 178.993 168.118 -179.621 173.626 -165.291 179.418 134.676 148.76 155.714 4.36043 12.4145 -9.37073 176.53 -171.138 -165.55 11.2756 -14.1645 1.24185 48.8874 16.3657 16.5835 7.26732 9.1415 -1.66251 11.7003 -4.29824 -4.55071 5.18698 -41.0151 0.491419 178.819 -179.166 -179.411 176.838 -163.76 -179.053 1.05119 -0.886733 -0.0197072 3.27259 6.11066 -2.04569 1.20048 -3.07014 1.15475 0.734779 -17.2336 -0.0608022 179.194 -178.931 -179.979 179.253 171.926 -177.618 1.209 -3.08183 1.14603
-162.299 95.899 42.4387 0.762067 10.1205 -3.80033 178.988 168.194 -179.615 178.988 168.194 -179.615 178.988 168.194 -179.615 178.988 168.194 -179.615 173.541 -165.394 179.419 134.739 148.726 155.773 4.36143 12.4812 -9.37276 176.536 -171.107 -165.571 11.3889 -14.0622 1.24129 48.8282 16.3067 16.5142 7.28574 9.21138 -1.67512 11.7464 -4.3012 -4.5657 5.22956 -41.0066 0.493365 178.81 -179.197 -179.412 176.84 -163.942 -179.013 1.05119 -0.872985 -0.0197072 3.27169 6.05215 -2.05577 1.20039 -3.06584 1.15474 0.733568 -17.0517 -0.0368763 179.194 -178.933 -179.979 179.253 171.972 -177.627 1.20875 -3.06907 1.14601
-162.301 95.9072 42.5146 0.758333 9.98878 -3.81714 178.983 168.27 -179.609 178.983 168.27 -179.609 178.983 168.27 -179.609 178.983 168.27 -179.609 173.456 -165.486 179.419 134.801 148.672 155.841 4.36052 12.5232 -9.37162 176.543 -171.083 -165.59 11.4948 -13.9781 1.24083 48.7625 16.3073 16.4394 7.31121 9.23153 -1.69347 11.7567 -4.29815 -4.57242 5.26604 -40.998 0.501522 178.804 -179.229 -179.422 176.841 -164.119 -178.984 1.0512 -0.85698 -0.0197071 3.27006 5.99393 -2.05553 1.20037 -3.06489 1.15474 0.731524 -16.8726 -0.0230979 179.194 -178.934 -179.979 179.253 172.019 -177.627 1.20867 -3.06509 1.14601
-162.302 95.9152 42.5901 0.754902 9.86093 -3.83285 178.979 168.347 -179.605 178.979 168.347 -179.605 178.979 168.347 -179.605 178.979 168.347 -179.605 173.369 -165.594 179.419 134.867 148.636 155.901 4.36159 12.5847 -9.37331 176.547 -171.047 -165.613 11.6051 -13.8737 1.24027 48.7045 16.2484 16.3686 7.32921 9.30228 -1.70525 11.8077 -4.3022 -4.58792 5.30474 -40.9877 0.50459 178.796 -179.268 -179.427 176.842 -164.292 -178.947 1.0512 -0.841458 -0.019707 3.27 5.93606 -2.0662 1.20031 -3.0617 1.15474 0.728555 -16.6975 -0.00508339 179.194 -178.935 -179.979 179.255 172.066 -177.633 1.20832 -3.04759 1.14599
-162.303 95.9229 42.6648 0.751553 9.73562 -3.84697 178.976 168.424 -179.601 178.976 168.424 -179.601 178.976 168.424 -179.601 178.976 168.424 -179.601 173.282 -165.69 179.42 134.929 148.582 155.972 4.36174 12.6242 -9.37323 176.554 -171.021 -165.635 11.7079 -13.7874 1.23981 48.64 16.2494 16.2921 7.35463 9.32264 -1.72281 11.8186 -4.29932 -4.59463 5.33717 -40.9772 0.511124 178.789 -179.307 -179.437 176.841 -164.461 -178.92 1.05121 -0.823746 -0.0197069 3.26927 5.87847 -2.06722 1.20029 -3.06103 1.15474 0.724729 -16.5251 0.00465682 179.194 -178.937 -179.979 179.257 172.114 -177.632 1.20821 -3.04223 1.14599
-162.303 95.9305 42.7391 0.748447 9.61418 -3.85967 178.973 168.503 -179.598 178.973 168.503 -179.598 178.973 168.503 -179.598 178.973 168.503 -179.598 173.192 -165.803 179.42 134.997 148.545 156.033 4.36282 12.6797 -9.3751 176.555 -170.98 -165.661 11.8151 -13.6804 1.23925 48.5829 16.1907 16.22 7.37172 9.39441 -1.73349 11.8736 -4.30429 -4.61059 5.371 -40.9651 0.514876 178.782 -179.352 -179.445 176.839 -164.625 -178.886 1.05122 -0.806424 -0.0197068 3.27006 5.82115 -2.07893 1.20025 -3.0588 1.15473 0.720003 -16.3567 0.0168156 179.194 -178.938 -179.979 179.26 172.162 -177.635 1.20775 -3.01947 1.14596
-162.303 95.9378 42.8127 0.745353 9.4951 -3.87051 178.971 168.582 -179.596 178.971 168.582 -179.596 178.971 168.582 -179.596 178.971 168.582 -179.596 173.103 -165.903 179.42 135.06 148.49 156.108 4.3641 12.7162 -9.37658 176.562 -170.952 -165.685 11.9148 -13.5917 1.23878 48.5193 16.1923 16.142 7.39669 9.415 -1.75002 11.8849 -4.30152 -4.61729 5.39861 -40.9528 0.51915 178.776 -179.397 -179.456 176.837 -164.786 -178.862 1.05122 -0.787039 -0.0197067 3.27023 5.7641 -2.08159 1.20024 -3.05835 1.15473 0.714446 -16.1908 0.0225618 179.194 -178.939 -179.979 179.264 172.211 -177.633 1.20762 -3.01264 1.14595
-162.302 95.945 42.8858 0.742423 9.37969 -3.8797 178.969 168.662 -179.595 178.969 168.662 -179.595 178.969 168.662 -179.595 178.969 168.662 -179.595 173.011 -166.021 179.42 135.13 148.452 156.172 4.36511 12.765 -9.37916 176.563 -170.91 -165.713 12.0188 -13.4818 1.23821 48.4628 16.1344 16.0688 7.41255 9.4874 -1.7594 11.9426 -4.30715 -4.63354 5.42687 -40.9388 0.523058 178.769 -179.449 -179.468 176.833 -164.942 -178.83 1.05123 -0.76802 -0.0197067 3.27185 5.70725 -2.09483 1.20021 -3.05682 1.15473 0.708058 -16.0285 0.0293096 179.194 -178.941 -179.979 179.269 172.26 -177.635 1.20705 -2.98442 1.14592
-162.3 95.9519 42.9584 0.739421 9.26634 -3.88682 178.968 168.743 -179.595 178.968 168.743 -179.595 178.968 168.743 -179.595 178.968 168.743 -179.595 172.919 -166.124 179.421 135.193 148.398 156.25 4.36753 12.798 -9.38266 176.57 -170.881 -165.739 12.1156 -13.3904 1.23774 48.3998 16.1367 15.9896 7.43667 9.50813 -1.77462 11.9541 -4.30445 -4.64021 5.4492 -40.9247 0.524536 178.764 -179.501 -179.479 176.829 -165.095 -178.808 1.05124 -0.747112 -0.0197066 3.27288 5.65063 -2.09952 1.2002 -3.0565 1.15473 0.70091 -15.8682 0.031316 179.194 -178.942 -179.979 179.275 172.31 -177.633 1.20689 -2.97611 1.14592
-162.299 95.9586 43.0306 0.736495 9.15632 -3.8921 178.967 168.824 -179.596 178.967 168.824 -179.596 178.967 168.824 -179.596 178.967 168.824 -179.596 172.824 -166.247 179.421 135.264 148.359 156.316 4.36841 12.8398 -9.3865 176.571 -170.838 -165.769 12.2167 -13.2773 1.23716 48.3433 16.08 15.9158 7.45109 9.58052 -1.78248 12.0131 -4.31046 -4.65656 5.47151 -40.909 0.528037 178.759 -179.559 -179.496 176.825 -165.244 -178.779 1.05124 -0.726618 -0.0197065 3.27531 5.59414 -2.11487 1.20018 -3.05536 1.15473 0.693035 -15.7112 0.033355 179.194 -178.943 -179.979 179.282 172.361 -177.634 1.20621 -2.94248 1.14588
-162.296 95.9651 43.1023 0.733405 9.04797 -3.89519 178.967 168.906 -179.598 178.967 168.906 -179.598 178.967 168.906 -179.598 178.967 168.906 -179.598 172.73 -166.353 179.421 135.326 148.306 156.398 4.37189 12.8689 -9.39238 176.577 -170.809 -165.795 12.311 -13.1831 1.23668 48.2803 16.0831 15.8357 7.47403 9.60117 -1.79613 12.0246 -4.30777 -4.66316 5.48834 -40.8931 0.526332 178.755 -179.616 -179.508 176.819 -165.39 -178.759 1.05125 -0.704446 -0.0197064 3.27714 5.53787 -2.12197 1.20017 -3.05506 1.15473 0.684509 -15.5558 0.0320263 179.194 -178.945 -179.979 179.29 172.412 -177.634 1.20602 -2.93273 1.14587
-162.294 95.9715 43.1738 0.730298 8.94257 -3.89633 178.967 168.988 -179.6 178.967 168.988 -179.6 178.967 168.988 -179.6 178.967 168.988 -179.6 172.634 -166.479 179.422 135.399 148.269 156.467 4.37261 12.9038 -9.39797 176.579 -170.767 -165.827 12.4095 -13.0664 1.23609 48.223 16.0282 15.7617 7.48695 9.67254 -1.8023 12.0835 -4.31387 -4.67935 5.50465 -40.8758 0.5289 178.751 -179.68 -179.528 176.813 -165.533 -178.731 1.05126 -0.682789 -0.0197063 3.28034 5.48165 -2.14 1.20015 -3.05393 1.15473 0.675388 -15.4032 0.0302362 179.194 -178.946 -179.979 179.3 172.464 -177.636 1.20524 -2.89392 1.14583
-162.291 95.9777 43.2448 0.726931 8.83838 -3.8952 178.968 169.07 -179.604 178.968 169.07 -179.604 178.968 169.07 -179.604 178.968 169.07 -179.604 172.538 -166.588 179.422 135.46 148.217 156.553 4.37703 12.9287 -9.40645 176.584 -170.739 -165.853 12.5018 -12.969 1.23561 48.1595 16.0321 15.681 7.50846 9.69277 -1.81409 12.0948 -4.31114 -4.6858 5.51608 -40.8584 0.523794 178.749 -179.742 -179.54 176.807 -165.673 -178.713 1.05127 -0.65969 -0.0197062 3.2829 5.42565 -2.14986 1.20014 -3.05356 1.15473 0.665754 -15.2516 0.0260587 179.194 -178.948 -179.979 179.31 172.517 -177.637 1.20502 -2.88283 1.14582
-162.288 95.9837 43.3157 0.723453 8.73673 -3.89208 178.969 169.153 -179.608 178.969 169.153 -179.608 178.969 169.153 -179.608 178.969 169.153 -179.608 172.44 -166.717 179.422 135.532 148.181 156.625 4.37754 12.9567 -9.41414 176.585 -170.699 -165.885 12.5984 -12.8484 1.23501 48.1004 15.9796 15.6075 7.52005 9.76177 -1.81847 12.152 -4.31703 -4.70153 5.52659 -40.8396 0.524976 178.747 -179.811 -179.564 176.8 -165.811 -178.686 1.05127 -0.637254 -0.0197061 3.28683 5.36963 -2.17114 1.20011 -3.05203 1.15473 0.655679 -15.1023 0.0213702 179.194 -178.949 -179.979 179.321 172.571 -177.64 1.20415 -2.83929 1.14578
-162.285 95.9895 43.3862 0.71962 8.63584 -3.88668 178.971 169.236 -179.613 178.971 169.236 -179.613 178.971 169.236 -179.613 178.971 169.236 -179.613 172.343 -166.828 179.422 135.592 148.132 156.714 4.38272 12.9774 -9.42529 176.59 -170.672 -165.911 12.6893 -12.7476 1.23452 48.0355 15.9846 15.5265 7.53995 9.78113 -1.82813 12.1628 -4.3142 -4.70776 5.53295 -40.8207 0.516425 178.745 -179.878 -179.578 176.793 -165.947 -178.67 1.05128 -0.613616 -0.019706 3.29005 5.31385 -2.18408 1.2001 -3.05147 1.15473 0.645251 -14.9534 0.0148621 179.194 -178.951 -179.979 179.334 172.626 -177.644 1.2039 -2.82701 1.14577
-162.282 95.9951 43.4567 0.715584 8.53707 -3.8793 178.973 169.32 -179.619 178.973 169.32 -179.619 178.973 169.32 -179.619 178.973 169.32 -179.619 172.243 -166.96 179.423 135.665 148.098 156.789 4.38297 12.9989 -9.4353 176.59 -170.634 -165.942 12.7846 -12.6226 1.23391 47.9738 15.9351 15.454 7.55052 9.84618 -1.83067 12.2169 -4.31957 -4.7227 5.53811 -40.8007 0.515874 178.745 -179.951 -179.604 176.785 -166.081 -178.643 1.05129 -0.590816 -0.0197059 3.29462 5.25797 -2.20915 1.20005 -3.04912 1.15472 0.634548 -14.8064 0.00817405 179.194 -178.952 -179.979 179.347 172.681 -177.649 1.20294 -2.77931 1.14572
-162.279 96.0006 43.527 0.711103 8.43865 -3.86968 178.975 169.402 -179.625 178.975 169.402 -179.625 178.975 169.402 -179.625 178.975 169.402 -179.625 172.145 -167.072 179.423 135.723 148.051 156.881 4.38869 13.0151 -9.44901 176.594 -170.609 -165.967 12.8748 -12.518 1.23341 47.9069 15.9411 15.373 7.56875 9.8642 -1.83797 12.2271 -4.31661 -4.7286 5.5399 -40.7805 0.503986 178.745 179.977 -179.619 176.778 -166.214 -178.627 1.0513 -0.567045 -0.0197059 3.29842 5.20239 -2.22543 1.20003 -3.04823 1.15472 0.623668 -14.6594 -0.000168625 179.194 -178.954 -179.979 179.362 172.737 -177.656 1.20268 -2.76602 1.14571
-162.276 96.006 43.5973 0.706333 8.34199 -3.85815 178.978 169.486 -179.631 178.978 169.486 -179.631 178.978 169.486 -179.631 178.978 169.486 -179.631 172.044 -167.206 179.423 135.794 148.02 156.958 4.38863 13.0307 -9.46138 176.592 -170.574 -165.995 12.9695 -12.3882 1.23279 47.8414 15.8953 15.3021 7.57872 9.92371 -1.83867 12.2767 -4.32121 -4.74244 5.54034 -40.7594 0.501468 178.747 179.9 -179.648 176.77 -166.346 -178.6 1.05131 -0.544292 -0.0197058 3.30357 5.14663 -2.25474 1.19996 -3.04462 1.15472 0.61269 -14.5137 -0.00805377 179.194 -178.956 -179.979 179.377 172.794 -177.665 1.20165 -2.71487 1.14566
-162.273 96.0112 43.6675 0.701032 8.24529 -3.84445 178.982 169.569 -179.639 178.982 169.569 -179.639 178.982 169.569 -179.639 178.982 169.569 -179.639 171.945 -167.32 179.423 135.851 147.977 157.054 4.39462 13.0425 -9.47737 176.594 -170.552 -166.018 13.0597 -12.2798 1.23228 47.7718 15.9025 15.2213 7.59528 9.93991 -1.84345 12.2862 -4.31806 -4.74793 5.53818 -40.7381 0.486475 178.747 179.825 -179.663 176.763 -166.476 -178.585 1.05131 -0.520775 -0.0197057 3.30783 5.09124 -2.27456 1.19993 -3.04328 1.15472 0.601722 -14.3676 -0.0177637 179.194 -178.957 -179.979 179.394 172.852 -177.674 1.20137 -2.70077 1.14564
-162.27 96.0163 43.7379 0.695349 8.15001 -3.82895 178.985 169.653 -179.646 178.985 169.653 -179.646 178.985 169.653 -179.646 178.985 169.653 -179.646 171.842 -167.453 179.424 135.922 147.946 157.135 4.39348 13.0509 -9.49136 176.593 -170.522 -166.044 13.1537 -12.1483 1.23167 47.6985 15.8774 15.1523 7.61033 9.97357 -1.84458 12.3113 -4.31814 -4.75697 5.53445 -40.7162 0.477279 178.75 179.745 -179.689 176.755 -166.606 -178.558 1.05132 -0.499029 -0.0197056 3.31339 5.036 -2.30758 1.19985 -3.03917 1.15471 0.590849 -14.2225 -0.0264309 179.194 -178.959 -179.979 179.411 172.911 -177.687 1.20056 -2.66012 1.14561
-162.267 96.0213 43.8083 0.689124 8.05488 -3.81147 178.989 169.736 -179.654 178.989 169.736 -179.654 178.989 169.736 -179.654 178.989 169.736 -179.654 171.741 -167.579 179.424 135.984 147.914 157.224 4.396 13.0583 -9.50817 176.59 -170.498 -166.066 13.2467 -12.0227 1.23109 47.6262 15.8603 15.0782 7.62289 10.0058 -1.84473 12.3353 -4.3177 -4.76528 5.52902 -40.6938 0.465933 178.753 179.665 -179.714 176.748 -166.736 -178.535 1.05133 -0.476539 -0.0197056 3.31863 4.9806 -2.33772 1.19976 -3.03488 1.15471 0.580152 -14.077 -0.0359272 179.194 -178.961 -179.979 179.429 172.97 -177.7 1.19983 -2.62381 1.14557
-162.264 96.0261 43.8787 0.682357 7.96016 -3.79217 178.993 169.819 -179.662 178.993 169.819 -179.662 178.993 169.819 -179.662 178.993 169.819 -179.662 171.64 -167.705 179.424 136.046 147.884 157.315 4.39835 13.0633 -9.52582 176.585 -170.475 -166.085 13.3401 -11.8951 1.23051 47.5517 15.8456 15.0045 7.635 10.0349 -1.8437 12.3581 -4.3172 -4.77312 5.52214 -40.671 0.453085 178.756 179.583 -179.739 176.741 -166.865 -178.512 1.05134 -0.454451 -0.0197055 3.32402 4.92531 -2.36989 1.19966 -3.02994 1.1547 0.569733 -13.9316 -0.0456125 179.194 -178.962 -179.979 179.447 173.03 -177.716 1.19912 -2.58823 1.14554
-162.262 96.0308 43.9493 0.674972 7.86537 -3.77104 178.997 169.901 -179.671 178.997 169.901 -179.671 178.997 169.901 -179.671 178.997 169.901 -179.671 171.539 -167.823 179.425 136.1 147.849 157.415 4.40432 13.0662 -9.54514 176.583 -170.458 -166.101 13.4323 -11.7764 1.22998 47.476 15.8506 14.9252 7.64733 10.0498 -1.84268 12.3694 -4.31377 -4.77832 5.51415 -40.6478 0.434389 178.758 179.502 -179.757 176.735 -166.993 -178.494 1.05135 -0.431797 -0.0197054 3.32891 4.87001 -2.3978 1.1996 -3.02672 1.1547 0.559687 -13.7855 -0.0567347 179.194 -178.964 -179.979 179.466 173.091 -177.732 1.19873 -2.56885 1.14552
-162.26 96.0355 44.0202 0.667075 7.77163 -3.74842 179.002 169.984 -179.68 179.002 169.984 -179.68 179.002 169.984 -179.68 179.002 169.984 -179.68 171.436 -167.96 179.425 136.168 147.829 157.5 4.40192 13.0651 -9.56278 176.572 -170.435 -166.116 13.5285 -11.6332 1.22934 47.3947 15.8265 14.8594 7.65989 10.0777 -1.83891 12.3944 -4.31431 -4.78631 5.5046 -40.6242 0.422461 178.763 179.416 -179.788 176.729 -167.122 -178.463 1.05135 -0.411651 -0.0197054 3.33511 4.81505 -2.44068 1.19943 -3.01819 1.15469 0.550091 -13.6401 -0.0652116 179.194 -178.966 -179.979 179.486 173.153 -177.752 1.19778 -2.52115 1.14548
-162.258 96.04 44.0911 0.658514 7.67776 -3.72413 179.007 170.067 -179.689 179.007 170.067 -179.689 179.007 170.067 -179.689 179.007 170.067 -179.689 171.333 -168.089 179.425 136.227 147.806 157.593 4.40335 13.0634 -9.58227 176.561 -170.416 -166.126 13.624 -11.4978 1.22875 47.3143 15.8133 14.7872 7.67089 10.1011 -1.83442 12.4146 -4.31346 -4.79298 5.49422 -40.6003 0.407282 178.767 179.33 -179.815 176.723 -167.251 -178.438 1.05136 -0.390964 -0.0197053 3.34076 4.76005 -2.47952 1.19926 -3.01011 1.15468 0.541031 -13.4941 -0.0748755 179.194 -178.968 -179.979 179.506 173.215 -177.772 1.197 -2.4824 1.14545
-162.257 96.0444 44.1623 0.64926 7.5837 -3.69828 179.012 170.149 -179.698 179.012 170.149 -179.698 179.012 170.149 -179.698 179.012 170.149 -179.698 171.233 -168.208 179.425 136.279 147.777 157.696 4.40818 13.0599 -9.60248 176.555 -170.405 -166.135 13.7186 -11.3725 1.2282 47.2335 15.8197 14.7081 7.68138 10.1118 -1.82952 12.4245 -4.30977 -4.79728 5.48333 -40.5761 0.385727 178.77 179.245 -179.834 176.718 -167.379 -178.419 1.05137 -0.369835 -0.0197053 3.34576 4.70516 -2.51308 1.19916 -3.00516 1.15468 0.532596 -13.3474 -0.086408 179.194 -178.969 -179.979 179.526 173.278 -177.792 1.1966 -2.46242 1.14543
-162.256 96.0488 44.2337 0.639435 7.4907 -3.6712 179.017 170.232 -179.707 179.017 170.232 -179.707 179.017 170.232 -179.707 179.017 170.232 -179.707 171.129 -168.348 179.426 136.345 147.764 157.783 4.40434 13.051 -9.62146 176.535 -170.387 -166.139 13.8171 -11.2212 1.22756 47.1454 15.8 14.6442 7.69418 10.1298 -1.82298 12.4437 -4.30952 -4.80343 5.47096 -40.5514 0.371006 178.776 179.155 -179.866 176.714 -167.508 -178.384 1.05137 -0.351147 -0.0197053 3.35207 4.65046 -2.56324 1.19891 -2.99239 1.15466 0.524846 -13.2013 -0.0941328 179.194 -178.971 -179.979 179.547 173.341 -177.818 1.19564 -2.41442 1.14539
-162.256 96.0531 44.3053 0.6289 7.39758 -3.64275 179.022 170.314 -179.717 179.022 170.314 -179.717 179.022 170.314 -179.717 179.022 170.314 -179.717 171.026 -168.479 179.426 136.402 147.748 157.88 4.40429 13.0422 -9.64144 176.516 -170.373 -166.139 13.9151 -11.0787 1.22695 47.0591 15.7909 14.5728 7.70498 10.1442 -1.81548 12.4587 -4.30766 -4.80845 5.45821 -40.5265 0.353132 178.781 179.065 -179.894 176.711 -167.636 -178.355 1.05138 -0.331939 -0.0197052 3.35769 4.59581 -2.60838 1.19867 -2.98068 1.15465 0.517852 -13.0547 -0.103447 179.194 -178.973 -179.979 179.568 173.404 -177.843 1.19488 -2.37618 1.14536
-162.256 96.0573 44.3771 0.617689 7.3048 -3.61311 179.027 170.396 -179.726 179.027 170.396 -179.726 179.027 170.396 -179.726 179.027 170.396 -179.726 170.923 -168.611 179.426 136.459 147.732 157.977 4.40359 13.0305 -9.66122 176.495 -170.362 -166.135 14.0139 -10.9343 1.22635 46.9707 15.7848 14.5014 7.71586 10.1545 -1.8071 12.4711 -4.30537 -4.81277 5.44487 -40.5013 0.3337 178.786 178.974 -179.921 176.709 -167.765 -178.326 1.05139 -0.313191 -0.0197052 3.36321 4.5413 -2.65537 1.19842 -2.96819 1.15464 0.511674 -12.9081 -0.112708 179.194 -178.975 -179.979 179.589 173.467 -177.869 1.19416 -2.34057 1.14533
-162.256 96.0615 44.449 0.605807 7.21243 -3.58237 179.033 170.478 -179.736 179.033 170.478 -179.736 179.033 170.478 -179.736 179.033 170.478 -179.736 170.821 -168.744 179.427 136.516 147.718 158.074 4.40217 13.016 -9.68069 176.472 -170.353 -166.127 14.1134 -10.7877 1.22575 46.8807 15.7804 14.4299 7.72682 10.1614 -1.79788 12.4816 -4.30269 -4.81651 5.43101 -40.4757 0.313236 178.791 178.882 -179.948 176.707 -167.893 -178.295 1.05139 -0.294843 -0.0197051 3.36862 4.4869 -2.70424 1.19814 -2.95452 1.15462 0.506361 -12.7615 -0.121845 179.194 -178.977 -179.979 179.61 173.531 -177.896 1.19347 -2.30616 1.1453
-162.257 96.0656 44.5212 0.593263 7.12055 -3.55063 179.038 170.561 -179.745 179.038 170.561 -179.745 179.038 170.561 -179.745 179.038 170.561 -179.745 170.718 -168.878 179.427 136.572 147.706 158.172 4.40004 12.9986 -9.69976 176.446 -170.346 -166.115 14.2136 -10.6391 1.22515 46.7893 15.7774 14.358 7.73774 10.1657 -1.78783 12.4904 -4.29967 -4.81975 5.41665 -40.4499 0.29192 178.796 178.788 -179.975 176.706 -168.021 -178.263 1.0514 -0.276837 -0.0197051 3.37389 4.43262 -2.75488 1.19784 -2.93954 1.15461 0.501948 -12.6151 -0.130871 179.194 -178.979 -179.979 179.631 173.594 -177.924 1.1928 -2.2726 1.14527
-162.259 96.0696 44.5934 0.580075 7.02927 -3.518 179.044 170.643 -179.755 179.044 170.643 -179.755 179.044 170.643 -179.755 179.044 170.643 -179.755 170.616 -169.012 179.427 136.627 147.695 158.27 4.39718 12.9783 -9.71833 176.418 -170.341 -166.099 14.3146 -10.4884 1.22455 46.6967 15.7753 14.2858 7.74854 10.1676 -1.77698 12.4977 -4.29635 -4.82255 5.40185 -40.4238 0.269823 178.801 178.693 179.997 176.707 -168.148 -178.231 1.0514 -0.259111 -0.0197051 3.37899 4.37844 -2.80718 1.19751 -2.92319 1.15459 0.498463 -12.469 -0.139813 179.194 -178.981 -179.979 179.652 173.658 -177.953 1.19215 -2.23985 1.14525
-162.261 96.0736 44.6658 0.566265 6.93867 -3.48457 179.049 170.725 -179.764 179.049 170.725 -179.764 179.049 170.725 -179.764 179.049 170.725 -179.764 170.514 -169.148 179.427 136.682 147.685 158.369 4.39358 12.9551 -9.73632 176.388 -170.337 -166.079 14.4161 -10.3359 1.22395 46.6034 15.7742 14.2128 7.75915 10.1676 -1.76535 12.5037 -4.29277 -4.82495 5.38663 -40.3973 0.246986 178.807 178.596 179.97 176.708 -168.275 -178.197 1.05141 -0.241596 -0.0197051 3.38389 4.32437 -2.86099 1.19715 -2.90545 1.15457 0.495919 -12.3233 -0.148706 179.194 -178.983 -179.979 179.672 173.721 -177.982 1.19151 -2.20793 1.14522
-162.263 96.0775 44.7383 0.551867 6.84887 -3.45045 179.055 170.807 -179.773 179.055 170.807 -179.773 179.055 170.807 -179.773 179.055 170.807 -179.773 170.412 -169.285 179.428 136.736 147.676 158.468 4.38925 12.929 -9.75364 176.355 -170.336 -166.055 14.5181 -10.1817 1.22335 46.5095 15.7739 14.1391 7.7695 10.166 -1.75301 12.5087 -4.28897 -4.82701 5.37102 -40.3705 0.223437 178.812 178.498 179.942 176.71 -168.401 -178.163 1.05142 -0.224217 -0.019705 3.38856 4.2704 -2.91617 1.19677 -2.88631 1.15455 0.494318 -12.1783 -0.157597 179.194 -178.985 -179.979 179.693 173.784 -178.012 1.19089 -2.17688 1.1452
-162.266 96.0814 44.8108 0.536921 6.75996 -3.41571 179.06 170.89 -179.782 179.06 170.89 -179.782 179.06 170.89 -179.782 179.06 170.89 -179.782 170.311 -169.423 179.428 136.791 147.668 158.568 4.38419 12.8998 -9.77023 176.321 -170.336 -166.026 14.6206 -10.0258 1.22276 46.4152 15.7741 14.0643 7.7795 10.1631 -1.73999 12.5127 -4.28497 -4.82877 5.35504 -40.3434 0.1992 178.817 178.399 179.915 176.713 -168.526 -178.128 1.05142 -0.206901 -0.019705 3.393 4.21652 -2.97257 1.19635 -2.8658 1.15453 0.493648 -12.034 -0.166535 179.194 -178.987 -179.979 179.713 173.846 -178.042 1.19028 -2.14674 1.14517
-162.269 96.0852 44.8833 0.521473 6.67204 -3.38046 179.066 170.972 -179.791 179.066 170.972 -179.791 179.066 170.972 -179.791 179.066 170.972 -179.791 170.209 -169.562 179.428 136.844 147.66 158.667 4.37841 12.8676 -9.78604 176.285 -170.338 -165.994 14.7234 -9.86859 1.22217 46.3209 15.7749 13.9885 7.78909 10.1592 -1.72634 12.5158 -4.28079 -4.83028 5.3387 -40.316 0.174302 178.823 178.298 179.887 176.717 -168.651 -178.092 1.05143 -0.189574 -0.019705 3.39717 4.16272 -3.03001 1.19591 -2.84397 1.15451 0.493884 -11.8907 -0.175579 179.194 -178.989 -179.979 179.733 173.908 -178.072 1.1897 -2.11752 1.14515
-162.273 96.089 44.9557 0.50558 6.5852 -3.34479 179.071 171.055 -179.8 179.071 171.055 -179.8 179.071 171.055 -179.8 179.071 171.055 -179.8 170.109 -169.702 179.428 136.898 147.653 158.767 4.37195 12.8324 -9.80103 176.246 -170.342 -165.958 14.8264 -9.71012 1.22159 46.2268 15.7761 13.9114 7.7982 10.1546 -1.71213 12.5183 -4.27644 -4.83158 5.32201 -40.2882 0.14877 178.829 178.195 179.86 176.722 -168.774 -178.056 1.05143 -0.172164 -0.019705 3.40107 4.109 -3.08833 1.19545 -2.82086 1.15449 0.494988 -11.7484 -0.184791 179.194 -178.99 -179.979 179.753 173.969 -178.102 1.18913 -2.08923 1.14513
-162.277 96.0927 45.028 0.489301 6.49951 -3.30877 179.077 171.138 -179.809 179.077 171.138 -179.809 179.077 171.138 -179.809 179.077 171.138 -179.809 170.008 -169.843 179.429 136.951 147.645 158.867 4.36483 12.7941 -9.81518 176.207 -170.348 -165.918 14.9295 -9.5506 1.22101 46.1332 15.7777 13.8328 7.80674 10.1496 -1.69741 12.5203 -4.27195 -4.83271 5.30499 -40.2601 0.122639 178.834 178.09 179.832 176.728 -168.895 -178.019 1.05144 -0.154606 -0.019705 3.40468 4.05536 -3.14734 1.19495 -2.79655 1.15446 0.49691 -11.6073 -0.194235 179.194 -178.992 -179.979 179.772 174.03 -178.132 1.18859 -2.06183 1.14511
-162.282 96.0963 45.1003 0.472704 6.41503 -3.27249 179.082 171.221 -179.817 179.082 171.221 -179.817 179.082 171.221 -179.817 179.082 171.221 -179.817 169.909 -169.985 179.429 137.004 147.638 158.967 4.35711 12.7529 -9.82848 176.166 -170.355 -165.875 15.0326 -9.39024 1.22044 46.0403 15.7795 13.7528 7.81466 10.1446 -1.68223 12.5217 -4.26732 -4.8337 5.28766 -40.2317 0.0959483 178.84 177.984 179.804 176.734 -169.016 -177.982 1.05145 -0.136843 -0.0197049 3.40799 4.00179 -3.20686 1.19444 -2.77115 1.15444 0.49959 -11.4674 -0.203977 179.194 -178.994 -179.979 179.791 174.09 -178.161 1.18806 -2.03531 1.14509
-162.287 96.0999 45.1723 0.455862 6.33181 -3.23602 179.088 171.304 -179.826 179.088 171.304 -179.826 179.088 171.304 -179.826 179.088 171.304 -179.826 169.809 -170.128 179.429 137.056 147.63 159.067 4.34882 12.7089 -9.84092 176.125 -170.364 -165.829 15.1356 -9.22925 1.21988 45.9484 15.7815 13.6712 7.82187 10.1397 -1.66666 12.5228 -4.26256 -4.8346 5.27003 -40.203 0.0687356 178.846 177.876 179.777 176.742 -169.135 -177.945 1.05145 -0.118821 -0.0197049 3.41099 3.94829 -3.26671 1.19391 -2.74476 1.15441 0.502955 -11.329 -0.214097 179.194 -178.996 -179.979 179.81 174.149 -178.19 1.18754 -2.00962 1.14507
-162.292 96.1034 45.2441 0.438857 6.24992 -3.19945 179.093 171.388 -179.834 179.093 171.388 -179.834 179.093 171.388 -179.834 179.093 171.388 -179.834 169.711 -170.275 179.429 137.111 147.621 159.164 4.34186 12.6606 -9.85214 176.055 -170.364 -165.771 15.2385 -9.0646 1.21931 45.8578 15.778 13.5896 7.82853 10.1371 -1.6508 12.5208 -4.25652 -4.83533 5.25198 -40.1738 0.0450639 178.852 177.766 179.744 176.749 -169.252 -177.906 1.05146 -0.100467 -0.0197049 3.41378 3.89473 -3.32848 1.19319 -2.70894 1.15438 0.506923 -11.192 -0.223942 179.194 -178.998 -179.979 179.829 174.208 -178.219 1.18688 -1.97633 1.14505
-162.297 96.1069 45.3157 0.421753 6.16922 -3.16283 179.098 171.471 -179.842 179.098 171.471 -179.842 179.098 171.471 -179.842 179.098 171.471 -179.842 169.613 -170.416 179.43 137.161 147.611 159.267 4.3321 12.6138 -9.86372 176.027 -170.38 -165.725 15.3408 -8.90606 1.21878 45.7684 15.784 13.5029 7.83396 10.1329 -1.63458 12.5225 -4.2522 -4.83614 5.23388 -40.1445 0.0143708 178.858 177.655 179.72 176.758 -169.368 -177.871 1.05147 -0.0818792 -0.0197049 3.41605 3.84152 -3.38669 1.19275 -2.68712 1.15436 0.511413 -11.0567 -0.235387 179.194 -179.001 -179.979 179.847 174.266 -178.246 1.18651 -1.95795 1.14504
-162.303 96.1103 45.3869 0.404647 6.09013 -3.12649 179.103 171.555 -179.85 179.103 171.555 -179.85 179.103 171.555 -179.85 179.103 171.555 -179.85 169.516 -170.561 179.43 137.212 147.602 159.367 4.32197 12.5622 -9.87367 175.991 -170.396 -165.674 15.4428 -8.7445 1.21825 45.6803 15.7869 13.4163 7.83885 10.1292 -1.61822 12.5233 -4.24728 -4.83693 5.2156 -40.1147 -0.0149015 178.864 177.542 179.693 176.766 -169.481 -177.834 1.05147 -0.0628843 -0.0197049 3.41812 3.78827 -3.44646 1.19221 -2.66026 1.15433 0.516319 -10.9291 -0.243238 179.194 -179.016 -179.979 179.865 174.33 -178.276 1.18606 -1.93567 1.14502
-162.309 96.1136 45.4577 0.387614 6.01229 -3.09023 179.107 171.639 -179.857 179.107 171.639 -179.857 179.107 171.639 -179.857 179.107 171.639 -179.857 169.42 -170.706 179.43 137.264 147.591 159.467 4.31181 12.5084 -9.88288 175.951 -170.411 -165.621 15.5443 -8.58307 1.21772 45.594 15.7892 13.3279 7.8429 10.127 -1.60172 12.5234 -4.24205 -4.83772 5.19712 -40.0846 -0.0438494 178.87 177.427 179.666 176.775 -169.593 -177.797 1.05148 -0.0435568 -0.0197049 3.41988 3.73511 -3.50587 1.19163 -2.63176 1.15431 0.521549 -10.803 -0.251414 179.194 -179.031 -179.979 179.883 174.393 -178.306 1.1856 -1.91261 1.14501
-162.315 96.1169 45.5282 0.370737 5.93563 -3.0541 179.112 171.723 -179.865 179.112 171.723 -179.865 179.112 171.723 -179.865 179.112 171.723 -179.865 169.324 -170.851 179.43 137.315 147.579 159.567 4.3016 12.453 -9.89146 175.911 -170.427 -165.565 15.6453 -8.42209 1.21721 45.5095 15.7912 13.2377 7.8461 10.126 -1.58513 12.523 -4.23659 -4.83853 5.17851 -40.0542 -0.0727636 178.876 177.31 179.639 176.785 -169.704 -177.761 1.05149 -0.0239119 -0.0197049 3.42132 3.68207 -3.56475 1.19104 -2.60264 1.15428 0.527009 -10.6784 -0.260167 179.194 -179.046 -179.979 179.9 174.455 -178.334 1.18514 -1.88955 1.14499
-162.321 96.1201 45.5983 0.354094 5.86009 -3.01815 179.116 171.807 -179.872 179.116 171.807 -179.872 179.116 171.807 -179.872 179.116 171.807 -179.872 169.23 -170.996 179.431 137.366 147.566 159.667 4.29135 12.3962 -9.89946 175.871 -170.443 -165.509 15.7457 -8.26178 1.21671 45.427 15.7928 13.1458 7.84846 10.1264 -1.56851 12.5222 -4.23091 -4.83936 5.15983 -40.0235 -0.101684 178.882 177.192 179.612 176.794 -169.813 -177.726 1.05149 -0.00397801 -0.0197049 3.42247 3.62915 -3.62296 1.19045 -2.57332 1.15425 0.532602 -10.5553 -0.269529 179.194 -179.06 -179.979 179.917 174.517 -178.362 1.18468 -1.86665 1.14498
-162.328 96.1232 45.6679 0.33782 5.78664 -2.98247 179.12 171.893 -179.879 179.12 171.893 -179.879 179.12 171.893 -179.879 179.12 171.893 -179.879 169.135 -171.146 179.431 137.417 147.554 159.766 4.27994 12.3402 -9.90532 175.83 -170.459 -165.452 15.8467 -8.09866 1.21622 45.346 15.7908 13.0526 7.85071 10.1309 -1.55421 12.5209 -4.22467 -4.84093 5.14233 -39.9632 -0.134508 178.888 177.101 179.587 176.803 -169.92 -177.691 1.0515 0.0162544 -0.0197049 3.42333 3.57636 -3.68051 1.18985 -2.54345 1.15422 0.538233 -10.4347 -0.279419 179.194 -179.075 -179.979 179.934 174.578 -178.388 1.18422 -1.84336 1.14496
-162.334 96.1261 45.7369 0.32212 5.71747 -2.9472 179.123 171.983 -179.886 179.123 171.983 -179.886 179.123 171.983 -179.886 179.123 171.983 -179.886 169.04 -171.311 179.431 137.47 147.551 159.863 4.26653 12.29 -9.90572 175.766 -170.468 -165.382 15.9516 -7.92209 1.21569 45.268 15.7639 12.9587 7.85203 10.1573 -1.54577 12.5179 -4.21588 -4.84543 5.1293 -39.8114 -0.186394 178.891 177.099 179.582 176.813 -170.021 -177.656 1.05151 0.0368387 -0.0197049 3.424 3.52366 -3.73852 1.18907 -2.50468 1.15419 0.543808 -10.3189 -0.289227 179.194 -179.09 -179.979 179.951 174.638 -178.414 1.1836 -1.81235 1.14494
-162.34 96.1289 45.8055 0.306852 5.64905 -2.91222 179.126 172.073 -179.894 179.126 172.073 -179.894 179.126 172.073 -179.894 179.126 172.073 -179.894 168.945 -171.469 179.431 137.517 147.549 159.967 4.25165 12.2462 -9.90766 175.742 -170.491 -165.327 16.055 -7.7532 1.2152 45.1903 15.7534 12.861 7.85485 10.1736 -1.53879 12.518 -4.20915 -4.84938 5.11596 -39.6584 -0.235702 178.895 177.097 179.574 176.822 -170.122 -177.624 1.05151 0.0577159 -0.0197049 3.42422 3.47126 -3.79242 1.18861 -2.48177 1.15417 0.549252 -10.2043 -0.300654 179.194 -179.105 -179.979 179.967 174.697 -178.438 1.18323 -1.79415 1.14493
-162.347 96.1316 45.8736 0.292095 5.58153 -2.87762 179.129 172.163 -179.901 179.129 172.163 -179.901 179.129 172.163 -179.901 179.129 172.163 -179.901 168.851 -171.631 179.431 137.566 147.55 160.067 4.23679 12.2015 -9.90862 175.712 -170.513 -165.27 16.1579 -7.58201 1.21471 45.1155 15.7344 12.763 7.85608 10.1961 -1.53136 12.5171 -4.20127 -4.85385 5.10336 -39.5033 -0.288769 178.898 177.094 179.57 176.83 -170.221 -177.593 1.05152 0.0785761 -0.0197049 3.42427 3.41901 -3.84667 1.18806 -2.45458 1.15415 0.554486 -10.091 -0.31212 179.194 -179.119 -179.979 179.983 174.755 -178.461 1.18279 -1.77186 1.14492
-162.353 96.1343 45.9412 0.277904 5.5148 -2.84343 179.131 172.254 -179.908 179.131 172.254 -179.908 179.131 172.254 -179.908 179.131 172.254 -179.908 168.758 -171.796 179.432 137.616 147.552 160.165 4.22329 12.1573 -9.9091 175.661 -170.526 -165.208 16.2611 -7.40775 1.21422 45.0462 15.6942 12.6632 7.85361 10.2387 -1.52246 12.5146 -4.19164 -4.85958 5.09221 -39.3457 -0.35088 178.9 177.092 179.579 176.839 -170.319 -177.561 1.05153 0.0993255 -0.0197049 3.42412 3.36696 -3.90112 1.18732 -2.41823 1.15412 0.55944 -9.97882 -0.323632 179.194 -179.134 -179.979 179.999 174.812 -178.484 1.18216 -1.74061 1.1449
-162.359 96.1368 46.0084 0.264299 5.44846 -2.80966 179.133 172.343 -179.915 179.133 172.343 -179.915 179.133 172.343 -179.915 179.133 172.343 -179.915 168.666 -171.952 179.432 137.661 147.549 160.269 4.20932 12.1161 -9.91038 175.642 -170.55 -165.157 16.3619 -7.24248 1.21377 44.9753 15.6807 12.5611 7.85507 10.2592 -1.51619 12.5134 -4.184 -4.86388 5.08003 -39.1873 -0.399077 178.904 177.089 179.572 176.847 -170.417 -177.533 1.05154 0.12018 -0.0197049 3.42357 3.31524 -3.95138 1.18689 -2.39684 1.1541 0.564061 -9.86747 -0.336347 179.194 -179.148 -179.979 0.0136282 5.13062 1.49545 1.18179 -1.72179 1.14489
-162.366 96.1393 46.0751 0.251343 5.38267 -2.77639 179.135 172.433 -179.921 179.135 172.433 -179.921 179.135 172.433 -179.921 179.135 172.433 -179.921 168.574 -172.112 179.432 137.708 147.548 160.37 4.19539 12.0742 -9.91073 175.618 -170.572 -165.107 16.4622 -7.07527 1.21333 44.9071 15.6589 12.4589 7.85512 10.2856 -1.50939 12.5103 -4.17486 -4.86868 5.06874 -39.0269 -0.450151 178.908 177.086 179.569 176.855 -170.514 -177.504 1.05154 0.140734 -0.0197049 3.42287 3.26378 -4.0017 1.18638 -2.3716 1.15408 0.568295 -9.75709 -0.349019 179.194 -179.163 -179.979 0.0283717 5.0743 1.47506 1.18132 -1.69842 1.14487
-162.372 96.1416 46.1414 0.23906 5.31724 -2.74364 179.137 172.522 -179.928 179.137 172.522 -179.928 179.137 172.522 -179.928 179.137 172.522 -179.928 168.483 -172.27 179.432 137.754 147.547 160.471 4.18207 12.034 -9.91104 175.595 -170.594 -165.06 16.5618 -6.90938 1.21289 44.8415 15.6339 12.3552 7.85469 10.3151 -1.50269 12.506 -4.16501 -4.87366 5.05815 -38.8648 -0.501445 178.912 177.083 179.567 176.862 -170.61 -177.477 1.05155 0.161017 -0.019705 3.42193 3.21264 -4.05058 1.18587 -2.34601 1.15406 0.572102 -9.64748 -0.361913 179.194 -179.177 -179.979 0.0427309 5.01855 1.45546 1.18082 -1.67346 1.14486
-162.378 96.1439 46.2073 0.227475 5.25206 -2.71145 179.138 172.61 -179.935 179.138 172.61 -179.935 179.138 172.61 -179.935 179.138 172.61 -179.935 168.394 -172.428 179.433 137.8 147.545 160.572 4.16935 11.9958 -9.91138 175.573 -170.615 -165.016 16.6604 -6.74495 1.21248 44.7783 15.6068 12.2504 7.85408 10.3463 -1.49614 12.5004 -4.15452 -4.87879 5.04824 -38.7011 -0.552088 178.916 177.08 179.566 176.869 -170.706 -177.451 1.05156 0.180935 -0.019705 3.42077 3.16184 -4.09799 1.18536 -2.321 1.15403 0.575454 -9.53855 -0.374945 179.194 -179.191 -179.979 0.0567022 4.96332 1.43657 1.1803 -1.64761 1.14484
-162.384 96.146 46.2726 0.216604 5.18703 -2.67986 179.139 172.699 -179.941 179.139 172.699 -179.941 179.139 172.699 -179.941 179.139 172.699 -179.941 168.304 -172.584 179.433 137.845 147.543 160.673 4.15725 11.9596 -9.91178 175.554 -170.635 -164.976 16.7582 -6.58205 1.21207 44.7171 15.5785 12.1445 7.85349 10.3782 -1.48979 12.4936 -4.14337 -4.88401 5.03903 -38.5357 -0.601689 178.92 177.076 179.565 176.875 -170.802 -177.427 1.05156 0.200407 -0.019705 3.4194 3.11141 -4.14388 1.18488 -2.29686 1.15401 0.578328 -9.43022 -0.388009 179.194 -179.205 -179.979 0.0702854 4.90853 1.4183 1.17977 -1.62106 1.14483
-162.389 96.1481 46.3376 0.20646 5.12208 -2.6489 179.139 172.786 -179.947 179.139 172.786 -179.947 179.139 172.786 -179.947 179.139 172.786 -179.947 168.216 -172.74 179.433 137.889 147.542 160.774 4.14579 11.9258 -9.91231 175.538 -170.656 -164.941 16.855 -6.42067 1.21169 44.658 15.5489 12.0378 7.8531 10.4104 -1.48363 12.4855 -4.13152 -4.88933 5.03057 -38.3687 -0.650088 178.924 177.072 179.564 176.881 -170.898 -177.403 1.05157 0.219358 -0.019705 3.41783 3.06137 -4.18825 1.18441 -2.27368 1.154 0.580714 -9.3224 -0.400994 179.194 -179.219 -179.979 0.0834827 4.85415 1.40056 1.17923 -1.59383 1.14481
-162.395 96.15 46.4021 0.197047 5.05714 -2.61862 179.139 172.874 -179.953 179.139 172.874 -179.953 179.139 172.874 -179.953 179.139 172.874 -179.953 168.128 -172.894 179.433 137.932 147.54 160.876 4.13502 11.8944 -9.91303 175.524 -170.676 -164.91 16.9509 -6.26077 1.21131 44.6007 15.5184 11.9304 7.85303 10.4424 -1.47765 12.4759 -4.11891 -4.89472 5.02291 -38.2002 -0.697186 178.929 177.068 179.563 176.886 -170.994 -177.381 1.05158 0.237721 -0.0197051 3.41607 3.01173 -4.23107 1.18396 -2.25148 1.15398 0.582605 -9.21504 -0.413786 179.194 -179.233 -179.979 0.0962995 4.80011 1.38324 1.17867 -1.56589 1.1448
-162.401 96.1518 46.4662 0.188365 4.99214 -2.58906 179.139 172.96 -179.959 179.139 172.96 -179.959 179.139 172.96 -179.959 179.139 172.96 -179.959 168.041 -173.047 179.433 137.975 147.538 160.977 4.12498 11.8657 -9.91399 175.515 -170.696 -164.885 17.0458 -6.10232 1.21095 44.5452 15.4868 11.8223 7.85341 10.4741 -1.47184 12.4649 -4.10551 -4.90018 5.0161 -38.0301 -0.742917 178.934 177.064 179.562 176.89 -171.09 -177.359 1.05158 0.255438 -0.0197051 3.41413 2.96251 -4.27236 1.18353 -2.23026 1.15396 0.584005 -9.10809 -0.426272 179.194 -179.247 -179.979 0.108745 4.74636 1.36625 1.1781 -1.53723 1.14478
-162.406 96.1535 46.5299 0.180409 4.92705 -2.56024 179.138 173.046 -179.965 179.138 173.046 -179.965 179.138 173.046 -179.965 179.138 173.046 -179.965 167.955 -173.198 179.434 138.017 147.537 161.079 4.11573 11.8397 -9.91527 175.509 -170.716 -164.866 17.1398 -5.94523 1.2106 44.4913 15.4541 11.7138 7.85433 10.5051 -1.46617 12.4523 -4.09128 -4.9057 5.01018 -37.8584 -0.78723 178.939 177.06 179.561 176.894 -171.186 -177.339 1.05159 0.272467 -0.0197051 3.41201 2.91373 -4.3121 1.18313 -2.20999 1.15395 0.584923 -9.00151 -0.43834 179.194 -179.261 -179.979 0.120832 4.69284 1.34949 1.17751 -1.50783 1.14477
-162.412 96.1551 46.5931 0.17317 4.86183 -2.53221 179.137 173.132 -179.971 179.137 173.132 -179.971 179.137 173.132 -179.971 179.137 173.132 -179.971 167.87 -173.349 179.434 138.058 147.535 161.18 4.10734 11.8165 -9.91692 175.507 -170.736 -164.852 17.2329 -5.78942 1.21026 44.4391 15.4205 11.6049 7.85586 10.5353 -1.4606 12.4381 -4.0762 -4.91126 5.00521 -37.6853 -0.830082 178.944 177.055 179.56 176.897 -171.282 -177.32 1.05159 0.288778 -0.0197051 3.40973 2.86539 -4.3503 1.18274 -2.19066 1.15393 0.585371 -8.89529 -0.449882 179.194 -179.275 -179.979 0.132579 4.6395 1.33287 1.17691 -1.47767 1.14475
-162.417 96.1565 46.656 0.166636 4.79649 -2.505 179.136 173.217 -179.977 179.136 173.217 -179.977 179.136 173.217 -179.977 179.136 173.217 -179.977 167.784 -173.498 179.434 138.099 147.534 161.282 4.09984 11.796 -9.91901 175.508 -170.755 -164.844 17.3251 -5.63479 1.20993 44.3883 15.3859 11.4958 7.85806 10.5646 -1.45512 12.4223 -4.06025 -4.91687 5.0012 -37.5106 -0.87144 178.95 177.05 179.558 176.9 -171.379 -177.301 1.0516 0.304356 -0.0197052 3.40729 2.8175 -4.38698 1.18236 -2.17223 1.15392 0.585368 -8.78943 -0.460798 179.194 -179.289 -179.979 0.14401 4.5863 1.31632 1.17629 -1.44676 1.14474
-162.422 96.1579 46.7185 0.16079 4.73101 -2.47864 179.135 173.301 -179.983 179.135 173.301 -179.983 179.135 173.301 -179.983 179.135 173.301 -179.983 167.7 -173.647 179.434 138.139 147.533 161.384 4.09331 11.7784 -9.92161 175.514 -170.774 -164.842 17.4163 -5.48125 1.20962 44.3389 15.3502 11.3865 7.86095 10.5927 -1.44969 12.405 -4.04343 -4.92251 4.99819 -37.3344 -0.911279 178.956 177.044 179.557 176.903 -171.476 -177.284 1.0516 0.319202 -0.0197052 3.4047 2.77005 -4.42216 1.18201 -2.15463 1.1539 0.584934 -8.68395 -0.470994 179.194 -179.303 -179.979 0.155156 4.53317 1.29973 1.17566 -1.41509 1.14472
-162.428 96.1591 46.7805 0.155626 4.66551 -2.45316 179.133 173.385 -179.988 179.133 173.385 -179.988 179.133 173.385 -179.988 179.133 173.385 -179.988 167.616 -173.798 179.434 138.178 147.54 161.484 4.08584 11.7648 -9.92458 175.536 -170.797 -164.851 17.5078 -5.32471 1.2093 44.2938 15.2924 11.2768 7.86303 10.6368 -1.44325 12.3719 -4.02095 -4.92768 4.99715 -37.1559 -0.956014 178.961 177.039 179.563 176.904 -171.573 -177.267 1.05161 0.333225 -0.0197052 3.402 2.72305 -4.45676 1.18157 -2.13269 1.15389 0.584085 -8.5789 -0.480093 179.194 -179.318 -179.979 0.166095 4.48015 1.28277 1.1748 -1.37222 1.1447
-162.433 96.1602 46.8421 0.151089 4.59978 -2.42858 179.131 173.469 -179.993 179.131 173.469 -179.993 179.131 173.469 -179.993 179.131 173.469 -179.993 167.533 -173.941 179.434 138.216 147.534 161.589 4.08286 11.7522 -9.92862 175.542 -170.813 -164.858 17.5965 -5.17645 1.20902 44.2453 15.2679 11.1673 7.86824 10.6532 -1.43857 12.3599 -4.00543 -4.93352 4.99562 -36.9772 -0.98845 178.968 177.033 179.556 176.906 -171.671 -177.252 1.05161 0.346792 -0.0197053 3.39908 2.67647 -4.48802 1.18132 -2.12042 1.15388 0.582865 -8.47424 -0.488899 179.194 -179.332 -179.979 0.176745 4.42697 1.26621 1.17429 -1.34674 1.14469
-162.438 96.1612 46.9033 0.147201 4.53419 -2.40494 179.129 173.552 -179.998 179.129 173.552 -179.998 179.129 173.552 -179.998 179.129 173.552 -179.998 167.45 -174.091 179.435 138.254 147.54 161.689 4.07759 11.7435 -9.9329 175.571 -170.835 -164.878 17.6858 -5.02202 1.20873 44.2013 15.2152 11.0586 7.87252 10.6878 -1.43254 12.3271 -3.98245 -4.93866 4.99628 -36.796 -1.02768 178.974 177.027 179.559 176.907 -171.768 -177.236 1.05162 0.359507 -0.0197053 3.39612 2.63031 -4.51964 1.18094 -2.10161 1.15386 0.581275 -8.37016 -0.496141 179.194 -179.347 -179.979 0.187314 4.37389 1.24883 1.17345 -1.30466 1.14467
-162.443 96.162 46.9641 0.143893 4.46847 -2.38223 179.126 173.634 179.997 179.126 173.634 179.997 179.126 173.634 179.997 179.126 173.634 179.997 167.368 -174.232 179.435 138.291 147.534 161.793 4.07712 11.7353 -9.93825 175.58 -170.848 -164.895 17.7727 -4.87516 1.20846 44.1548 15.1901 10.9496 7.87867 10.7013 -1.42764 12.3142 -3.96592 -4.94465 4.99677 -36.6143 -1.05717 178.982 177.021 179.552 176.907 -171.866 -177.223 1.05162 0.371885 -0.0197053 3.39297 2.58454 -4.54809 1.18071 -2.09035 1.15386 0.579365 -8.26662 -0.503074 179.194 -179.362 -179.979 0.197688 4.32055 1.23185 1.17292 -1.2782 1.14466
-162.448 96.1628 47.0245 0.141183 4.40301 -2.3605 179.123 173.716 179.992 179.123 173.716 179.992 179.123 173.716 179.992 179.123 173.716 179.992 167.286 -174.38 179.435 138.327 147.541 161.894 4.07416 11.7316 -9.94417 175.617 -170.869 -164.925 17.86 -4.722 1.20819 44.1126 15.1366 10.8417 7.8842 10.7327 -1.4216 12.2788 -3.94153 -4.94958 4.99941 -36.4303 -1.09298 178.989 177.014 179.554 176.907 -171.963 -177.208 1.05163 0.383574 -0.0197053 3.38977 2.53915 -4.57677 1.18036 -2.07296 1.15384 0.577132 -8.1638 -0.508255 179.194 -179.378 -179.979 0.208098 4.26724 1.21385 1.17205 -1.23451 1.14464
-162.453 96.1633 47.0843 0.139001 4.33759 -2.33972 179.121 173.797 179.987 179.121 173.797 179.987 179.121 173.797 179.987 179.121 173.797 179.987 167.205 -174.52 179.435 138.362 147.534 161.999 4.07634 11.7273 -9.95104 175.628 -170.878 -164.95 17.945 -4.57615 1.20794 44.0679 15.1103 10.7337 7.89087 10.7444 -1.41642 12.2653 -3.9242 -4.95562 5.00187 -36.2458 -1.1197 178.997 177.007 179.547 176.907 -172.061 -177.196 1.05163 0.395106 -0.0197054 3.3864 2.49407 -4.60247 1.18015 -2.06244 1.15384 0.574632 -8.0617 -0.513187 179.194 -179.393 -179.979 0.218417 4.21359 1.19631 1.1715 -1.20702 1.14462
-162.458 96.1638 47.1437 0.137362 4.2726 -2.31994 179.117 173.878 179.982 179.117 173.878 179.982 179.117 173.878 179.982 179.117 173.878 179.982 167.125 -174.667 179.435 138.397 147.541 162.1 4.07595 11.7277 -9.95878 175.671 -170.898 -164.988 18.0305 -4.42392 1.20768 44.0273 15.056 10.6269 7.89692 10.7739 -1.41023 12.2286 -3.89895 -4.96038 5.00636 -36.059 -1.1522 179.004 177 179.549 176.907 -172.157 -177.183 1.05163 0.406174 -0.0197054 3.38301 2.44931 -4.62827 1.17982 -2.04614 1.15382 0.571856 -7.96052 -0.516224 179.194 -179.409 -179.979 0.2289 4.15991 1.17759 1.17059 -1.16186 1.14461
-162.464 96.1641 47.2026 0.136192 4.20782 -2.30112 179.114 173.958 179.978 179.114 173.958 179.978 179.114 173.958 179.978 179.114 173.958 179.978 167.045 -174.807 179.435 138.431 147.534 162.205 4.08087 11.7266 -9.96736 175.685 -170.904 -165.019 18.1135 -4.2788 1.20745 43.9843 15.0287 10.5201 7.90354 10.7846 -1.40474 12.215 -3.88119 -4.96633 5.01062 -35.8718 -1.17628 179.013 176.992 179.542 176.906 -172.254 -177.172 1.05164 0.417322 -0.0197054 3.37947 2.40479 -4.65127 1.17962 -2.03615 1.15382 0.568862 -7.86026 -0.519133 179.194 -179.425 -179.979 0.239402 4.10583 1.15943 1.17003 -1.13338 1.14459
-162.469 96.1644 47.261 0.135506 4.14365 -2.28329 179.111 174.038 179.973 179.111 174.038 179.973 179.111 174.038 179.973 179.111 174.038 179.973 166.965 -174.953 179.435 138.464 147.541 162.307 4.08326 11.7303 -9.97705 175.731 -170.921 -165.063 18.1969 -4.12728 1.20722 43.9453 14.974 10.4147 7.90927 10.8132 -1.3983 12.1787 -3.85581 -4.97091 5.01672 -35.6825 -1.20564 179.021 176.984 179.543 176.905 -172.35 -177.161 1.05164 0.428284 -0.0197054 3.37592 2.3605 -4.67423 1.17931 -2.02062 1.15381 0.565637 -7.76111 -0.52006 179.194 -179.442 -179.979 0.250193 4.05167 1.13997 1.1691 -1.08689 1.14458
-162.474 96.1644 47.3189 0.135226 4.07989 -2.2664 179.107 174.118 179.969 179.107 174.118 179.969 179.107 174.118 179.969 179.107 174.118 179.969 166.886 -175.092 179.435 138.497 147.533 162.412 4.09098 11.7315 -9.98747 175.747 -170.925 -165.099 18.278 -3.98274 1.207 43.9038 14.9462 10.3094 7.91516 10.8238 -1.39254 12.1656 -3.83811 -4.97662 5.02249 -35.4929 -1.22728 179.03 176.977 179.536 176.904 -172.444 -177.151 1.05165 0.439607 -0.0197055 3.37226 2.31633 -4.69455 1.17911 -2.01096 1.1538 0.56224 -7.66311 -0.521026 179.194 -179.459 -179.979 0.261105 3.99707 1.12119 1.16851 -1.05751 1.14457
-162.479 96.1645 47.3753 0.136307 4.04762 -2.25163 179.09 174.174 179.847 179.09 174.174 179.847 179.09 174.174 179.847 179.09 174.174 179.847 166.755 -174.932 -179.423 138.927 147.35 161.763 4.01803 12.0662 -9.88976 175.784 -170.961 -165.034 18.4502 -3.89047 1.20687 43.7405 14.9695 10.6123 7.93546 11.1133 -1.49089 12.1512 -3.79603 -5.02428 5.37257 -35.5746 -0.672105 179.02 176.907 179.547 176.903 -172.507 -177.142 1.05165 0.451511 -0.0197055 3.36864 2.27245 -4.71445 1.17882 -1.99628 1.15379 0.559122 -7.59835 -0.519001 179.194 -179.477 -179.979 0.271437 3.94275 1.10163 1.1676 -1.012 1.14455
-162.484 96.1644 47.432 0.136776 3.98534 -2.23665 179.086 174.253 179.843 179.086 174.253 179.843 179.086 174.253 179.843 179.086 174.253 179.843 166.675 -175.07 -179.423 138.959 147.342 161.868 4.02866 12.0701 -9.90305 175.797 -170.959 -165.071 18.5286 -3.74583 1.20666 43.7012 14.9346 10.5075 7.93736 11.1351 -1.48325 12.1441 -3.78123 -5.03026 5.37667 -35.3832 -0.681919 179.031 176.898 179.527 176.901 -172.599 -177.133 1.05165 0.463631 -0.0197055 3.3649 2.22842 -4.73205 1.17863 -1.98687 1.15378 0.555416 -7.50309 -0.518211 179.194 -179.494 -179.979 0.282921 3.88758 1.08235 1.167 -0.982025 1.14454
-162.489 96.1641 47.4881 0.137601 3.92402 -2.2226 179.083 174.332 179.839 179.083 174.332 179.839 179.083 174.332 179.839 179.083 174.332 179.839 166.595 -175.215 -179.423 138.99 147.349 161.973 4.03648 12.0792 -9.91773 175.841 -170.968 -165.118 18.6073 -3.59458 1.20646 43.6653 14.8736 10.4046 7.93811 11.1736 -1.47504 12.1198 -3.75934 -5.03533 5.38258 -35.1896 -0.701596 179.04 176.889 179.521 176.899 -172.69 -177.124 1.05166 0.476185 -0.0197056 3.36118 2.18443 -4.74935 1.17833 -1.9721 1.15377 0.551564 -7.40931 -0.515436 179.194 -179.512 -179.979 0.294891 3.83229 1.06167 1.16603 -0.933497 1.14452
-162.494 96.1637 47.5435 0.138701 3.86344 -2.20944 179.079 174.41 179.835 179.079 174.41 179.835 179.079 174.41 179.835 179.079 174.41 179.835 166.516 -175.352 -179.423 139.02 147.341 162.079 4.04882 12.0834 -9.93252 175.857 -170.965 -165.156 18.6832 -3.45078 1.20627 43.6262 14.8448 10.3024 7.94073 11.1881 -1.46865 12.1103 -3.74364 -5.03989 5.38792 -34.996 -0.719969 179.05 176.88 179.514 176.898 -172.78 -177.117 1.05166 0.489711 -0.0197056 3.35742 2.14032 -4.76425 1.17814 -1.9627 1.15376 0.547626 -7.31698 -0.513133 179.194 -179.529 -179.979 0.307124 3.77658 1.04202 1.16542 -0.902812 1.14451
-162.499 96.1632 47.5982 0.140087 3.80397 -2.19718 179.075 174.489 179.832 179.075 174.489 179.832 179.075 174.489 179.832 179.075 174.489 179.832 166.436 -175.496 -179.423 139.049 147.347 162.184 4.05927 12.0933 -9.94902 175.903 -170.972 -165.204 18.7592 -3.30073 1.20609 43.5911 14.7888 10.2016 7.93994 11.224 -1.46086 12.086 -3.72271 -5.04377 5.39443 -34.8008 -0.74294 179.059 176.872 179.513 176.896 -172.868 -177.11 1.05167 0.503994 -0.0197057 3.35369 2.09612 -4.77871 1.17784 -1.94791 1.15375 0.543583 -7.22628 -0.508906 179.194 -179.547 -179.979 0.319896 3.72076 1.02099 1.16443 -0.853386 1.1445
-162.504 96.1626 47.6523 0.141682 3.74534 -2.18576 179.072 174.566 179.828 179.072 174.566 179.828 179.072 174.566 179.828 179.072 174.566 179.828 166.357 -175.633 -179.423 139.077 147.338 162.292 4.07419 12.0983 -9.96558 175.92 -170.967 -165.24 18.8325 -3.15797 1.20592 43.5535 14.7615 10.1013 7.93986 11.2403 -1.45458 12.0784 -3.70848 -5.04754 5.39995 -34.606 -0.760109 179.069 176.863 179.507 176.894 -172.954 -177.104 1.05167 0.51952 -0.0197057 3.34995 2.0517 -4.79087 1.17765 -1.93846 1.15375 0.539497 -7.13713 -0.505386 179.194 -179.565 -179.979 0.332951 3.66459 1.00119 1.16381 -0.822244 1.14449
-162.509 96.1619 47.7057 0.143496 3.68792 -2.17521 179.068 174.644 179.824 179.068 174.644 179.824 179.068 174.644 179.824 179.068 174.644 179.824 166.277 -175.776 -179.423 139.104 147.343 162.399 4.08749 12.1091 -9.98389 175.963 -170.97 -165.284 18.9058 -3.00923 1.20575 43.5199 14.7069 10.0023 7.93527 11.2804 -1.44662 12.0606 -3.69045 -5.05117 5.40636 -34.4098 -0.781413 179.078 176.854 179.506 176.892 -173.038 -177.098 1.05168 0.536066 -0.0197058 3.34625 2.00708 -4.80244 1.17735 -1.92351 1.15374 0.535347 -7.04967 -0.500048 179.194 -179.583 -179.979 0.346558 3.60837 0.980079 1.16281 -0.772204 1.14447
-162.514 96.1611 47.7583 0.145453 3.63141 -2.16546 179.064 174.721 179.821 179.064 174.721 179.821 179.064 174.721 179.821 179.064 174.721 179.821 166.198 -175.912 -179.424 139.13 147.333 162.508 4.10478 12.1145 -10.002 175.98 -170.962 -165.317 18.9765 -2.86786 1.20559 43.484 14.6809 9.90364 7.93195 11.3001 -1.4406 12.0559 -3.67834 -5.05412 5.41155 -34.2142 -0.797344 179.088 176.846 179.5 176.89 -173.12 -177.093 1.05168 0.55406 -0.0197058 3.34258 1.96215 -4.81184 1.17716 -1.91391 1.15373 0.531192 -6.96377 -0.49563 179.194 -179.602 -179.979 0.360437 3.55191 0.960395 1.16218 -0.740766 1.14447
-162.519 96.1602 47.8102 0.147568 3.57614 -2.15654 179.061 174.798 179.817 179.061 174.798 179.817 179.061 174.798 179.817 179.061 174.798 179.817 166.119 -176.054 -179.424 139.154 147.337 162.616 4.12076 12.1261 -10.0219 176.021 -170.962 -165.356 19.047 -2.72083 1.20544 43.4522 14.6273 9.80618 7.92288 11.3457 -1.43251 12.0461 -3.6639 -5.0576 5.41739 -34.0175 -0.817149 179.097 176.837 179.499 176.888 -173.2 -177.089 1.05169 0.573258 -0.0197059 3.33895 1.91697 -4.82051 1.17685 -1.89871 1.15372 0.527013 -6.87958 -0.489531 179.194 -179.62 -179.979 0.37484 3.49549 0.939529 1.16117 -0.690379 1.14445
-162.524 96.1592 47.8614 0.149767 3.52181 -2.1484 179.058 174.875 179.814 179.058 174.875 179.814 179.058 174.875 179.814 179.058 174.875 179.814 166.04 -176.189 -179.424 139.178 147.326 162.727 4.14012 12.1321 -10.0413 176.038 -170.952 -165.385 19.1148 -2.58127 1.20531 43.418 14.6027 9.70921 7.91604 11.3693 -1.42691 12.0444 -3.65424 -5.05966 5.4218 -33.8216 -0.83216 179.107 176.829 179.493 176.886 -173.277 -177.086 1.0517 0.594014 -0.0197059 3.33538 1.87141 -4.82716 1.17666 -1.88894 1.15371 0.522867 -6.79689 -0.484528 179.194 -179.637 -179.979 0.38947 3.439 0.92027 1.16054 -0.658817 1.14445
-162.529 96.1582 47.9119 0.152054 3.46863 -2.14106 179.054 174.951 179.81 179.054 174.951 179.81 179.054 174.951 179.81 179.054 174.951 179.81 165.961 -176.326 -179.424 139.2 147.32 162.838 4.15971 12.1399 -10.0615 176.061 -170.942 -165.414 19.1816 -2.44004 1.20518 43.3855 14.5707 9.61363 7.90592 11.4014 -1.42071 12.0431 -3.64481 -5.06171 5.42594 -33.6256 -0.848171 179.116 176.82 179.489 176.884 -173.353 -177.084 1.05171 0.61612 -0.019706 3.33186 1.82554 -4.83271 1.17642 -1.87706 1.15371 0.518745 -6.7158 -0.478703 179.194 -179.655 -179.979 0.40449 3.38265 0.90071 1.15978 -0.620558 1.14444
-162.534 96.157 47.9616 0.154411 3.41658 -2.1345 179.051 175.027 179.807 179.051 175.027 179.807 179.051 175.027 179.807 179.051 175.027 179.807 165.882 -176.465 -179.424 139.22 147.324 162.949 4.17869 12.1541 -10.0832 176.101 -170.939 -165.446 19.248 -2.29599 1.20505 43.3573 14.514 9.51791 7.88894 11.461 -1.4123 12.0462 -3.63617 -5.06528 5.43036 -33.4287 -0.867026 179.125 176.811 179.489 176.882 -173.427 -177.082 1.05171 0.639573 -0.0197061 3.32839 1.77937 -4.83709 1.17609 -1.86068 1.1537 0.514655 -6.63625 -0.472041 179.194 -179.672 -179.979 0.419887 3.32654 0.880849 1.15872 -0.56761 1.14443
-162.539 96.1558 48.0105 0.156777 3.3654 -2.1287 179.048 175.102 179.804 179.048 175.102 179.804 179.048 175.102 179.804 179.048 175.102 179.804 165.803 -176.598 -179.424 139.239 147.313 163.063 4.20041 12.161 -10.1037 176.119 -170.927 -165.468 19.3116 -2.15993 1.20494 43.3261 14.491 9.42309 7.87674 11.4914 -1.40765 12.0492 -3.63053 -5.06601 5.43297 -33.2334 -0.881252 179.134 176.803 179.483 176.881 -173.498 -177.081 1.05172 0.664524 -0.0197062 3.325 1.73283 -4.83971 1.17588 -1.85058 1.15369 0.51065 -6.558 -0.466681 179.194 -179.689 -179.979 0.435396 3.27066 0.862864 1.15809 -0.53607 1.14442
-162.544 96.1546 48.0587 0.159176 3.31533 -2.12369 179.045 175.177 179.801 179.045 175.177 179.801 179.045 175.177 179.801 179.045 175.177 179.801 165.723 -176.734 -179.424 139.256 147.314 163.176 4.22135 12.1751 -10.1257 176.153 -170.92 -165.492 19.3749 -2.01909 1.20483 43.2992 14.44 9.32895 7.85585 11.5524 -1.39977 12.0612 -3.62621 -5.06927 5.43582 -33.0375 -0.89881 179.142 176.794 179.482 176.879 -173.568 -177.08 1.05173 0.690635 -0.0197063 3.32166 1.68607 -4.84133 1.17556 -1.83467 1.15368 0.5067 -6.48118 -0.460043 179.194 -179.706 -179.979 0.451242 3.21526 0.8442 1.15709 -0.486003 1.14441
-162.548 96.1533 48.1062 0.161551 3.26604 -2.11946 179.042 175.251 179.797 179.042 175.251 179.797 179.042 175.251 179.797 179.042 175.251 179.797 165.644 -176.864 -179.424 139.273 147.302 163.291 4.24401 12.1825 -10.1463 176.172 -170.906 -165.509 19.4356 -1.88587 1.20474 43.2697 14.4191 9.23557 7.84042 11.5858 -1.39592 12.0671 -3.62324 -5.06913 5.43693 -32.8431 -0.912789 179.151 176.786 179.477 176.877 -173.635 -177.081 1.05174 0.718037 -0.0197064 3.3184 1.63903 -4.84139 1.17536 -1.82446 1.15367 0.502859 -6.40546 -0.454716 179.193 -179.722 -179.979 0.467125 3.16032 0.827494 1.15647 -0.454908 1.14441
-162.553 96.152 48.1529 0.163929 3.21775 -2.11603 179.04 175.325 179.794 179.04 175.325 179.794 179.04 175.325 179.794 179.04 175.325 179.794 165.565 -176.998 -179.424 139.286 147.304 163.406 4.26602 12.1978 -10.1683 176.204 -170.897 -165.528 19.4961 -1.74825 1.20465 43.2446 14.3699 9.14264 7.81546 11.6514 -1.38843 12.0868 -3.62281 -5.07226 5.43824 -32.6483 -0.929973 179.16 176.777 179.476 176.876 -173.701 -177.081 1.05175 0.746355 -0.0197066 3.31519 1.59187 -4.84039 1.17503 -1.80837 1.15366 0.499095 -6.33097 -0.448268 179.193 -179.737 -179.979 0.483251 3.10609 0.810351 1.15548 -0.405522 1.1444
-162.557 96.1506 48.1989 0.166258 3.17011 -2.11339 179.037 175.398 179.792 179.037 175.398 179.792 179.037 175.398 179.792 179.037 175.398 179.792 165.486 -177.125 -179.424 139.3 147.291 163.523 4.28904 12.206 -10.1884 176.222 -170.883 -165.54 19.554 -1.61816 1.20457 43.2169 14.3506 9.05055 7.79716 11.6878 -1.38545 12.0952 -3.62237 -5.07136 5.43781 -32.4554 -0.943968 179.168 176.768 179.47 176.875 -173.766 -177.083 1.05176 0.775635 -0.0197067 3.31206 1.54457 -4.83805 1.17482 -1.79808 1.15366 0.495456 -6.25735 -0.443113 179.193 -179.751 -179.979 0.499332 3.05257 0.795246 1.15487 -0.374914 1.1444
-162.562 96.1492 48.2442 0.168571 3.12331 -2.11158 179.035 175.471 179.789 179.035 175.471 179.789 179.035 175.471 179.789 179.035 175.471 179.789 165.408 -177.255 -179.424 139.31 147.292 163.639 4.31141 12.2225 -10.2097 176.253 -170.873 -165.552 19.6118 -1.48398 1.20449 43.1936 14.3029 8.95876 7.76867 11.7574 -1.37845 12.1217 -3.62551 -5.0744 5.43761 -32.2622 -0.961087 179.176 176.76 179.47 176.873 -173.829 -177.085 1.05177 0.805472 -0.0197068 3.30897 1.49731 -4.83462 1.1745 -1.78189 1.15365 0.49191 -6.18471 -0.436978 179.193 -179.764 -179.979 0.515564 2.99998 0.779949 1.1539 -0.32641 1.14439
-162.566 96.1478 48.2888 0.170822 3.07703 -2.11061 179.032 175.542 179.786 179.032 175.542 179.786 179.032 175.542 179.786 179.032 175.542 179.786 165.329 -177.379 -179.424 139.32 147.28 163.757 4.33414 12.2315 -10.2286 176.272 -170.858 -165.56 19.6672 -1.35722 1.20442 43.1675 14.2851 8.86794 7.74799 11.7961 -1.37636 12.1323 -3.62738 -5.07287 5.43574 -32.071 -0.975316 179.184 176.751 179.465 176.872 -173.891 -177.087 1.05178 0.835842 -0.019707 3.30597 1.45007 -4.83006 1.17429 -1.77159 1.15364 0.488499 -6.1127 -0.432061 179.193 -179.777 -179.979 0.531681 2.94836 0.766724 1.1533 -0.296429 1.14439
-162.57 96.1464 48.3328 0.173048 3.03144 -2.11051 179.03 175.614 179.783 179.03 175.614 179.783 179.03 175.614 179.783 179.03 175.614 179.783 165.251 -177.507 -179.425 139.328 147.281 163.875 4.35617 12.2491 -10.2487 176.301 -170.847 -165.567 19.7226 -1.22665 1.20436 43.1457 14.2393 8.77733 7.71671 11.8683 -1.36993 12.1642 -3.63362 -5.07583 5.43419 -31.8796 -0.992681 179.191 176.742 179.464 176.871 -173.952 -177.089 1.05179 0.866325 -0.0197071 3.30299 1.40309 -4.82439 1.17397 -1.75543 1.15363 0.485188 -6.04142 -0.42628 179.193 -179.788 -179.979 0.547869 2.89789 0.753537 1.15236 -0.24902 1.14438
-162.575 96.145 48.376 0.17521 2.98621 -2.11129 179.028 175.684 179.781 179.028 175.684 179.781 179.028 175.684 179.781 179.028 175.684 179.781 165.174 -177.627 -179.425 139.335 147.269 163.993 4.37793 12.2588 -10.2659 176.321 -170.833 -165.57 19.7756 -1.1033 1.20431 43.121 14.2229 8.68783 7.69422 11.9082 -1.36872 12.1764 -3.63751 -5.0738 5.43111 -31.6904 -1.00737 179.198 176.733 179.459 176.87 -174.012 -177.092 1.0518 0.896851 -0.0197073 3.30011 1.35634 -4.81778 1.17376 -1.74518 1.15362 0.482016 -5.97053 -0.421591 179.193 -179.798 -179.979 0.563886 2.84862 0.742407 1.15177 -0.219789 1.14438
-162.579 96.1436 48.4187 0.177346 2.94152 -2.11299 179.026 175.754 179.779 179.026 175.754 179.779 179.026 175.754 179.779 179.026 175.754 179.779 165.097 -177.751 -179.425 139.339 147.271 164.112 4.39886 12.2774 -10.284 176.348 -170.822 -165.573 19.8288 -0.976371 1.20426 43.1004 14.1791 8.59849 7.66096 11.9815 -1.36291 12.2125 -3.64632 -5.07668 5.42845 -31.5011 -1.02533 179.205 176.724 179.458 176.87 -174.072 -177.095 1.05181 0.927007 -0.0197075 3.29725 1.31005 -4.81006 1.17344 -1.72916 1.15361 0.478946 -5.90012 -0.416123 179.193 -179.806 -179.979 0.579906 2.80069 0.731511 1.15085 -0.17365 1.14438
-162.583 96.1421 48.4607 0.179424 2.89706 -2.11563 179.024 175.823 179.777 179.024 175.823 179.777 179.024 175.823 179.777 179.024 175.823 179.777 165.021 -177.869 -179.425 139.343 147.26 164.23 4.41899 12.2875 -10.2989 176.368 -170.809 -165.572 19.8798 -0.856415 1.20422 43.0769 14.1642 8.51041 7.63722 12.0218 -1.36251 12.2258 -3.65191 -5.07429 5.42447 -31.3141 -1.04072 179.212 176.716 179.453 176.869 -174.131 -177.098 1.05182 0.956699 -0.0197076 3.29447 1.26421 -4.80156 1.17323 -1.71903 1.15361 0.476015 -5.82988 -0.411572 179.193 -179.814 -179.979 0.595716 2.75414 0.722607 1.15028 -0.145264 1.14437
-162.587 96.1407 48.502 0.181483 2.853 -2.11924 179.021 175.891 179.775 179.021 175.891 179.775 179.021 175.891 179.775 179.021 175.891 179.775 164.945 -177.989 -179.425 139.344 147.262 164.349 4.43811 12.3068 -10.3145 176.395 -170.799 -165.571 19.931 -0.733043 1.20418 43.0572 14.1228 8.42252 7.60278 12.0946 -1.35736 12.2645 -3.66276 -5.07708 5.42106 -31.1269 -1.05967 179.218 176.707 179.453 176.868 -174.19 -177.101 1.05183 0.985546 -0.0197078 3.29171 1.21904 -4.79194 1.17291 -1.70325 1.1536 0.473185 -5.75992 -0.406289 179.193 -179.819 -179.979 0.611476 2.70909 0.714085 1.14939 -0.10053 1.14437
-162.591 96.1393 48.5428 0.183492 2.80906 -2.12384 179.019 175.958 179.773 179.019 175.958 179.773 179.019 175.958 179.773 179.019 175.958 179.773 164.871 -178.103 -179.425 139.346 147.251 164.467 4.45599 12.3173 -10.3266 176.414 -170.787 -165.567 19.9803 -0.616339 1.20415 43.0346 14.1095 8.33599 7.57832 12.1342 -1.35767 12.2784 -3.66971 -5.07447 5.41653 -30.9421 -1.07605 179.224 176.697 179.448 176.868 -174.249 -177.103 1.05184 1.01346 -0.019708 3.28904 1.17453 -4.78167 1.17271 -1.6933 1.15359 0.470493 -5.68992 -0.401712 179.193 -179.823 -179.979 0.626996 2.66558 0.707437 1.14884 -0.0730612 1.14437
-162.595 96.1379 48.5831 0.185491 2.76541 -2.12948 179.017 176.025 179.772 179.017 176.025 179.772 179.017 176.025 179.772 179.017 176.025 179.772 164.797 -178.22 -179.425 139.345 147.253 164.585 4.47269 12.3369 -10.3392 176.439 -170.778 -165.562 20.0299 -0.49634 1.20413 43.0154 14.071 8.24975 7.54344 12.205 -1.35317 12.3185 -3.68209 -5.07715 5.41274 -30.7571 -1.09645 179.23 176.689 179.447 176.867 -174.308 -177.106 1.05185 1.04011 -0.0197081 3.28639 1.13086 -4.77025 1.1724 -1.67782 1.15358 0.467902 -5.62005 -0.396401 179.193 -179.826 -179.979 0.642423 2.62367 0.701257 1.14798 -0.0298296 1.14437
-162.599 96.1365 48.6227 0.187433 2.72145 -2.13614 179.015 176.09 179.77 179.015 176.09 179.77 179.015 176.09 179.77 179.015 176.09 179.77 164.726 -178.325 -179.425 139.341 147.233 164.705 4.49006 12.3427 -10.3464 176.454 -170.768 -165.555 20.077 -0.390676 1.20411 42.9928 14.0771 8.16234 7.52459 12.2248 -1.35699 12.323 -3.68846 -5.07183 5.40843 -30.5835 -1.11091 179.235 176.668 179.44 176.866 -174.368 -177.108 1.05186 1.06527 -0.0197083 3.2839 1.08804 -4.75936 1.17229 -1.67248 1.15358 0.46546 -5.54965 -0.392788 179.193 -179.827 -179.979 0.657486 2.58342 0.697999 1.14769 -0.0155276 1.14437
-162.603 96.1352 48.6618 0.18941 2.67838 -2.14395 179.013 176.155 179.769 179.013 176.155 179.769 179.013 176.155 179.769 179.013 176.155 179.769 164.654 -178.446 -179.425 139.34 147.245 164.818 4.50151 12.3658 -10.3571 176.48 -170.761 -165.546 20.1257 -0.26591 1.2041 42.9739 14.0278 8.08094 7.48469 12.3062 -1.35043 12.3709 -3.70292 -5.07653 5.40412 -30.3916 -1.13628 179.24 176.671 179.442 176.866 -174.428 -177.111 1.05187 1.08916 -0.0197084 3.28128 1.04614 -4.74506 1.17191 -1.65322 1.15357 0.463104 -5.47996 -0.385934 179.193 -179.826 -179.979 0.672618 2.54475 0.692799 1.14663 0.0375403 1.14437
-162.607 96.1338 48.7004 0.191321 2.63462 -2.1528 179.011 176.218 179.769 179.011 176.218 179.769 179.011 176.218 179.769 179.011 176.218 179.769 164.585 -178.548 -179.425 139.335 147.226 164.936 4.51567 12.3719 -10.3607 176.494 -170.753 -165.537 20.1718 -0.162734 1.20409 42.9519 14.0336 7.99535 7.46585 12.3259 -1.35468 12.3755 -3.71027 -5.0713 5.40001 -30.2199 -1.15207 179.245 176.65 179.434 176.865 -174.489 -177.112 1.05188 1.11114 -0.0197086 3.2789 1.00521 -4.73259 1.1718 -1.64787 1.15356 0.460912 -5.40935 -0.381569 179.193 -179.823 -179.979 0.687277 2.5078 0.691348 1.14635 0.0516052 1.14437
-162.612 96.1324 48.7385 0.193272 2.59171 -2.16285 179.009 176.282 179.768 179.009 176.282 179.768 179.009 176.282 179.768 179.009 176.282 179.768 164.515 -178.666 -179.425 139.332 147.24 165.048 4.52395 12.3951 -10.368 176.518 -170.748 -165.525 20.2193 -0.0408384 1.20408 42.9332 13.9867 7.91578 7.42618 12.4044 -1.34845 12.4243 -3.72574 -5.07611 5.39613 -30.0298 -1.18032 179.25 176.653 179.437 176.865 -174.549 -177.116 1.05188 1.13161 -0.0197087 3.27638 0.965309 -4.71639 1.17142 -1.62882 1.15355 0.458818 -5.33934 -0.374205 179.193 -179.819 -179.979 0.701943 2.47247 0.688235 1.14532 0.103087 1.14437
-162.616 96.1311 48.776 0.19516 2.54812 -2.174 179.006 176.343 179.768 179.006 176.343 179.768 179.006 176.343 179.768 179.006 176.343 179.768 164.45 -178.765 -179.425 139.325 147.221 165.164 4.53468 12.4012 -10.3679 176.531 -170.742 -165.514 20.2644 0.0601766 1.20409 42.9115 13.9931 7.83223 7.40742 12.4227 -1.3528 12.4286 -3.73366 -5.07104 5.39245 -29.8599 -1.19761 179.254 176.633 179.429 176.865 -174.611 -177.116 1.05189 1.15004 -0.0197089 3.27412 0.926394 -4.70229 1.17131 -1.62357 1.15355 0.456902 -5.26845 -0.368794 179.193 -179.813 -179.979 0.716128 2.43881 0.688366 1.14505 0.116597 1.14437
-162.62 96.1297 48.8131 0.197087 2.50536 -2.18639 179.004 176.405 179.768 179.004 176.405 179.768 179.004 176.405 179.768 179.004 176.405 179.768 164.383 -178.881 -179.425 139.321 147.235 165.272 4.53958 12.4235 -10.3715 176.553 -170.741 -165.5 20.3109 0.179439 1.20409 42.8925 13.9511 7.75491 7.36902 12.495 -1.34719 12.4762 -3.74961 -5.0756 5.38923 -29.6713 -1.22919 179.258 176.637 179.433 176.864 -174.673 -177.119 1.0519 1.16688 -0.019709 3.2717 0.888554 -4.68417 1.17093 -1.6048 1.15354 0.455103 -5.19812 -0.360433 179.193 -179.806 -179.979 0.730261 2.40678 0.686899 1.14407 0.165994 1.14438
-162.624 96.1284 48.8497 0.198949 2.46199 -2.19992 179.001 176.465 179.769 179.001 176.465 179.769 179.001 176.465 179.769 179.001 176.465 179.769 164.32 -178.978 -179.425 139.313 147.217 165.386 4.54685 12.4295 -10.3677 176.565 -170.737 -165.488 20.3553 0.27862 1.2041 42.871 13.9584 7.67351 7.35041 12.5115 -1.35145 12.4804 -3.75788 -5.07076 5.38616 -29.5029 -1.24817 179.262 176.617 179.424 176.864 -174.736 -177.119 1.0519 1.18165 -0.0197091 3.26955 0.851665 -4.66843 1.17083 -1.59961 1.15354 0.453506 -5.12701 -0.353651 179.193 -179.797 -179.979 0.743887 2.3763 0.688308 1.14381 0.178926 1.14438
-162.628 96.127 48.8859 0.200842 2.4195 -2.21471 178.999 176.525 179.77 178.999 176.525 179.77 178.999 176.525 179.77 178.999 176.525 179.77 164.256 -179.092 -179.425 139.308 147.231 165.491 4.54838 12.4508 -10.3676 176.583 -170.737 -165.472 20.4008 0.395681 1.20411 42.8517 13.9219 7.59869 7.31369 12.5764 -1.34649 12.5261 -3.77402 -5.07496 5.38376 -29.3157 -1.28348 179.265 176.622 179.43 176.864 -174.799 -177.121 1.0519 1.19484 -0.0197092 3.26723 0.815842 -4.64839 1.17045 -1.58098 1.15353 0.452054 -5.05648 -0.343763 179.193 -179.786 -179.979 0.757409 2.34742 0.68795 1.14286 0.226183 1.14438
-162.633 96.1257 48.9216 0.20266 2.37648 -2.23068 178.996 176.583 179.771 178.996 176.583 179.771 178.996 176.583 179.771 178.996 176.583 179.771 164.197 -179.188 -179.425 139.299 147.214 165.602 4.5523 12.4566 -10.3604 176.593 -170.736 -165.458 20.4443 0.493349 1.20413 42.8303 13.9302 7.51953 7.29528 12.5909 -1.35052 12.53 -3.78249 -5.07038 5.38142 -29.1485 -1.30426 179.268 176.603 179.42 176.864 -174.863 -177.12 1.05191 1.20606 -0.0197093 3.26519 0.780894 -4.63102 1.17035 -1.57579 1.15352 0.450835 -4.98534 -0.335283 179.193 -179.773 -179.979 0.770381 2.31996 0.690279 1.14262 0.238524 1.14438
-162.637 96.1243 48.9568 0.204496 2.33444 -2.24792 178.993 176.641 179.773 178.993 176.641 179.773 178.993 176.641 179.773 178.993 176.641 179.773 164.136 -179.3 -179.425 139.294 147.227 165.704 4.55064 12.4767 -10.3566 176.609 -170.739 -165.44 20.4889 0.608616 1.20415 42.8106 13.8996 7.44738 7.2604 12.648 -1.34619 12.5736 -3.79866 -5.07418 5.3799 -28.9623 -1.34352 179.271 176.609 179.427 176.863 -174.927 -177.123 1.05191 1.2158 -0.0197093 3.26297 0.746967 -4.60914 1.16997 -1.55711 1.15351 0.449796 -4.91488 -0.323331 179.193 -179.759 -179.979 0.783203 2.29405 0.69044 1.14172 0.283596 1.14438
-162.641 96.1229 48.9916 0.20624 2.292 -2.26633 178.99 176.698 179.774 178.99 176.698 179.774 178.99 176.698 179.774 178.99 176.698 179.774 164.079 -179.395 -179.425 139.284 147.21 165.811 4.55146 12.4825 -10.3462 176.618 -170.739 -165.426 20.5317 0.705062 1.20418 42.7894 13.909 7.37051 7.24218 12.6605 -1.34991 12.5773 -3.8072 -5.06985 5.37829 -28.7962 -1.3661 179.273 176.592 179.416 176.864 -174.991 -177.121 1.05191 1.22372 -0.0197094 3.26103 0.713819 -4.59023 1.16986 -1.55186 1.15351 0.449026 -4.84401 -0.312854 179.193 -179.744 -179.979 0.795416 2.26941 0.693309 1.14148 0.295335 1.14439
-162.646 96.1216 49.026 0.207972 2.25061 -2.286 178.987 176.754 179.777 178.987 176.754 179.777 178.987 176.754 179.777 178.987 176.754 179.777 164.022 -179.503 -179.425 139.28 147.213 165.911 4.54673 12.4941 -10.3375 176.629 -170.743 -165.407 20.5747 0.81637 1.20421 42.7678 13.8982 7.30152 7.21508 12.6922 -1.34912 12.5981 -3.81867 -5.06961 5.37692 -28.612 -1.40231 179.276 176.599 179.416 176.864 -175.056 -177.122 1.05192 1.23032 -0.0197094 3.25892 0.681599 -4.56705 1.16957 -1.53729 1.1535 0.448483 -4.77389 -0.298711 179.193 -179.727 -179.979 0.807398 2.24624 0.693749 1.14083 0.327845 1.14439
-162.651 96.1201 49.0599 0.209627 2.20943 -2.30684 178.983 176.81 179.779 178.983 176.81 179.779 178.983 176.81 179.779 178.983 176.81 179.779 163.967 -179.606 -179.425 139.272 147.212 166.012 4.54281 12.5069 -10.3267 176.639 -170.747 -165.39 20.6172 0.921049 1.20424 42.7474 13.8913 7.23033 7.18988 12.7212 -1.34902 12.6195 -3.83074 -5.06915 5.37638 -28.4368 -1.43768 179.278 176.595 179.416 176.864 -175.12 -177.122 1.05192 1.23537 -0.0197095 3.25693 0.650175 -4.54475 1.16931 -1.52432 1.1535 0.448216 -4.70397 -0.284296 179.193 -179.709 -179.979 0.818881 2.22428 0.695078 1.14027 0.355811 1.14439
-162.656 96.1187 49.0933 0.211185 2.16853 -2.32881 178.98 176.864 179.782 178.98 176.864 179.782 178.98 176.864 179.782 178.98 176.864 179.782 163.915 -179.701 -179.425 139.263 147.198 166.114 4.53964 12.5144 -10.3125 176.646 -170.75 -165.374 20.6587 1.01739 1.20427 42.727 13.8996 7.15733 7.17036 12.7344 -1.35141 12.6269 -3.83983 -5.06593 5.3758 -28.2718 -1.4648 179.28 176.579 179.407 176.865 -175.185 -177.119 1.05192 1.23896 -0.0197095 3.25508 0.61948 -4.52368 1.16917 -1.51737 1.15349 0.448254 -4.63436 -0.270166 179.194 -179.69 -179.979 0.829791 2.20345 0.697807 1.13999 0.369907 1.14439
-162.661 96.1173 49.1263 0.212706 2.12898 -2.35194 178.977 176.919 179.785 178.977 176.919 179.785 178.977 176.919 179.785 178.977 176.919 179.785 163.861 -179.812 -179.425 139.257 147.214 166.209 4.53164 12.5353 -10.3019 176.655 -170.757 -165.354 20.7006 1.13038 1.20432 42.7076 13.8777 7.09187 7.13633 12.7815 -1.34679 12.68 -3.85892 -5.07108 5.37648 -28.0872 -1.51706 179.28 176.59 179.422 176.865 -175.249 -177.119 1.05192 1.24145 -0.0197095 3.25301 0.589675 -4.49834 1.16873 -1.49543 1.15348 0.448557 -4.56585 -0.251103 179.194 -179.669 -179.979 0.840484 2.18399 0.696664 1.13911 0.414164 1.1444
-162.666 96.1158 49.1587 0.214072 2.08952 -2.37606 178.973 176.972 179.788 178.973 176.972 179.788 178.973 176.972 179.788 178.973 176.972 179.788 163.812 -179.905 -179.425 139.247 147.197 166.309 4.52634 12.5414 -10.2851 176.661 -170.761 -165.338 20.7411 1.22465 1.20436 42.6876 13.8897 7.02085 7.11847 12.7902 -1.34969 12.684 -3.86754 -5.06739 5.37621 -27.9238 -1.54338 179.282 176.576 179.41 176.866 -175.314 -177.115 1.05192 1.24258 -0.0197095 3.25121 0.560474 -4.47663 1.16861 -1.48971 1.15348 0.44922 -4.49762 -0.234861 179.194 -179.647 -179.979 0.850392 2.16546 0.699313 1.1389 0.42445 1.1444
-162.671 96.1143 49.1908 0.215369 2.05162 -2.40119 178.97 177.026 179.792 178.97 177.026 179.792 178.97 177.026 179.792 178.97 177.026 179.792 163.761 179.988 -179.425 139.243 147.199 166.402 4.51609 12.5512 -10.2698 176.666 -170.767 -165.318 20.7811 1.33382 1.20441 42.6666 13.8882 6.95863 7.0935 12.8108 -1.34934 12.7045 -3.87925 -5.06711 5.37622 -27.7419 -1.58564 179.284 176.588 179.412 176.867 -175.377 -177.113 1.05192 1.24268 -0.0197095 3.24922 0.532163 -4.45117 1.16829 -1.47381 1.15347 0.450181 -4.43072 -0.213321 179.194 -179.624 -179.979 0.860041 2.14822 0.697554 1.13834 0.452608 1.14441
-162.677 96.1128 49.2222 0.216507 2.01419 -2.42716 178.966 177.078 179.795 178.966 177.078 179.795 178.966 177.078 179.795 178.966 177.078 179.795 163.714 179.894 -179.425 139.233 147.185 166.5 4.50888 12.5585 -10.2512 176.671 -170.772 -165.302 20.8202 1.42885 1.20446 42.6475 13.8998 6.8906 7.07435 12.8201 -1.35125 12.7117 -3.88795 -5.06422 5.3762 -27.5797 -1.6154 179.285 176.575 179.403 176.869 -175.439 -177.108 1.05192 1.24153 -0.0197095 3.24741 0.504534 -4.42879 1.16814 -1.466 1.15347 0.451503 -4.36461 -0.194396 179.194 -179.601 -179.979 0.868959 2.13181 0.699184 1.13808 0.465538 1.14441
-162.682 96.1113 49.2531 0.217554 1.97854 -2.45392 178.962 177.13 179.799 178.962 177.13 179.799 178.962 177.13 179.799 178.962 177.13 179.799 163.666 179.786 -179.425 139.228 147.189 166.59 4.49709 12.57 -10.2344 176.674 -170.779 -165.281 20.8587 1.5378 1.20452 42.6274 13.8997 6.83114 7.04856 12.8402 -1.35043 12.7382 -3.90095 -5.06487 5.37648 -27.399 -1.6623 179.286 176.589 179.41 176.87 -175.501 -177.105 1.05192 1.23938 -0.0197095 3.24539 0.477849 -4.40337 1.16776 -1.44739 1.15346 0.453131 -4.30006 -0.16985 179.194 -179.576 -179.979 0.877627 2.11665 0.695852 1.13748 0.495541 1.14441
-162.688 96.1098 49.2834 0.21842 1.94359 -2.48125 178.959 177.181 179.803 178.959 177.181 179.803 178.959 177.181 179.803 178.959 177.181 179.803 163.62 179.693 -179.425 139.218 147.176 166.686 4.48842 12.5776 -10.2143 176.678 -170.785 -165.265 20.8963 1.63208 1.20457 42.6092 13.9125 6.76557 7.02933 12.8489 -1.35213 12.7468 -3.90981 -5.06233 5.37641 -27.2388 -1.69295 179.287 176.578 179.402 176.872 -175.561 -177.099 1.05192 1.23606 -0.0197095 3.24354 0.451921 -4.38112 1.16759 -1.43892 1.15345 0.455127 -4.23663 -0.148904 179.194 -179.551 -179.979 0.885533 2.10223 0.696639 1.13723 0.508132 1.14442
-162.694 96.1083 49.3131 0.219179 1.91068 -2.50909 178.955 177.233 179.807 178.955 177.233 179.807 178.955 177.233 179.807 178.955 177.233 179.807 163.574 179.585 -179.425 139.213 147.18 166.775 4.47531 12.5886 -10.1959 176.679 -170.791 -165.244 20.9328 1.74015 1.20464 42.59 13.916 6.70891 7.00359 12.8663 -1.35137 12.776 -3.92327 -5.0633 5.37643 -27.0605 -1.74086 179.287 176.594 179.411 176.874 -175.62 -177.095 1.05192 1.23168 -0.0197094 3.24149 0.42707 -4.3565 1.16719 -1.41919 1.15344 0.45742 -4.17506 -0.121921 179.194 -179.524 -179.979 0.893226 2.08904 0.691755 1.13666 0.536548 1.14442
-162.7 96.1068 49.342 0.219745 1.87874 -2.53715 178.951 177.283 179.811 178.951 177.283 179.811 178.951 177.283 179.811 178.951 177.283 179.811 163.53 179.492 -179.425 139.202 147.167 166.87 4.46534 12.5957 -10.1743 176.68 -170.797 -165.228 20.9686 1.83348 1.2047 42.5727 13.9306 6.64593 6.98438 12.8739 -1.35298 12.7853 -3.93197 -5.06096 5.37596 -26.9032 -1.77121 179.288 176.585 179.404 176.877 -175.678 -177.087 1.05192 1.22616 -0.0197094 3.23957 0.403119 -4.33494 1.16701 -1.41033 1.15344 0.460069 -4.11495 -0.0994843 179.194 -179.497 -179.979 0.900167 2.07653 0.691612 1.13643 0.54824 1.14442
-162.706 96.1052 49.3702 0.220195 1.8491 -2.56535 178.948 177.334 179.815 178.948 177.334 179.815 178.948 177.334 179.815 178.948 177.334 179.815 163.485 179.386 -179.425 139.197 147.171 166.958 4.45098 12.6053 -10.1544 176.679 -170.803 -165.207 21.0029 1.94035 1.20478 42.5544 13.9384 6.59218 6.95892 12.8882 -1.35251 12.8158 -3.94549 -5.062 5.37531 -26.7283 -1.81829 179.289 176.602 179.413 176.879 -175.734 -177.081 1.05191 1.21946 -0.0197094 3.23745 0.380431 -4.31175 1.1666 -1.38981 1.15343 0.462989 -4.05702 -0.070816 179.194 -179.469 -179.979 0.906948 2.06523 0.685247 1.13591 0.574397 1.14443
-162.713 96.1037 49.3976 0.220446 1.82067 -2.59336 178.944 177.383 179.818 178.944 177.383 179.818 178.944 177.383 179.818 178.944 177.383 179.818 163.443 179.294 -179.425 139.186 147.159 167.053 4.43977 12.6115 -10.1315 176.679 -170.809 -165.191 21.0365 2.03243 1.20484 42.5383 13.955 6.53188 6.93978 12.8948 -1.35413 12.8254 -3.95387 -5.05982 5.37414 -26.5749 -1.84747 179.29 176.595 179.406 176.882 -175.789 -177.073 1.05191 1.21162 -0.0197093 3.23544 0.358833 -4.29141 1.16642 -1.38067 1.15342 0.466232 -4.00086 -0.0476216 179.194 -179.441 -179.979 0.913015 2.05457 0.684165 1.13569 0.585071 1.14443
-162.719 96.1022 49.4241 0.220578 1.79479 -2.62106 178.941 177.433 179.822 178.941 177.433 179.822 178.941 177.433 179.822 178.941 177.433 179.822 163.4 179.188 -179.425 139.179 147.163 167.141 4.42413 12.6192 -10.1101 176.674 -170.815 -165.17 21.0684 2.13766 1.20492 42.521 13.967 6.48109 6.91463 12.9062 -1.35403 12.8566 -3.96726 -5.06086 5.37244 -26.4046 -1.89232 179.29 176.613 179.416 176.885 -175.841 -177.066 1.05191 1.20245 -0.0197092 3.23324 0.338721 -4.27019 1.16599 -1.3596 1.15341 0.469706 -3.94719 -0.0182831 179.194 -179.411 -179.979 0.918981 2.04511 0.676536 1.13522 0.608799 1.14444
-162.726 96.1008 49.4495 0.220514 1.77032 -2.64808 178.938 177.481 179.825 178.938 177.481 179.825 178.938 177.481 179.825 178.938 177.481 179.825 163.359 179.097 -179.425 139.167 147.151 167.235 4.41166 12.6241 -10.0861 176.673 -170.821 -165.154 21.0996 2.22811 1.205 42.5061 13.9855 6.42357 6.8956 12.912 -1.35574 12.8666 -3.97524 -5.0588 5.37029 -26.2562 -1.91958 179.291 176.606 179.41 176.889 -175.891 -177.057 1.0519 1.19212 -0.0197092 3.23112 0.319913 -4.25152 1.1658 -1.35028 1.15341 0.473457 -3.89557 0.00476274 179.194 -179.382 -179.979 0.924295 2.03627 0.674574 1.13503 0.618413 1.14444
-162.732 96.0993 49.4741 0.220334 1.74862 -2.6743 178.935 177.53 179.828 178.935 177.53 179.828 178.935 177.53 179.828 178.935 177.53 179.828 163.316 178.993 -179.425 139.16 147.155 167.322 4.39461 12.6294 -10.0633 176.664 -170.827 -165.132 21.1287 2.33118 1.20508 42.4899 14.0015 6.37576 6.87076 12.921 -1.35603 12.8983 -3.98839 -5.0598 5.36721 -26.0918 -1.96101 179.292 176.625 179.419 176.892 -175.938 -177.049 1.0519 1.1803 -0.0197091 3.22883 0.302824 -4.23262 1.16537 -1.32894 1.1534 0.477385 -3.84671 0.0335556 179.194 -179.352 -179.979 0.929566 2.0286 0.666013 1.1346 0.639648 1.14444
-162.739 96.0979 49.4974 0.219966 1.72849 -2.69933 178.932 177.578 179.831 178.932 177.578 179.831 178.932 177.578 179.831 178.932 177.578 179.831 163.276 178.904 -179.425 139.146 147.144 167.416 4.38077 12.6326 -10.0381 176.661 -170.834 -165.116 21.1573 2.4195 1.20516 42.476 14.0217 6.32111 6.85192 12.9263 -1.35789 12.9084 -3.99595 -5.05785 5.36385 -25.9497 -1.98571 179.293 176.62 179.415 176.896 -175.984 -177.041 1.0519 1.16733 -0.019709 3.22661 0.287249 -4.21596 1.16519 -1.31958 1.15339 0.481533 -3.80015 0.0554378 179.194 -179.322 -179.979 0.934264 2.02152 0.663275 1.13443 0.648189 1.14444
-162.745 96.0965 49.5196 0.219488 1.71127 -2.72304 178.929 177.626 179.833 178.929 177.626 179.833 178.929 177.626 179.833 178.929 177.626 179.833 163.235 178.803 -179.425 139.138 147.148 167.503 4.36215 12.635 -10.014 176.649 -170.84 -165.095 21.1836 2.51981 1.20525 42.461 14.0412 6.27627 6.82739 12.9335 -1.35858 12.9404 -4.00879 -5.05881 5.35912 -25.7927 -2.02271 179.295 176.639 179.424 176.9 -176.026 -177.034 1.05189 1.15276 -0.0197089 3.22424 0.273605 -4.19952 1.16476 -1.29833 1.15338 0.485798 -3.75656 0.0823532 179.194 -179.291 -179.979 0.938966 2.01561 0.654197 1.13406 0.666904 1.14445
-162.752 96.0952 49.5405 0.218834 1.69572 -2.74504 178.927 177.673 179.835 178.927 177.673 179.835 178.927 177.673 179.835 178.927 177.673 179.835 163.196 178.717 -179.425 139.123 147.138 167.597 4.3468 12.6361 -9.98779 176.644 -170.848 -165.08 21.2094 2.60548 1.20533 42.4482 14.0628 6.22456 6.80882 12.9385 -1.36063 12.9507 -4.01593 -5.05695 5.35433 -25.658 -2.04434 179.296 176.634 179.42 176.904 -176.067 -177.026 1.05189 1.13706 -0.0197088 3.22194 0.261642 -4.18507 1.16457 -1.28911 1.15338 0.49022 -3.71544 0.102024 179.194 -179.26 -179.979 0.943183 2.01025 0.650821 1.13391 0.674368 1.14445
-162.758 96.0939 49.5601 0.21806 1.68277 -2.7652 178.925 177.72 179.837 178.925 177.72 179.837 178.925 177.72 179.837 178.925 177.72 179.837 163.156 178.627 -179.425 139.11 147.133 167.688 4.32876 12.6341 -9.96138 176.637 -170.857 -165.063 21.2333 2.69468 1.20542 42.4352 14.0851 6.17769 6.78865 12.9432 -1.36257 12.9632 -4.0233 -5.05544 5.34826 -25.5201 -2.06659 179.298 176.639 179.419 176.908 -176.104 -177.02 1.05188 1.11988 -0.0197087 3.21958 0.251678 -4.17144 1.16434 -1.27768 1.15337 0.494722 -3.67721 0.122338 179.194 -179.229 -179.979 0.947283 2.00589 0.645062 1.13374 0.683151 1.14445
-162.764 96.0927 49.5783 0.217178 1.67265 -2.78328 178.923 177.766 179.837 178.923 177.766 179.837 178.923 177.766 179.837 178.923 177.766 179.837 163.116 178.529 -179.425 139.1 147.14 167.773 4.30708 12.6321 -9.93554 176.618 -170.864 -165.041 21.2549 2.79096 1.20551 42.4216 14.1086 6.1381 6.76414 12.9487 -1.36372 12.9994 -4.03667 -5.05682 5.34065 -25.375 -2.09808 179.301 176.658 179.429 176.912 -176.138 -177.015 1.05187 1.10124 -0.0197085 3.21711 0.243781 -4.15841 1.16388 -1.25476 1.15336 0.499263 -3.6422 0.144668 179.194 -179.198 -179.979 0.951372 2.00244 0.635353 1.13339 0.700207 1.14446
-162.771 96.0915 49.5951 0.216136 1.66414 -2.79899 178.921 177.811 179.837 178.921 177.811 179.837 178.921 177.811 179.837 178.921 177.811 179.837 163.078 178.448 -179.425 139.083 147.133 167.866 4.28927 12.6301 -9.90804 176.609 -170.874 -165.026 21.2763 2.87169 1.2056 42.4104 14.1317 6.09094 6.74612 12.9539 -1.3661 13.0106 -4.04347 -5.05518 5.3335 -25.2534 -2.11498 179.302 176.654 179.427 176.916 -176.169 -177.011 1.05187 1.08162 -0.0197084 3.21476 0.237678 -4.14725 1.1637 -1.24568 1.15336 0.503875 -3.60968 0.159256 179.194 -179.167 -179.979 0.955073 1.99948 0.631264 1.13327 0.706409 1.14446
-162.777 96.0904 49.6104 0.214987 1.6582 -2.81223 178.92 177.856 179.837 178.92 177.856 179.837 178.92 177.856 179.837 178.92 177.856 179.837 163.04 178.364 -179.425 139.068 147.13 167.955 4.26862 12.6244 -9.8804 176.598 -170.886 -165.009 21.2957 2.95524 1.20569 42.3989 14.1555 6.04852 6.72651 12.9587 -1.36842 13.0237 -4.05041 -5.05383 5.32481 -25.1298 -2.13163 179.304 176.658 179.427 176.92 -176.197 -177.009 1.05186 1.06066 -0.0197083 3.21238 0.233654 -4.13678 1.16348 -1.23484 1.15336 0.508488 -3.58014 0.173416 179.194 -179.136 -179.979 0.958688 1.99744 0.625351 1.13313 0.713408 1.14446
-162.783 96.0893 49.6242 0.213724 1.65457 -2.82283 178.918 177.9 179.836 178.918 177.9 179.836 178.918 177.9 179.836 178.918 177.9 179.836 163.001 178.281 -179.425 139.053 147.129 168.044 4.24671 12.6172 -9.85239 176.585 -170.898 -164.993 21.3135 3.03763 1.20578 42.3877 14.1796 6.00825 6.70691 12.9635 -1.37089 13.0383 -4.05762 -5.05265 5.31511 -25.0104 -2.14708 179.306 176.663 179.428 176.925 -176.222 -177.009 1.05185 1.03863 -0.0197081 3.21002 0.23159 -4.12715 1.16324 -1.22316 1.15335 0.513089 -3.55356 0.185564 179.194 -179.105 -179.979 0.962186 1.99608 0.619079 1.13299 0.720575 1.14446
-162.789 96.0884 49.6364 0.212365 1.65362 -2.83072 178.917 177.944 179.834 178.917 177.944 179.834 178.917 177.944 179.834 178.917 177.944 179.834 162.963 178.19 -179.425 139.04 147.144 168.126 4.22276 12.6128 -9.82599 176.545 -170.903 -164.966 21.3285 3.12604 1.20588 42.3759 14.2089 5.97526 6.67907 12.9708 -1.37091 13.1077 -4.07896 -5.05813 5.30346 -24.8862 -2.17233 179.309 176.681 179.442 176.929 -176.244 -177.012 1.05184 1.01558 -0.019708 3.20757 0.231568 -4.11712 1.16268 -1.19493 1.15334 0.517652 -3.53022 0.197721 179.194 -179.074 -179.979 0.965655 1.99551 0.610349 1.13265 0.737351 1.14447
-162.794 96.0874 49.6468 0.210817 1.65307 -2.83562 178.917 177.985 179.832 178.917 177.985 179.832 178.917 177.985 179.832 178.917 177.985 179.832 162.93 178.127 -179.425 139.015 147.131 168.214 4.20741 12.6138 -9.79449 176.539 -170.914 -164.956 21.3432 3.18595 1.20595 42.3707 14.2284 5.92762 6.66799 12.9758 -1.37661 13.109 -4.08318 -5.0552 5.29519 -24.8057 -2.17855 179.307 176.66 179.441 176.933 -176.263 -177.013 1.05184 0.993926 -0.0197079 3.20551 0.232033 -4.11137 1.16263 -1.19277 1.15334 0.522183 -3.50958 0.200872 179.194 -179.046 -179.979 0.968958 1.99386 0.608005 1.13263 0.73851 1.14447
-162.8 96.0866 49.6562 0.209264 1.65637 -2.83788 178.916 178.028 179.829 178.916 178.028 179.829 178.916 178.028 179.829 178.916 178.028 179.829 162.89 178.047 -179.425 139.003 147.134 168.302 4.17894 12.5959 -9.76935 176.523 -170.934 -164.939 21.3581 3.26975 1.20605 42.3568 14.254 5.8954 6.64631 12.9824 -1.37757 13.1177 -4.08769 -5.05384 5.28132 -24.6862 -2.18751 179.312 176.674 179.44 176.937 -176.279 -177.021 1.05183 0.967444 -0.0197077 3.20319 0.236494 -4.10265 1.16245 -1.18387 1.15333 0.526688 -3.49067 0.206082 179.194 -179.014 -179.979 0.971846 1.99579 0.601285 1.13254 0.742744 1.14447
-162.805 96.0858 49.6637 0.207516 1.65983 -2.8371 178.916 178.068 179.826 178.916 178.068 179.826 178.916 178.068 179.826 178.916 178.068 179.826 162.857 177.984 -179.425 138.979 147.127 168.385 4.16035 12.5924 -9.73785 176.515 -170.947 -164.928 21.3698 3.33047 1.20612 42.3508 14.2739 5.85406 6.63384 12.9874 -1.38276 13.1209 -4.09213 -5.0513 5.27087 -24.6092 -2.19257 179.311 176.661 179.44 176.941 -176.292 -177.027 1.05182 0.944261 -0.0197076 3.20125 0.240426 -4.09817 1.16238 -1.18003 1.15333 0.531092 -3.47517 0.206234 179.194 -178.986 -179.979 0.974936 1.9955 0.596955 1.13251 0.744537 1.14447
-162.81 96.0851 49.6695 0.205641 1.66819 -2.83449 178.916 178.109 179.822 178.916 178.109 179.822 178.916 178.109 179.822 178.916 178.109 179.822 162.817 177.906 -179.425 138.967 147.136 168.468 4.1291 12.5706 -9.71314 176.493 -170.97 -164.91 21.3811 3.41298 1.20622 42.3374 14.2997 5.82725 6.61139 12.9936 -1.38427 13.1345 -4.09759 -5.05055 5.2543 -24.4977 -2.19875 179.317 176.678 179.442 176.946 -176.3 -177.04 1.05181 0.917557 -0.0197074 3.19906 0.247937 -4.08872 1.16214 -1.16832 1.15333 0.535632 -3.48219 0.215708 179.194 -178.996 -179.979 0.978918 1.97521 0.58219 1.1324 0.749925 1.14447
-162.815 96.0844 49.6739 0.203655 1.67689 -2.82876 178.917 178.149 179.817 178.917 178.149 179.817 178.917 178.149 179.817 178.917 178.149 179.817 162.781 177.836 -179.425 138.951 147.141 168.547 4.10256 12.5561 -9.68566 176.474 -170.988 -164.895 21.3903 3.48357 1.20631 42.3278 14.3226 5.79712 6.59339 12.999 -1.38772 13.1488 -4.10411 -5.04969 5.23912 -24.409 -2.20266 179.321 176.682 179.443 176.95 -176.306 -177.054 1.0518 0.892503 -0.0197073 3.1971 0.255687 -4.08138 1.16193 -1.15778 1.15332 0.540021 -3.48449 0.220573 179.194 -178.994 -179.979 0.982479 1.96246 0.56918 1.13231 0.75462 1.14447
-162.82 96.0838 49.6768 0.201562 1.68692 -2.82038 178.917 178.187 179.812 178.917 178.187 179.812 178.917 178.187 179.812 178.917 178.187 179.812 162.746 177.771 -179.425 138.933 147.145 168.624 4.07694 12.5428 -9.65905 176.455 -171.006 -164.88 21.3985 3.55001 1.2064 42.3185 14.3446 5.76721 6.57631 13.0049 -1.3914 13.1635 -4.11051 -5.049 5.22375 -24.3279 -2.20473 179.323 176.683 179.445 176.954 -176.31 -177.07 1.05179 0.867541 -0.0197071 3.19526 0.264539 -4.07453 1.16174 -1.14826 1.15332 0.544358 -3.48865 0.222341 179.194 -178.992 -179.979 0.985776 1.95043 0.55704 1.13223 0.758656 1.14447
-162.825 96.0832 49.6784 0.199321 1.69654 -2.80945 178.918 178.223 179.807 178.918 178.223 179.807 178.918 178.223 179.807 178.918 178.223 179.807 162.716 177.718 -179.425 138.909 147.139 168.699 4.05781 12.5389 -9.63006 176.445 -171.021 -164.87 21.4059 3.60174 1.20647 42.3125 14.3622 5.73168 6.56561 13.0103 -1.39722 13.1682 -4.11478 -5.04717 5.21139 -24.2699 -2.20597 179.322 176.67 179.448 176.958 -176.312 -177.083 1.05178 0.843769 -0.019707 3.19377 0.273407 -4.07285 1.16167 -1.14474 1.15332 0.548608 -3.49287 0.218894 179.194 -178.99 -179.979 0.98884 1.93908 0.547971 1.1322 0.760122 1.14447
-162.829 96.0827 49.6786 0.197076 1.7105 -2.7963 178.919 178.26 179.801 178.919 178.26 179.801 178.919 178.26 179.801 178.919 178.26 179.801 162.679 177.653 -179.425 138.895 147.149 168.775 4.02777 12.5176 -9.6088 176.42 -171.046 -164.854 21.4124 3.67271 1.20656 42.3008 14.3846 5.70928 6.54495 13.0181 -1.39969 13.1845 -4.12065 -5.04712 5.19244 -24.1849 -2.20429 179.327 176.678 179.449 176.962 -176.309 -177.108 1.05178 0.818663 -0.0197069 3.192 0.28481 -4.06211 1.16147 -1.13494 1.15331 0.552891 -3.50204 0.217516 179.194 -178.987 -179.979 0.991484 1.92846 0.535073 1.13213 0.763668 1.14447
-162.834 96.0822 49.6778 0.194656 1.72215 -2.78094 178.92 178.294 179.796 178.92 178.294 179.796 178.92 178.294 179.796 178.92 178.294 179.796 162.651 177.603 -179.425 138.872 147.146 168.845 4.00845 12.5129 -9.58201 176.408 -171.061 -164.844 21.4179 3.72146 1.20663 42.2945 14.4007 5.67744 6.53452 13.0236 -1.40575 13.1897 -4.12492 -5.04566 5.17918 -24.1342 -2.20373 179.326 176.667 179.452 176.966 -176.306 -177.125 1.05177 0.795712 -0.0197068 3.19075 0.295098 -4.06083 1.1614 -1.1316 1.15331 0.557035 -3.50926 0.211014 179.194 -178.985 -179.979 0.994007 1.91839 0.525472 1.1321 0.764849 1.14447
-162.838 96.0818 49.6756 0.19224 1.73857 -2.76367 178.921 178.33 179.789 178.921 178.33 179.789 178.921 178.33 179.789 178.921 178.33 179.789 162.614 177.534 -179.425 138.86 147.168 168.912 3.97891 12.4929 -9.56523 176.354 -171.079 -164.816 21.4209 3.7966 1.20673 42.2829 14.4213 5.66374 6.50403 13.0404 -1.40533 13.2647 -4.14556 -5.05322 5.15639 -24.0533 -2.18925 179.336 176.68 179.442 176.97 -176.298 -177.162 1.05176 0.77308 -0.0197067 3.18896 0.307523 -4.0418 1.16098 -1.11061 1.1533 0.561261 -3.52195 0.205538 179.194 -178.983 -179.979 0.995951 1.90914 0.513421 1.13198 0.770754 1.14447
-162.841 96.0813 49.6732 0.189654 1.7455 -2.74515 178.922 178.356 179.784 178.922 178.356 179.784 178.922 178.356 179.784 178.922 178.356 179.784 162.593 177.497 -179.425 138.835 147.158 168.969 3.96662 12.4971 -9.54191 176.351 -171.087 -164.811 21.4234 3.82652 1.20678 42.2805 14.431 5.63311 6.50058 13.0441 -1.41525 13.2653 -4.14779 -5.05292 5.14854 -24.0359 -2.18948 179.332 176.67 179.444 176.974 -176.296 -177.174 1.05175 0.75548 -0.0197066 3.1884 0.315041 -4.04756 1.16097 -1.11033 1.1533 0.564795 -3.52491 0.196071 179.194 -178.981 -179.979 0.998466 1.90004 0.50442 1.13198 0.770921 1.14447
-162.846 96.0809 49.6683 0.187113 1.76799 -2.7242 178.924 178.394 179.777 178.924 178.394 179.777 178.924 178.394 179.777 178.924 178.394 179.777 162.556 177.443 -179.424 138.82 147.166 169.046 3.93823 12.4762 -9.5263 176.328 -171.118 -164.796 21.4296 3.89489 1.20687 42.2665 14.449 5.61139 6.48107 13.0546 -1.41707 13.2707 -4.1514 -5.0509 5.12599 -23.9553 -2.18219 179.336 176.662 179.449 176.978 -176.28 -177.21 1.05175 0.730636 -0.0197065 3.18684 0.330637 -4.03358 1.1609 -1.10668 1.1533 0.56952 -3.54503 0.185093 179.194 -178.98 -179.979 0.998895 1.89225 0.495074 1.13197 0.771301 1.14447
-162.849 96.0805 49.6643 0.184435 1.77546 -2.70309 178.925 178.419 179.771 178.925 178.419 179.771 178.925 178.419 179.771 178.925 178.419 179.771 162.536 177.408 -179.424 138.796 147.158 169.097 3.9258 12.479 -9.50591 176.324 -171.126 -164.791 21.4311 3.92405 1.20691 42.2631 14.4579 5.58446 6.47676 13.0583 -1.42666 13.2715 -4.15353 -5.05097 5.1175 -23.9402 -2.18171 179.333 176.654 179.452 176.981 -176.276 -177.226 1.05174 0.714086 -0.0197064 3.18645 0.338549 -4.03905 1.16089 -1.10623 1.1533 0.572981 -3.54921 0.174437 179.194 -178.978 -179.979 1.00079 1.88407 0.485464 1.13197 0.771428 1.14447
-162.854 96.0802 49.6574 0.181807 1.79928 -2.67961 178.927 178.454 179.764 178.927 178.454 179.764 178.927 178.454 179.764 178.927 178.454 179.764 162.501 177.355 -179.424 138.781 147.169 169.166 3.89979 12.4585 -9.49542 176.299 -171.158 -164.776 21.4353 3.99293 1.20701 42.2492 14.4717 5.5692 6.45621 13.0695 -1.42934 13.2792 -4.15706 -5.04969 5.09398 -23.8678 -2.17004 179.339 176.649 179.454 176.986 -176.255 -177.27 1.05173 0.693667 -0.0197063 3.18498 0.35344 -4.01912 1.1608 -1.10194 1.1533 0.57772 -3.57174 0.160129 179.194 -178.976 -179.979 1.00025 1.87766 0.477725 1.13198 0.771234 1.14447
-162.857 96.0797 49.6521 0.179092 1.80667 -2.65672 178.928 178.476 179.759 178.928 178.476 179.759 178.928 178.476 179.759 178.928 178.476 179.759 162.483 177.324 -179.424 138.759 147.162 169.212 3.88836 12.4613 -9.4786 176.294 -171.166 -164.771 21.4364 4.0198 1.20705 42.2452 14.4792 5.5449 6.4519 13.0729 -1.43915 13.2802 -4.1591 -5.0502 5.08558 -23.8559 -2.16898 179.336 176.642 179.456 176.989 -176.25 -177.286 1.05173 0.678576 -0.0197063 3.18476 0.361225 -4.02486 1.1608 -1.1015 1.1533 0.581124 -3.57646 0.148627 179.194 -178.974 -179.979 1.00148 1.87034 0.467916 1.13197 0.771287 1.14447
-162.861 96.0794 49.6436 0.176428 1.83085 -2.63154 178.93 178.509 179.752 178.93 178.509 179.752 178.93 178.509 179.752 178.93 178.509 179.752 162.451 177.275 -179.424 138.744 147.172 169.275 3.86787 12.4462 -9.47356 176.27 -171.195 -164.757 21.4399 4.08504 1.20715 42.2317 14.4875 5.53251 6.43295 13.0847 -1.44313 13.289 -4.16262 -5.04946 5.06332 -23.7949 -2.15395 179.341 176.634 179.456 176.994 -176.225 -177.334 1.05172 0.662613 -0.0197062 3.18342 0.374791 -4.00264 1.16072 -1.09768 1.1533 0.585893 -3.60029 0.131682 179.194 -178.973 -179.979 0.999936 1.86517 0.461857 1.13199 0.770363 1.14447
-162.865 96.079 49.6373 0.17374 1.83779 -2.60759 178.931 178.53 179.747 178.931 178.53 179.747 178.931 178.53 179.747 178.931 178.53 179.747 162.435 177.247 -179.424 138.723 147.165 169.316 3.85775 12.4493 -9.46066 176.266 -171.202 -164.754 21.4407 4.10958 1.20719 42.2272 14.4935 5.51051 6.4287 13.0877 -1.45326 13.2901 -4.16451 -5.05042 5.05531 -23.7859 -2.15248 179.338 176.628 179.458 176.997 -176.219 -177.352 1.05172 0.64926 -0.0197062 3.18332 0.382106 -4.00858 1.16071 -1.09733 1.1533 0.589249 -3.60516 0.119732 179.194 -178.971 -179.979 1.00049 1.85865 0.452098 1.13199 0.770336 1.14447
-162.869 96.0787 49.6274 0.1711 1.86166 -2.58141 178.933 178.56 179.74 178.933 178.56 179.74 178.933 178.56 179.74 178.933 178.56 179.74 162.408 177.203 -179.424 138.706 147.173 169.373 3.84391 12.4406 -9.4616 176.242 -171.228 -164.741 21.4443 4.17085 1.20728 42.214 14.4957 5.50034 6.41172 13.1 -1.4586 13.2992 -4.16773 -5.05015 5.03527 -23.7355 -2.13513 179.343 176.618 179.457 177.002 -176.191 -177.401 1.05171 0.637797 -0.0197061 3.18207 0.393963 -3.98526 1.16065 -1.09453 1.1533 0.594049 -3.6295 0.10108 179.194 -178.97 -179.979 0.997965 1.85458 0.447404 1.13203 0.768711 1.14447
-162.873 96.0782 49.6204 0.168505 1.86789 -2.55698 178.934 178.578 179.736 178.934 178.578 179.736 178.934 178.578 179.736 178.934 178.578 179.736 162.394 177.177 -179.424 138.686 147.166 169.409 3.83528 12.4441 -9.45282 176.239 -171.234 -164.739 21.4452 4.19319 1.20732 42.209 14.5002 5.48045 6.40752 13.1027 -1.46909 13.3003 -4.16946 -5.05154 5.02783 -23.7289 -2.13343 179.341 176.613 179.458 177.005 -176.184 -177.419 1.05171 0.626349 -0.0197061 3.18207 0.400592 -3.99126 1.16065 -1.09431 1.1533 0.597356 -3.6342 0.0890005 179.194 -178.969 -179.979 0.997841 1.8488 0.437863 1.13203 0.768611 1.14447
-162.877 96.0779 49.6095 0.165943 1.8914 -2.53027 178.936 178.606 179.73 178.936 178.606 179.73 178.936 178.606 179.73 178.936 178.606 179.73 162.37 177.135 -179.424 138.668 147.18 169.46 3.83121 12.4482 -9.46367 176.203 -171.255 -164.72 21.4489 4.25951 1.20742 42.1961 14.4839 5.47703 6.38754 13.1268 -1.47385 13.322 -4.17486 -5.05388 5.00837 -23.6847 -2.10178 179.349 176.602 179.441 177.009 -176.154 -177.479 1.05171 0.620297 -0.019706 3.18054 0.410658 -3.95762 1.16059 -1.09138 1.1533 0.6022 -3.65889 0.067049 179.194 -178.968 -179.979 0.994297 1.84574 0.436538 1.13211 0.764331 1.14447
-162.881 96.0775 49.602 0.163498 1.89648 -2.50577 178.936 178.623 179.725 178.936 178.623 179.725 178.936 178.623 179.725 178.936 178.623 179.725 162.358 177.112 -179.424 138.649 147.173 169.491 3.82414 12.4523 -9.45879 176.2 -171.259 -164.719 21.45 4.27813 1.20745 42.191 14.4872 5.45819 6.38399 13.1288 -1.485 13.3228 -4.17639 -5.05566 5.00205 -23.6809 -2.10058 179.346 176.598 179.442 177.013 -176.147 -177.495 1.0517 0.610573 -0.019706 3.18062 0.416508 -3.96523 1.16059 -1.09138 1.1533 0.605434 -3.66291 0.0554206 179.194 -178.966 -179.979 0.993568 1.84062 0.426957 1.13211 0.764283 1.14447
-162.885 96.0772 49.5909 0.161056 1.91554 -2.47924 178.937 178.646 179.72 178.937 178.646 179.72 178.937 178.646 179.72 178.937 178.646 179.72 162.343 177.083 -179.424 138.63 147.167 169.532 3.81999 12.4548 -9.46345 176.192 -171.269 -164.717 21.4554 4.31378 1.20751 42.1809 14.4889 5.44124 6.37624 13.1336 -1.49463 13.3249 -4.178 -5.05525 4.99184 -23.6569 -2.0929 179.344 176.582 179.446 177.017 -176.121 -177.525 1.0517 0.604204 -0.019706 3.17997 0.424801 -3.96144 1.16059 -1.09148 1.1533 0.610093 -3.68332 0.0400432 179.194 -178.965 -179.979 0.989824 1.83791 0.419564 1.13213 0.763655 1.14447
-162.889 96.0768 49.5826 0.158824 1.92128 -2.4548 178.938 178.661 179.717 178.938 178.661 179.717 178.938 178.661 179.717 178.938 178.661 179.717 162.332 177.062 -179.424 138.612 147.16 169.56 3.81499 12.4583 -9.46445 176.188 -171.273 -164.717 21.4572 4.33466 1.20754 42.1744 14.4908 5.42565 6.37156 13.1355 -1.50544 13.3257 -4.17921 -5.05709 4.98569 -23.6514 -2.09056 179.343 176.577 179.448 177.02 -176.111 -177.544 1.0517 0.597549 -0.019706 3.1799 0.429732 -3.96553 1.1606 -1.09159 1.1533 0.613361 -3.68865 0.0277929 179.194 -178.964 -179.979 0.98819 1.83366 0.411104 1.13213 0.763466 1.14447
-162.894 96.0765 49.5705 0.156578 1.9429 -2.42798 178.939 178.685 179.712 178.939 178.685 179.712 178.939 178.685 179.712 178.939 178.685 179.712 162.318 177.025 -179.424 138.589 147.175 169.605 3.83247 12.4849 -9.49432 176.131 -171.283 -164.691 21.4638 4.40501 1.20765 42.1607 14.441 5.43083 6.35246 13.1762 -1.5109 13.3494 -4.18319 -5.06131 4.97234 -23.6193 -2.05013 179.352 176.565 179.421 177.025 -176.078 -177.615 1.0517 0.601129 -0.019706 3.17786 0.435926 -3.92104 1.16065 -1.09437 1.1533 0.618227 -3.71254 0.00186926 179.194 -178.964 -179.979 0.982864 1.83224 0.414543 1.13228 0.756103 1.14447
-162.898 96.076 49.5622 0.154565 1.94574 -2.40395 178.94 178.698 179.709 178.94 178.698 179.709 178.94 178.698 179.709 178.94 178.698 179.709 162.309 177.008 -179.424 138.572 147.168 169.626 3.82801 12.4886 -9.49732 176.13 -171.285 -164.693 21.4656 4.41954 1.20768 42.1551 14.4426 5.41534 6.34901 13.177 -1.52274 13.3498 -4.18441 -5.06364 4.96762 -23.6184 -2.04964 179.35 176.562 179.422 177.028 -176.07 -177.63 1.0517 0.595074 -0.019706 3.17788 0.440284 -3.92879 1.16065 -1.09451 1.1533 0.621278 -3.71507 -0.00921277 179.194 -178.962 -179.979 0.981042 1.82826 0.405571 1.13228 0.756119 1.14447
-162.902 96.0757 49.5524 0.152579 1.95347 -2.37903 178.94 178.712 179.706 178.94 178.712 179.706 178.94 178.712 179.706 178.94 178.712 179.706 162.302 176.988 -179.424 138.555 147.159 169.649 3.82572 12.4927 -9.505 176.127 -171.286 -164.695 21.4693 4.43739 1.20771 42.1483 14.4435 5.39998 6.34471 13.1775 -1.53466 13.3503 -4.18543 -5.06522 4.96282 -23.6132 -2.04804 179.348 176.556 179.425 177.031 -176.056 -177.648 1.0517 0.590883 -0.0197059 3.17756 0.445386 -3.93453 1.16066 -1.09476 1.1533 0.624961 -3.72355 -0.0213657 179.194 -178.961 -179.979 0.977777 1.82543 0.396999 1.13228 0.756074 1.14447
-162.908 96.0754 49.5402 0.150644 1.97094 -2.35275 178.941 178.731 179.702 178.941 178.731 179.702 178.941 178.731 179.702 178.941 178.731 179.702 162.295 176.963 -179.424 138.537 147.148 169.679 3.8343 12.4992 -9.5265 176.122 -171.289 -164.697 21.4777 4.47048 1.20776 42.1364 14.4382 5.38964 6.33932 13.1787 -1.54669 13.3513 -4.18547 -5.06467 4.9591 -23.5969 -2.04116 179.348 176.542 179.428 177.036 -176.026 -177.682 1.0517 0.594641 -0.0197059 3.17628 0.449456 -3.92631 1.16068 -1.09581 1.1533 0.629657 -3.74355 -0.0381238 179.194 -178.961 -179.979 0.971932 1.82459 0.39208 1.13229 0.755404 1.14447
-162.912 96.075 49.5314 0.149014 1.97377 -2.329 178.941 178.742 179.699 178.941 178.742 179.699 178.941 178.742 179.699 178.941 178.742 179.699 162.289 176.947 -179.424 138.521 147.14 169.697 3.83436 12.5036 -9.53729 176.12 -171.291 -164.7 21.4806 4.48739 1.20779 42.1292 14.4365 5.37836 6.33549 13.1787 -1.55835 13.3518 -4.18616 -5.06694 4.95573 -23.595 -2.03969 179.347 176.538 179.429 177.039 -176.017 -177.701 1.0517 0.592755 -0.0197059 3.17592 0.452565 -3.92918 1.16069 -1.09627 1.1533 0.632651 -3.74669 -0.0503539 179.194 -178.96 -179.979 0.969103 1.82156 0.384905 1.1323 0.755206 1.14447
-162.917 96.0747 49.519 0.147294 1.99072 -2.30265 178.941 178.759 179.695 178.941 178.759 179.695 178.941 178.759 179.695 178.941 178.759 179.695 162.288 176.922 -179.424 138.493 147.137 169.729 3.87312 12.5413 -9.57897 176.065 -171.288 -164.678 21.4915 4.55158 1.20789 42.1143 14.3661 5.38766 6.33041 13.213 -1.56988 13.3471 -4.18238 -5.06764 4.95414 -23.5774 -2.01355 179.351 176.527 179.412 177.043 -175.984 -177.773 1.0517 0.60387 -0.019706 3.17323 0.455374 -3.88223 1.16088 -1.10556 1.1533 0.637342 -3.76646 -0.0795288 179.194 -178.96 -179.979 0.962318 1.82137 0.392598 1.13244 0.748098 1.14447
-162.922 96.0743 49.5106 0.1459 1.99065 -2.27933 178.941 178.768 179.694 178.941 178.768 179.694 178.941 178.768 179.694 178.941 178.768 179.694 162.283 176.909 -179.424 138.479 147.13 169.741 3.87136 12.5445 -9.5902 176.064 -171.286 -164.682 21.4939 4.562 1.20791 42.1085 14.3655 5.37567 6.32706 13.2126 -1.58189 13.3475 -4.18323 -5.07034 4.9514 -23.5785 -2.01375 179.35 176.525 179.413 177.046 -175.978 -177.787 1.0517 0.60135 -0.019706 3.17291 0.458576 -3.88969 1.16088 -1.10579 1.1533 0.640062 -3.76659 -0.0902985 179.194 -178.959 -179.979 0.959536 1.81841 0.38442 1.13244 0.748121 1.14447
-162.927 96.074 49.5008 0.144487 1.99492 -2.25503 178.941 178.778 179.691 178.941 178.778 179.691 178.941 178.778 179.691 178.941 178.778 179.691 162.281 176.894 -179.424 138.463 147.121 169.754 3.873 12.5488 -9.6071 176.064 -171.284 -164.686 21.4986 4.57467 1.20793 42.1017 14.3637 5.36389 6.32344 13.2116 -1.59438 13.3481 -4.18378 -5.07226 4.94979 -23.5773 -2.01329 179.35 176.521 179.414 177.049 -175.965 -177.804 1.0517 0.601275 -0.019706 3.17211 0.462148 -3.89537 1.16089 -1.10618 1.1533 0.643451 -3.77197 -0.102402 179.194 -178.958 -179.979 0.955288 1.81653 0.376707 1.13244 0.748094 1.14447
-162.933 96.0737 49.4888 0.143056 2.0077 -2.22922 178.941 178.791 179.689 178.941 178.791 179.689 178.941 178.791 179.689 178.941 178.791 179.689 162.283 176.873 -179.424 138.445 147.106 169.772 3.89063 12.559 -9.63901 176.064 -171.279 -164.692 21.5091 4.59874 1.20797 42.0905 14.3529 5.35576 6.32185 13.2101 -1.60852 13.3491 -4.18297 -5.07166 4.95281 -23.5697 -2.00967 179.35 176.511 179.414 177.054 -175.938 -177.836 1.0517 0.609846 -0.019706 3.17016 0.46408 -3.88811 1.16092 -1.10774 1.1533 0.647886 -3.78744 -0.120058 179.194 -178.958 -179.979 0.948465 1.81649 0.373368 1.13245 0.747551 1.14447
-162.937 96.0734 49.4802 0.141997 2.00769 -2.20607 178.941 178.799 179.687 178.941 178.799 179.687 178.941 178.799 179.687 178.941 178.799 179.687 162.28 176.861 -179.424 138.431 147.097 169.781 3.89427 12.5641 -9.65665 176.063 -171.276 -164.696 21.5125 4.61093 1.20799 42.0835 14.3488 5.34682 6.31933 13.2089 -1.62033 13.3496 -4.18329 -5.0739 4.95207 -23.5697 -2.00951 179.35 176.509 179.414 177.056 -175.93 -177.854 1.0517 0.610691 -0.019706 3.16933 0.466474 -3.89102 1.16093 -1.10839 1.1533 0.650524 -3.78795 -0.132492 179.194 -178.957 -179.979 0.944952 1.81422 0.367072 1.13245 0.747401 1.14447
-162.943 96.0732 49.4684 0.140756 2.01983 -2.18019 178.94 178.811 179.684 178.94 178.811 179.684 178.94 178.811 179.684 178.94 178.811 179.684 162.288 176.844 -179.424 138.402 147.075 169.801 3.94506 12.6033 -9.70335 176.013 -171.258 -164.678 21.5267 4.66163 1.20808 42.0693 14.2686 5.35295 6.32509 13.2388 -1.63499 13.3287 -4.17528 -5.07221 4.96015 -23.5608 -1.99861 179.35 176.499 179.406 177.06 -175.902 -177.923 1.05171 0.624725 -0.0197061 3.16598 0.467983 -3.84719 1.16119 -1.12124 1.15331 0.654917 -3.80283 -0.165046 179.194 -178.957 -179.979 0.937412 1.81459 0.378636 1.13257 0.741695 1.14447
-162.948 96.0729 49.4604 0.13988 2.01747 -2.15745 178.941 178.816 179.683 178.941 178.816 179.683 178.941 178.816 179.683 178.941 178.816 179.683 162.286 176.835 -179.424 138.388 147.068 169.807 3.9452 12.6058 -9.72029 176.013 -171.255 -164.683 21.529 4.66878 1.20809 42.0638 14.2667 5.34344 6.32221 13.2379 -1.64636 13.3292 -4.17583 -5.07475 4.95895 -23.5622 -1.99955 179.35 176.498 179.406 177.063 -175.897 -177.936 1.05171 0.624179 -0.0197061 3.16517 0.470923 -3.8543 1.1612 -1.12151 1.15331 0.657279 -3.80074 -0.175865 179.194 -178.956 -179.979 0.934144 1.81224 0.370979 1.13256 0.74173 1.14447
-162.953 96.0727 49.4513 0.138918 2.01892 -2.1337 178.941 178.823 179.681 178.941 178.823 179.681 178.941 178.823 179.681 178.941 178.823 179.681 162.287 176.823 -179.424 138.375 147.059 169.813 3.94944 12.6099 -9.74335 176.015 -171.25 -164.689 21.5336 4.67729 1.20811 42.0577 14.2634 5.33393 6.31955 13.2362 -1.65837 13.33 -4.17602 -5.07646 4.95951 -23.5621 -2.00033 179.35 176.496 179.405 177.066 -175.886 -177.953 1.05171 0.626003 -0.0197061 3.16377 0.474134 -3.85963 1.16121 -1.12197 1.15331 0.660332 -3.80323 -0.188245 179.194 -178.955 -179.979 0.929477 1.81085 0.36392 1.13256 0.74173 1.14447
-162.959 96.0725 49.4402 0.137863 2.02777 -2.10851 178.94 178.832 179.679 178.94 178.832 179.679 178.94 178.832 179.679 178.94 178.832 179.679 162.293 176.806 -179.424 138.357 147.04 169.823 3.97234 12.6217 -9.78195 176.02 -171.238 -164.695 21.5442 4.69343 1.20814 42.0481 14.2502 5.32605 6.32089 13.2338 -1.67281 13.3307 -4.17477 -5.07541 4.96626 -23.5577 -2.0002 179.352 176.49 179.403 177.07 -175.863 -177.984 1.05171 0.635855 -0.0197061 3.16109 0.475783 -3.85213 1.16124 -1.12374 1.15331 0.664434 -3.81442 -0.207127 179.194 -178.955 -179.979 0.922378 1.81107 0.362135 1.13257 0.741339 1.14447
-162.964 96.0723 49.4324 0.137208 2.02589 -2.08601 178.941 178.837 179.678 178.941 178.837 179.678 178.941 178.837 179.678 178.941 178.837 179.678 162.293 176.796 -179.424 138.344 147.031 169.826 3.97812 12.6269 -9.80377 176.021 -171.233 -164.7 21.5472 4.7019 1.20815 42.0419 14.2451 5.31826 6.31964 13.2322 -1.6837 13.3313 -4.17478 -5.07717 4.96701 -23.5574 -2.00127 179.352 176.488 179.402 177.072 -175.857 -178.002 1.05171 0.637668 -0.0197061 3.15973 0.478368 -3.85462 1.16126 -1.12445 1.15331 0.666738 -3.81294 -0.21994 179.194 -178.955 -179.979 0.918685 1.8092 0.356526 1.13257 0.741243 1.14447
-162.97 96.0721 49.4218 0.136284 2.03446 -2.06094 178.94 178.845 179.675 178.94 178.845 179.675 178.94 178.845 179.675 178.94 178.845 179.675 162.305 176.784 -179.424 138.316 146.995 169.839 4.03364 12.6632 -9.85285 175.983 -171.208 -164.682 21.5614 4.73907 1.20822 42.0305 14.1645 5.31872 6.331 13.2608 -1.69827 13.2986 -4.16383 -5.07354 4.97902 -23.5495 -2.00351 179.35 176.482 179.402 177.076 -175.833 -178.069 1.05172 0.651512 -0.0197062 3.15568 0.480323 -3.81005 1.16153 -1.13819 1.15332 0.670792 -3.82376 -0.255703 179.194 -178.954 -179.979 0.911114 1.80969 0.371663 1.13266 0.736969 1.14447
-162.975 96.0719 49.4147 0.13574 2.03097 -2.039 178.94 178.849 179.674 178.94 178.849 179.674 178.94 178.849 179.674 178.94 178.849 179.674 162.303 176.777 -179.424 138.303 146.989 169.84 4.03496 12.6654 -9.8729 175.985 -171.203 -164.687 21.5627 4.74418 1.20822 42.0258 14.1623 5.31064 6.32892 13.2599 -1.70811 13.2992 -4.16406 -5.07546 4.97856 -23.5493 -2.005 179.351 176.481 179.401 177.078 -175.829 -178.083 1.05172 0.651558 -0.0197062 3.15438 0.483632 -3.8165 1.16154 -1.13847 1.15332 0.672851 -3.82036 -0.266523 179.194 -178.954 -179.979 0.907873 1.8077 0.36433 1.13266 0.737013 1.14447
-162.98 96.0718 49.4067 0.135056 2.03091 -2.01622 178.941 178.853 179.673 178.941 178.853 179.673 178.941 178.853 179.673 178.941 178.853 179.673 162.305 176.767 -179.424 138.291 146.979 169.842 4.04072 12.6693 -9.89911 175.988 -171.197 -164.693 21.5659 4.75016 1.20824 42.0211 14.1588 5.30215 6.32729 13.2584 -1.7185 13.3001 -4.16395 -5.07655 4.9798 -23.5477 -2.00675 179.352 176.479 179.399 177.081 -175.821 -178.099 1.05172 0.653525 -0.0197062 3.15243 0.487285 -3.82091 1.16155 -1.13891 1.15332 0.6756 -3.821 -0.278932 179.194 -178.953 -179.979 0.903402 1.80652 0.357695 1.13266 0.737034 1.14447
-162.986 96.0716 49.3971 0.134223 2.03742 -1.99221 178.941 178.86 179.671 178.941 178.86 179.671 178.941 178.86 179.671 178.941 178.86 179.671 162.311 176.751 -179.424 138.275 146.959 169.848 4.06618 12.6818 -9.94113 175.997 -171.181 -164.697 21.5743 4.76111 1.20825 42.0144 14.1462 5.2933 6.32985 13.2567 -1.7312 13.3003 -4.16246 -5.07502 4.98664 -23.541 -2.00947 179.354 176.474 179.396 177.084 -175.801 -178.131 1.05172 0.662257 -0.0197062 3.14914 0.48984 -3.8115 1.16158 -1.14055 1.15332 0.679356 -3.82927 -0.298089 179.194 -178.953 -179.979 0.896788 1.80672 0.356714 1.13266 0.736763 1.14447
-162.991 96.0715 49.3904 0.133798 2.03503 -1.97086 178.941 178.863 179.67 178.941 178.863 179.67 178.941 178.863 179.67 178.941 178.863 179.67 162.311 176.743 -179.424 138.262 146.949 169.848 4.07304 12.6869 -9.96478 176 -171.175 -164.701 21.5756 4.76747 1.20827 42.0098 14.1414 5.28577 6.32954 13.2557 -1.74015 13.3008 -4.16215 -5.07603 4.98749 -23.5381 -2.0114 179.354 176.472 179.395 177.086 -175.796 -178.148 1.05172 0.663845 -0.0197062 3.14735 0.493136 -3.81281 1.16159 -1.1412 1.15332 0.681393 -3.82699 -0.310792 179.194 -178.953 -179.979 0.893483 1.80512 0.351479 1.13267 0.736708 1.14447
-162.997 96.0714 49.3813 0.133042 2.04187 -1.94726 178.941 178.87 179.668 178.941 178.87 179.668 178.941 178.87 179.668 178.941 178.87 179.668 162.322 176.731 -179.424 138.236 146.91 169.856 4.12684 12.7193 -10.0141 175.995 -171.156 -164.689 21.5858 4.79264 1.20831 42.0021 14.0851 5.28125 6.34096 13.2719 -1.75251 13.2764 -4.15422 -5.07228 4.99701 -23.525 -2.01983 179.354 176.471 179.396 177.089 -175.776 -178.217 1.05173 0.675804 -0.0197063 3.14274 0.496372 -3.76573 1.16178 -1.15051 1.15332 0.68509 -3.83548 -0.345143 179.194 -178.953 -179.979 0.886761 1.80553 0.365918 1.13271 0.734329 1.14446
-162.999 96.0714 49.3779 0.133711 2.0349 -1.93154 178.942 178.872 179.668 178.942 178.872 179.668 178.942 178.872 179.668 178.942 178.872 179.668 162.315 176.727 -179.424 138.225 146.907 169.857 4.12497 12.72 -10.0247 175.995 -171.154 -164.692 21.5828 4.79715 1.20832 41.9987 14.085 5.27433 6.34003 13.272 -1.75837 13.2773 -4.15416 -5.07372 4.99725 -23.5245 -2.02005 179.354 176.47 179.396 177.089 -175.779 -178.224 1.05173 0.675406 -0.0197063 3.14208 0.49787 -3.77063 1.16178 -1.15063 1.15332 0.684722 -3.82773 -0.351974 179.194 -178.952 -179.979 0.885971 1.80333 0.360479 1.13271 0.734359 1.14446
-163.006 96.0712 49.3692 0.132228 2.03662 -1.90589 178.943 178.876 179.666 178.943 178.876 179.666 178.943 178.876 179.666 178.943 178.876 179.666 162.319 176.717 -179.424 138.213 146.895 169.857 4.1322 12.7242 -10.0582 175.999 -171.146 -164.698 21.585 4.80206 1.20833 41.9963 14.0809 5.26615 6.33869 13.2712 -1.76747 13.2776 -4.15365 -5.07422 4.99598 -23.5178 -2.02369 179.354 176.467 179.394 177.094 -175.769 -178.244 1.05173 0.675652 -0.0197063 3.13907 0.504921 -3.77542 1.1618 -1.15117 1.15332 0.689074 -3.83004 -0.366678 179.194 -178.952 -179.979 0.881106 1.80249 0.351979 1.13271 0.734386 1.14446
-163.012 96.0712 49.3604 0.131461 2.046 -1.88302 178.943 178.883 179.664 178.943 178.883 179.664 178.943 178.883 179.664 178.943 178.883 179.664 162.328 176.7 -179.424 138.191 146.857 169.864 4.18548 12.7549 -10.1131 176.001 -171.122 -164.685 21.593 4.82275 1.20836 41.9933 14.0322 5.25694 6.34522 13.2896 -1.7774 13.2495 -4.14343 -5.0696 5.0034 -23.4973 -2.03426 179.356 176.466 179.395 177.097 -175.746 -178.309 1.05173 0.687713 -0.0197063 3.134 0.508617 -3.73085 1.16194 -1.15837 1.15332 0.692968 -3.84116 -0.396512 179.194 -178.952 -179.979 0.874391 1.80341 0.362181 1.13275 0.732605 1.14446
-163.015 96.0712 49.3574 0.132189 2.03986 -1.86811 178.945 178.884 179.665 178.945 178.884 179.665 178.945 178.884 179.665 178.945 178.884 179.665 162.322 176.696 -179.424 138.18 146.854 169.864 4.1837 12.7556 -10.1236 176.001 -171.121 -164.687 21.5896 4.8271 1.20837 41.9905 14.0323 5.25041 6.34469 13.2899 -1.7823 13.2505 -4.14322 -5.07062 5.00359 -23.4959 -2.03445 179.356 176.466 179.394 177.097 -175.748 -178.316 1.05173 0.68729 -0.0197063 3.13324 0.510583 -3.73536 1.16194 -1.15847 1.15332 0.69256 -3.83424 -0.403118 179.194 -178.952 -179.979 0.873954 1.80157 0.356832 1.13275 0.732636 1.14446
-163.021 96.0711 49.3497 0.130813 2.04186 -1.84391 178.946 178.888 179.663 178.946 178.888 179.663 178.946 178.888 179.663 178.946 178.888 179.663 162.323 176.686 -179.424 138.168 146.843 169.865 4.19098 12.7598 -10.1561 176.005 -171.112 -164.693 21.5896 4.83257 1.20838 41.9898 14.0291 5.24199 6.34398 13.2898 -1.7893 13.2508 -4.14243 -5.07058 5.00124 -23.486 -2.03821 179.356 176.461 179.393 177.101 -175.739 -178.336 1.05173 0.686922 -0.0197063 3.13005 0.518084 -3.73905 1.16195 -1.15891 1.15332 0.696679 -3.83652 -0.416944 179.194 -178.951 -179.979 0.869993 1.80086 0.348371 1.13275 0.732682 1.14446
-163.027 96.0711 49.342 0.130111 2.05126 -1.82247 178.947 178.896 179.661 178.947 178.896 179.661 178.947 178.896 179.661 178.947 178.896 179.661 162.33 176.667 -179.424 138.148 146.806 169.871 4.24318 12.7907 -10.2099 176.01 -171.091 -164.678 21.5933 4.85367 1.20842 41.9908 13.9857 5.23242 6.34746 13.3079 -1.79648 13.2183 -4.13082 -5.06601 5.00431 -23.4586 -2.04954 179.358 176.463 179.394 177.104 -175.717 -178.403 1.05173 0.697451 -0.0197064 3.12479 0.522781 -3.69107 1.16206 -1.16448 1.15333 0.700315 -3.8473 -0.443125 179.194 -178.951 -179.979 0.864385 1.80179 0.355757 1.13277 0.731375 1.14446
-163.029 96.0711 49.3394 0.130897 2.04602 -1.80851 178.948 178.897 179.661 178.948 178.897 179.661 178.948 178.897 179.661 178.948 178.897 179.661 162.323 176.664 -179.424 138.137 146.803 169.871 4.24143 12.7914 -10.22 176.01 -171.09 -164.681 21.5896 4.85797 1.20843 41.9887 13.9858 5.22624 6.34732 13.3084 -1.80046 13.2194 -4.13045 -5.06666 5.00436 -23.4564 -2.04967 179.358 176.462 179.394 177.104 -175.719 -178.41 1.05173 0.697005 -0.0197063 3.12395 0.525206 -3.69517 1.16206 -1.16457 1.15333 0.699866 -3.84129 -0.449436 179.194 -178.951 -179.979 0.86437 1.80037 0.350536 1.13277 0.731408 1.14446
-163.035 96.071 49.3328 0.12965 2.04848 -1.78593 178.95 178.901 179.659 178.95 178.901 179.659 178.95 178.901 179.659 178.95 178.901 179.659 162.323 176.653 -179.424 138.125 146.792 169.872 4.24844 12.7957 -10.2505 176.015 -171.082 -164.686 21.5873 4.86438 1.20844 41.9897 13.9836 5.21765 6.34712 13.3088 -1.80539 13.2196 -4.12934 -5.06622 5.00067 -23.4434 -2.05336 179.357 176.456 179.393 177.108 -175.71 -178.429 1.05173 0.696087 -0.0197063 3.12063 0.533119 -3.69778 1.16207 -1.16493 1.15333 0.703735 -3.84377 -0.462188 179.194 -178.95 -179.979 0.861412 1.79991 0.342079 1.13277 0.731477 1.14446
-163.041 96.0711 49.3261 0.129034 2.05799 -1.76606 178.952 178.908 179.658 178.952 178.908 179.658 178.952 178.908 179.658 178.952 178.908 179.658 162.327 176.633 -179.424 138.107 146.757 169.878 4.29829 12.8263 -10.3015 176.022 -171.064 -164.67 21.5865 4.88775 1.20848 41.9945 13.9449 5.20907 6.3476 13.3255 -1.81008 13.1825 -4.11613 -5.06184 4.99904 -23.4096 -2.06423 179.36 176.462 179.394 177.111 -175.69 -178.497 1.05174 0.705242 -0.0197064 3.11524 0.538686 -3.64714 1.16216 -1.16916 1.15333 0.707101 -3.85435 -0.483817 179.194 -178.95 -179.979 0.856965 1.80094 0.345875 1.13278 0.730719 1.14446
-163.043 96.0711 49.3238 0.129901 2.0536 -1.75317 178.953 178.909 179.658 178.953 178.909 179.658 178.953 178.909 179.658 178.953 178.909 179.658 162.319 176.629 -179.424 138.096 146.754 169.878 4.29652 12.827 -10.3109 176.022 -171.063 -164.673 21.5825 4.89202 1.20849 41.9929 13.9452 5.20326 6.34781 13.326 -1.8132 13.1837 -4.11559 -5.06218 4.9989 -23.4068 -2.06429 179.36 176.46 179.394 177.11 -175.691 -178.504 1.05174 0.704814 -0.0197064 3.11433 0.541537 -3.65084 1.16216 -1.16924 1.15333 0.706596 -3.84922 -0.489772 179.194 -178.95 -179.979 0.857382 1.79999 0.340815 1.13278 0.730756 1.14446
-163.049 96.0711 49.3182 0.128819 2.05642 -1.73237 178.956 178.913 179.656 178.956 178.913 179.656 178.956 178.913 179.656 178.956 178.913 179.656 162.318 176.618 -179.424 138.085 146.743 169.88 4.30296 12.8314 -10.3388 176.026 -171.056 -164.677 21.5782 4.89943 1.2085 41.9956 13.9438 5.19475 6.34801 13.3268 -1.81624 13.1838 -4.11415 -5.06151 4.99378 -23.3913 -2.06769 179.358 176.454 179.394 177.114 -175.683 -178.522 1.05174 0.703475 -0.0197064 3.1109 0.549772 -3.65257 1.16217 -1.16955 1.15333 0.710199 -3.85186 -0.501303 179.194 -178.95 -179.979 0.855386 1.79987 0.332346 1.13278 0.730855 1.14446
-163.054 96.0712 49.3137 0.128571 2.05955 -1.7154 178.957 178.917 179.655 178.957 178.917 179.655 178.957 178.917 179.655 178.957 178.917 179.655 162.314 176.606 -179.424 138.074 146.731 169.882 4.31236 12.8374 -10.3642 176.032 -171.048 -164.68 21.5739 4.90808 1.20852 41.9987 13.9418 5.18623 6.34767 13.3274 -1.81897 13.1834 -4.11256 -5.06101 4.99055 -23.3753 -2.07034 179.357 176.449 179.393 177.116 -175.674 -178.54 1.05174 0.70407 -0.0197064 3.10784 0.555869 -3.64972 1.16217 -1.16989 1.15333 0.71241 -3.85504 -0.510818 179.194 -178.949 -179.979 0.853658 1.80019 0.326076 1.13278 0.730941 1.14446
-163.059 96.0713 49.3084 0.128191 2.0685 -1.69795 178.96 178.925 179.654 178.96 178.925 179.654 178.96 178.925 179.654 178.96 178.925 179.654 162.314 176.586 -179.424 138.058 146.698 169.887 4.36625 12.8749 -10.4122 176.033 -171.033 -164.659 21.5681 4.94111 1.20858 42.008 13.8884 5.18207 6.34741 13.3501 -1.82148 13.0972 -4.08535 -5.05268 4.98268 -23.3318 -2.08171 179.361 176.462 179.397 177.119 -175.656 -178.623 1.05174 0.713097 -0.0197064 3.10203 0.562219 -3.583 1.16227 -1.17486 1.15333 0.715195 -3.86462 -0.527909 179.194 -178.949 -179.979 0.850859 1.8014 0.326909 1.13278 0.73109 1.14446
-163.059 96.0713 49.3084 0.128191 2.0685 -1.69795 178.96 178.925 179.654 178.96 178.925 179.654 178.96 178.925 179.654 178.96 178.925 179.654 162.314 176.586 -179.424 138.058 146.698 169.887 4.36625 12.8749 -10.4122 176.034 -171.033 -164.659 21.5681 4.94111 1.20858 42.008 13.8884 5.18207 6.34741 13.3501 -1.82148 13.0986 -4.08535 -5.05268 4.98268 -23.3318 -2.08171 179.361 176.462 179.397 177.119 -175.656 -178.623 1.05174 0.713097 -0.0197064 3.10203 0.562219 -3.583 1.16227 -1.17486 1.15333 0.715195 -3.86462 -0.527909 179.194 -178.949 -179.979 0.850859 1.8014 0.326909 1.13278 0.73109 1.14446
-163.067 96.0714 49.3025 0.128561 2.0668 -1.66882 178.964 178.929 179.653 178.964 178.929 179.653 178.964 178.929 179.653 178.964 178.929 179.653 162.302 176.572 -179.424 138.035 146.686 169.889 4.36857 12.8792 -10.4421 176.037 -171.027 -164.665 21.5576 4.95284 1.2086 42.011 13.8889 5.16932 6.34868 13.3515 -1.82455 13.0995 -4.08302 -5.05215 4.97585 -23.3129 -2.08411 179.358 176.454 179.397 177.122 -175.651 -178.644 1.05174 0.711115 -0.0197064 3.09768 0.573644 -3.58832 1.16228 -1.17514 1.15333 0.717501 -3.86181 -0.54278 179.194 -178.949 -179.979 0.851093 1.80147 0.313776 1.13277 0.731281 1.14446
-163.07 96.0716 49.3004 0.129466 2.06522 -1.65755 178.966 178.931 179.653 178.966 178.931 179.653 178.966 178.931 179.653 178.966 178.931 179.653 162.295 176.567 -179.424 138.025 146.681 169.89 4.36877 12.8809 -10.4528 176.038 -171.025 -164.667 21.5532 4.95792 1.20861 42.0116 13.8894 5.16382 6.34918 13.3521 -1.82609 13.1007 -4.08217 -5.0521 4.97436 -23.3066 -2.08441 179.357 176.451 179.398 177.122 -175.65 -178.651 1.05174 0.710854 -0.0197064 3.0961 0.577893 -3.59028 1.16228 -1.17524 1.15333 0.717428 -3.85985 -0.548386 179.194 -178.949 -179.979 0.851541 1.80178 0.308773 1.13277 0.73135 1.14446
-163.076 96.0717 49.2946 0.12831 2.07813 -1.63869 178.969 178.94 179.651 178.969 178.94 179.651 178.969 178.94 179.651 178.969 178.94 179.651 162.294 176.539 -179.424 138.014 146.645 169.893 4.42005 12.9156 -10.5022 176.058 -171.013 -164.658 21.5404 4.9959 1.20868 42.028 13.8587 5.16206 6.3423 13.36 -1.82601 13.0586 -4.06542 -5.04955 4.95711 -23.2498 -2.09101 179.362 176.464 179.398 177.126 -175.627 -178.733 1.05174 0.717929 -0.0197064 3.08852 0.587428 -3.52669 1.16235 -1.17875 1.15333 0.722122 -3.87347 -0.558517 179.194 -178.948 -179.979 0.848106 1.80398 0.300006 1.13274 0.733099 1.14446
-163.076 96.0717 49.2946 0.12831 2.07813 -1.63869 178.969 178.94 179.651 178.969 178.94 179.651 178.969 178.94 179.651 178.969 178.94 179.651 162.294 176.539 -179.424 138.014 146.645 169.893 4.42005 12.9156 -10.5022 176.058 -171.013 -164.658 21.5404 4.9959 1.20868 42.028 13.8587 5.16206 6.3423 13.36 -1.82601 13.0599 -4.06542 -5.04955 4.95711 -23.2498 -2.09101 179.362 176.464 179.398 177.126 -175.627 -178.733 1.05174 0.717929 -0.0197064 3.08852 0.587428 -3.52669 1.16235 -1.17875 1.15333 0.722122 -3.87347 -0.558517 179.194 -178.948 -179.979 0.848106 1.80398 0.300006 1.13274 0.733099 1.14446
-163.084 96.072 49.2902 0.129306 2.07605 -1.61395 178.973 178.943 179.65 178.973 178.943 179.65 178.973 178.943 179.65 178.973 178.943 179.65 162.28 176.527 -179.424 137.994 146.634 169.896 4.42145 12.9201 -10.5269 176.061 -171.008 -164.664 21.5289 5.00749 1.2087 42.0323 13.8591 5.1516 6.34436 13.3618 -1.82682 13.0601 -4.06267 -5.04904 4.949 -23.2311 -2.09251 179.358 176.456 179.399 177.129 -175.624 -178.752 1.05174 0.715908 -0.0197064 3.08379 0.599471 -3.53076 1.16236 -1.17913 1.15333 0.723908 -3.87033 -0.571257 179.194 -178.948 -179.979 0.849144 1.80542 0.287463 1.13273 0.733368 1.14446
-163.087 96.0721 49.2887 0.130506 2.07437 -1.60459 178.975 178.944 179.65 178.975 178.944 179.65 178.975 178.944 179.65 178.975 178.944 179.65 162.273 176.522 -179.424 137.985 146.63 169.897 4.42135 12.9218 -10.5357 176.062 -171.007 -164.667 21.5243 5.01225 1.20871 42.0334 13.8595 5.14718 6.34507 13.3625 -1.82752 13.0611 -4.06172 -5.049 4.94702 -23.225 -2.09252 179.357 176.454 179.4 177.128 -175.623 -178.759 1.05174 0.715705 -0.0197064 3.08206 0.604075 -3.53236 1.16236 -1.17926 1.15333 0.723622 -3.86838 -0.576068 179.194 -178.948 -179.979 0.849841 1.80635 0.282697 1.13273 0.733463 1.14446
-163.093 96.0723 49.2845 0.129718 2.08372 -1.58871 178.978 178.952 179.648 178.978 178.952 179.648 178.978 178.952 179.648 178.978 178.952 179.648 162.267 176.498 -179.424 137.977 146.601 169.898 4.46335 12.9571 -10.5745 176.088 -171.001 -164.668 21.5089 5.0549 1.20879 42.0515 13.8162 5.15124 6.34224 13.3732 -1.82746 12.9613 -4.03025 -5.04156 4.92569 -23.171 -2.09275 179.362 176.468 179.399 177.133 -175.607 -178.835 1.05174 0.719803 -0.0197064 3.07429 0.6145 -3.47277 1.1625 -1.18618 1.15333 0.7278 -3.87792 -0.577002 179.194 -178.947 -179.979 0.847231 1.8088 0.266787 1.13263 0.738271 1.14447
-163.093 96.0723 49.2845 0.129718 2.08372 -1.58871 178.978 178.952 179.648 178.978 178.952 179.648 178.978 178.952 179.648 178.978 178.952 179.648 162.267 176.498 -179.424 137.977 146.601 169.898 4.46335 12.9571 -10.5745 176.089 -171.001 -164.668 21.5089 5.0549 1.20879 42.0515 13.8162 5.15124 6.34224 13.3732 -1.82746 12.9626 -4.03025 -5.04156 4.92569 -23.171 -2.09275 179.362 176.468 179.399 177.133 -175.607 -178.835 1.05174 0.719803 -0.0197064 3.07429 0.6145 -3.47277 1.1625 -1.18618 1.15333 0.7278 -3.87792 -0.577002 179.194 -178.947 -179.979 0.847231 1.8088 0.266787 1.13263 0.738271 1.14447
-163.101 96.0727 49.2814 0.131463 2.08013 -1.56844 178.982 178.954 179.648 178.982 178.954 179.648 178.982 178.954 179.648 178.982 178.954 179.648 162.253 176.487 -179.424 137.959 146.592 169.901 4.46382 12.9613 -10.594 176.09 -170.997 -164.675 21.4973 5.06478 1.20881 42.0562 13.8171 5.14362 6.34487 13.3751 -1.82671 12.9635 -4.02738 -5.04146 4.91693 -23.1546 -2.09346 179.357 176.461 179.402 177.135 -175.607 -178.851 1.05174 0.717905 -0.0197064 3.06907 0.626985 -3.47707 1.16251 -1.18659 1.15334 0.729048 -3.8734 -0.587661 179.194 -178.947 -179.979 0.848453 1.8116 0.254954 1.13263 0.738567 1.14447
-163.101 96.0727 49.2814 0.131463 2.08013 -1.56844 178.982 178.954 179.648 178.982 178.954 179.648 178.982 178.954 179.648 178.982 178.954 179.648 162.253 176.487 -179.424 137.959 146.592 169.901 4.46382 12.9613 -10.594 176.091 -170.997 -164.675 21.4973 5.06478 1.20881 42.0562 13.8171 5.14362 6.34487 13.3751 -1.82671 12.9649 -4.02738 -5.04146 4.91693 -23.1546 -2.09346 179.357 176.461 179.402 177.135 -175.607 -178.851 1.05174 0.717905 -0.0197064 3.06907 0.626985 -3.47707 1.16251 -1.18659 1.15334 0.729048 -3.8734 -0.587661 179.194 -178.947 -179.979 0.848453 1.8116 0.254954 1.13263 0.738567 1.14447
-163.109 96.0731 49.2785 0.133188 2.07789 -1.54931 178.987 178.956 179.647 178.987 178.956 179.647 178.987 178.956 179.647 178.987 178.956 179.647 162.24 176.474 -179.424 137.944 146.579 169.903 4.46881 12.9687 -10.6162 176.094 -170.991 -164.682 21.4843 5.07725 1.20883 42.0642 13.8172 5.13728 6.34649 13.3767 -1.82475 12.9646 -4.02443 -5.04246 4.90512 -23.133 -2.09386 179.353 176.455 179.405 177.137 -175.605 -178.87 1.05174 0.715493 -0.0197064 3.06238 0.640954 -3.47762 1.16252 -1.18728 1.15334 0.731053 -3.87048 -0.596777 179.194 -178.946 -179.979 0.848357 1.81543 0.241988 1.13262 0.739051 1.14447
-163.109 96.0731 49.2785 0.133188 2.07789 -1.54931 178.987 178.956 179.647 178.987 178.956 179.647 178.987 178.956 179.647 178.987 178.956 179.647 162.24 176.474 -179.424 137.944 146.579 169.903 4.46881 12.9687 -10.6162 176.095 -170.991 -164.682 21.4843 5.07725 1.20883 42.0642 13.8172 5.13728 6.34649 13.3767 -1.82475 12.9659 -4.02443 -5.04246 4.90512 -23.133 -2.09386 179.353 176.455 179.405 177.137 -175.605 -178.87 1.05174 0.715493 -0.0197064 3.06238 0.640954 -3.47762 1.16252 -1.18728 1.15334 0.731053 -3.87048 -0.596777 179.194 -178.946 -179.979 0.848357 1.81543 0.241988 1.13262 0.739051 1.14447
-163.119 96.0735 49.2755 0.134681 2.07953 -1.53097 178.992 178.961 179.646 178.992 178.961 179.646 178.992 178.961 179.646 178.992 178.961 179.646 162.224 176.451 -179.424 137.933 146.549 169.902 4.50707 13.0107 -10.6498 176.147 -170.995 -164.71 21.4611 5.12931 1.20893 42.0851 13.7719 5.15046 6.34151 13.3886 -1.82349 12.8648 -3.99215 -5.03812 4.87553 -23.0783 -2.08431 179.362 176.474 179.402 177.141 -175.598 -178.945 1.05174 0.715686 -0.0197064 3.05163 0.658035 -3.42155 1.16279 -1.20035 1.15334 0.734063 -3.87166 -0.584024 179.194 -178.946 -179.979 0.846707 1.82036 0.207302 1.13242 0.748751 1.14447
-163.119 96.0735 49.2755 0.134681 2.07953 -1.53097 178.992 178.961 179.646 178.992 178.961 179.646 178.992 178.961 179.646 178.992 178.961 179.646 162.224 176.451 -179.424 137.933 146.549 169.902 4.50707 13.0107 -10.6498 176.148 -170.995 -164.71 21.4611 5.12931 1.20893 42.0851 13.7719 5.15046 6.34151 13.3886 -1.82349 12.8661 -3.99215 -5.03812 4.87553 -23.0783 -2.08431 179.362 176.474 179.402 177.141 -175.598 -178.945 1.05174 0.715686 -0.0197064 3.05163 0.658035 -3.42155 1.16279 -1.20035 1.15334 0.734063 -3.87166 -0.584024 179.194 -178.946 -179.979 0.846707 1.82036 0.207302 1.13242 0.748751 1.14447
-163.123 96.074 49.2747 0.13903 2.07314 -1.52118 178.995 178.96 179.647 178.995 178.96 179.647 178.995 178.96 179.647 178.995 178.96 179.647 162.21 176.445 -179.424 137.916 146.545 169.903 4.50365 13.012 -10.6588 176.147 -170.994 -164.714 21.454 5.13326 1.20893 42.0851 13.7727 5.14695 6.34357 13.3899 -1.82317 12.8677 -3.99083 -5.03778 4.87345 -23.074 -2.08376 179.361 176.472 179.403 177.139 -175.601 -178.952 1.05174 0.716966 -0.0197064 3.04847 0.667463 -3.42586 1.16279 -1.20052 1.15334 0.731436 -3.86549 -0.590739 179.194 -178.946 -179.979 0.849194 1.82469 0.200536 1.13242 0.748866 1.14447
-163.128 96.0743 49.2741 0.140353 2.06952 -1.51368 178.997 178.959 179.646 178.997 178.959 179.646 178.997 178.959 179.646 178.997 178.959 179.646 162.204 176.442 -179.424 137.909 146.541 169.904 4.50308 13.0136 -10.6662 176.148 -170.993 -164.717 21.4486 5.136 1.20894 42.087 13.7733 5.14586 6.34566 13.3912 -1.82153 12.869 -3.98964 -5.03766 4.86865 -23.0686 -2.08417 179.358 176.47 179.404 177.14 -175.603 -178.958 1.05174 0.716125 -0.0197064 3.04499 0.675041 -3.42877 1.16279 -1.20074 1.15334 0.73209 -3.86142 -0.595339 179.194 -178.945 -179.979 0.849972 1.82762 0.19505 1.13242 0.749011 1.14447
-163.132 96.0746 49.2736 0.141746 2.06627 -1.50706 178.999 178.959 179.646 178.999 178.959 179.646 178.999 178.959 179.646 178.999 178.959 179.646 162.199 176.437 -179.424 137.902 146.537 169.904 4.50326 13.0158 -10.6737 176.148 -170.992 -164.721 21.4434 5.1389 1.20894 42.0893 13.7737 5.14515 6.34763 13.3924 -1.81986 12.8702 -3.98864 -5.03789 4.86348 -23.0629 -2.08453 179.356 176.468 179.405 177.141 -175.605 -178.963 1.05174 0.714808 -0.0197064 3.04118 0.682569 -3.43101 1.1628 -1.201 1.15334 0.732779 -3.85786 -0.599133 179.194 -178.945 -179.979 0.850055 1.83064 0.189788 1.13242 0.749184 1.14447
-163.136 96.0748 49.2732 0.143232 2.06308 -1.50098 179.001 178.958 179.646 179.001 178.958 179.646 179.001 178.958 179.646 179.001 178.958 179.646 162.194 176.433 -179.424 137.895 146.533 169.905 4.50397 13.0184 -10.6814 176.149 -170.99 -164.726 21.4382 5.14191 1.20895 42.0919 13.7741 5.14481 6.34943 13.3937 -1.81816 12.8711 -3.98781 -5.03842 4.85816 -23.0571 -2.08479 179.354 176.466 179.407 177.142 -175.607 -178.969 1.05174 0.713267 -0.0197064 3.03714 0.690276 -3.43282 1.1628 -1.2013 1.15334 0.733428 -3.85444 -0.602358 179.194 -178.945 -179.979 0.849859 1.83392 0.184529 1.13241 0.749382 1.14447
-163.143 96.0752 49.2728 0.143436 2.06005 -1.49226 179.003 178.958 179.645 179.003 178.958 179.645 179.003 178.958 179.645 179.003 178.958 179.645 162.189 176.424 -179.424 137.894 146.521 169.904 4.51351 13.0284 -10.6969 176.151 -170.985 -164.739 21.4283 5.15032 1.20897 42.1008 13.7733 5.14746 6.35094 13.3961 -1.81486 12.8691 -3.98706 -5.04214 4.84469 -23.0427 -2.08474 179.35 176.464 179.41 177.146 -175.611 -178.981 1.05174 0.706262 -0.0197064 3.02891 0.702749 -3.43118 1.16283 -1.20241 1.15334 0.7372 -3.8505 -0.602338 179.194 -178.944 -179.979 0.84643 1.83819 0.173329 1.1324 0.750144 1.14447
-163.143 96.0752 49.2728 0.143436 2.06005 -1.49226 179.003 178.958 179.645 179.003 178.958 179.645 179.003 178.958 179.645 179.003 178.958 179.645 162.189 176.424 -179.424 137.894 146.521 169.904 4.51351 13.0284 -10.6969 176.152 -170.985 -164.739 21.4283 5.15032 1.20897 42.1008 13.7733 5.14746 6.35094 13.3961 -1.81486 12.8704 -3.98706 -5.04214 4.84469 -23.0427 -2.08474 179.35 176.464 179.41 177.146 -175.611 -178.981 1.05174 0.706262 -0.0197064 3.02891 0.702749 -3.43118 1.16283 -1.20241 1.15334 0.7372 -3.8505 -0.602338 179.194 -178.944 -179.979 0.84643 1.83819 0.173329 1.1324 0.750144 1.14447
-163.153 96.0759 49.2727 0.146293 2.05414 -1.48182 179.007 178.958 179.644 179.007 178.958 179.644 179.007 178.958 179.644 179.007 178.958 179.644 162.177 176.414 -179.424 137.886 146.496 169.903 4.54711 13.0767 -10.7168 176.243 -171.009 -164.813 21.4082 5.19465 1.20905 42.1171 13.7236 5.17101 6.34537 13.422 -1.81169 12.7735 -3.96162 -5.04051 4.81603 -23.0119 -2.07054 179.366 176.482 179.403 177.149 -175.618 -179.026 1.05173 0.698791 -0.0197064 3.01705 0.723173 -3.39983 1.16322 -1.22201 1.15335 0.739007 -3.84385 -0.563822 179.194 -178.943 -179.979 0.845297 1.84582 0.119509 1.1321 0.765145 1.14447
-163.153 96.0759 49.2727 0.146293 2.05414 -1.48182 179.007 178.958 179.644 179.007 178.958 179.644 179.007 178.958 179.644 179.007 178.958 179.644 162.177 176.414 -179.424 137.886 146.496 169.903 4.54711 13.0767 -10.7168 176.244 -171.009 -164.813 21.4082 5.19465 1.20905 42.1171 13.7236 5.17101 6.34537 13.422 -1.81169 12.7749 -3.96162 -5.04051 4.81603 -23.0119 -2.07054 179.366 176.482 179.403 177.149 -175.618 -179.026 1.05173 0.698791 -0.0197064 3.01705 0.723173 -3.39983 1.16322 -1.22201 1.15335 0.739007 -3.84385 -0.563822 179.194 -178.943 -179.979 0.845297 1.84582 0.119509 1.1321 0.765145 1.14447
-163.157 96.0765 49.2727 0.151517 2.04854 -1.47739 179.011 178.956 179.644 179.011 178.956 179.644 179.011 178.956 179.644 179.011 178.956 179.644 162.166 176.409 -179.424 137.872 146.493 169.905 4.54392 13.078 -10.7242 176.243 -171.009 -164.816 21.402 5.19584 1.20905 42.1164 13.7238 5.17077 6.34705 13.423 -1.81023 12.7763 -3.96102 -5.04006 4.81374 -23.01 -2.07065 179.364 176.482 179.404 177.146 -175.621 -179.031 1.05174 0.700833 -0.0197064 3.01287 0.734298 -3.40318 1.16323 -1.22218 1.15335 0.735945 -3.83929 -0.568052 179.194 -178.943 -179.979 0.847931 1.85333 0.114979 1.13209 0.765249 1.14447
-163.162 96.077 49.2729 0.153372 2.04489 -1.47335 179.013 178.954 179.644 179.013 178.954 179.644 179.013 178.954 179.644 179.013 178.954 179.644 162.163 176.406 -179.424 137.866 146.49 169.905 4.54327 13.0797 -10.7304 176.243 -171.009 -164.821 21.3976 5.19672 1.20906 42.1175 13.7242 5.17179 6.34912 13.4244 -1.80826 12.7775 -3.96058 -5.03999 4.80935 -23.0079 -2.07163 179.362 176.481 179.404 177.147 -175.623 -179.034 1.05173 0.700177 -0.0197064 3.00842 0.742655 -3.40555 1.16323 -1.22237 1.15335 0.736315 -3.83552 -0.570632 179.194 -178.943 -179.979 0.84862 1.85845 0.111187 1.13209 0.765379 1.14447
-163.166 96.0774 49.2731 0.15518 2.04151 -1.46984 179.014 178.953 179.643 179.014 178.953 179.643 179.014 178.953 179.643 179.014 178.953 179.643 162.159 176.402 -179.424 137.861 146.486 169.906 4.54329 13.0818 -10.7369 176.242 -171.008 -164.826 21.3934 5.1977 1.20906 42.1188 13.7246 5.1731 6.35111 13.4258 -1.80639 12.7785 -3.96045 -5.04025 4.80479 -23.0059 -2.07267 179.36 176.48 179.405 177.148 -175.626 -179.038 1.05173 0.698808 -0.0197064 3.00365 0.750896 -3.40756 1.16323 -1.22258 1.15335 0.7368 -3.8321 -0.572487 179.194 -178.942 -179.979 0.848639 1.8635 0.107484 1.13209 0.765529 1.14447
-163.17 96.0778 49.2733 0.157012 2.0383 -1.46672 179.016 178.951 179.643 179.016 178.951 179.643 179.016 178.951 179.643 179.016 178.951 179.643 162.157 176.399 -179.424 137.856 146.482 169.906 4.54378 13.0843 -10.7437 176.242 -171.008 -164.831 21.3892 5.19872 1.20906 42.1203 13.7249 5.17471 6.35294 13.4273 -1.80458 12.7793 -3.96061 -5.04075 4.80021 -23.0041 -2.07371 179.359 176.48 179.405 177.149 -175.629 -179.041 1.05173 0.697059 -0.0197063 2.99868 0.759333 -3.40935 1.16324 -1.22281 1.15335 0.737291 -3.82891 -0.573757 179.194 -178.942 -179.979 0.848429 1.86878 0.103774 1.13209 0.765696 1.14447
-163.174 96.0782 49.2736 0.158857 2.03527 -1.46393 179.018 178.95 179.642 179.018 178.95 179.642 179.018 178.95 179.642 179.018 178.95 179.642 162.154 176.395 -179.424 137.852 146.478 169.906 4.54469 13.0872 -10.7506 176.242 -171.007 -164.837 21.385 5.19977 1.20906 42.1217 13.7252 5.17659 6.35464 13.4289 -1.80282 12.7799 -3.96102 -5.0414 4.79566 -23.0026 -2.0748 179.357 176.48 179.406 177.15 -175.632 -179.045 1.05173 0.695044 -0.0197063 2.99358 0.767964 -3.41098 1.16324 -1.22305 1.15335 0.73779 -3.82595 -0.574495 179.194 -178.941 -179.979 0.848141 1.87432 0.100042 1.13208 0.765879 1.14447
-163.178 96.0787 49.2739 0.160706 2.03243 -1.46145 179.019 178.948 179.642 179.019 178.948 179.642 179.019 178.948 179.642 179.019 178.948 179.642 162.152 176.391 -179.424 137.848 146.474 169.906 4.54598 13.0904 -10.7576 176.241 -171.006 -164.844 21.3808 5.20082 1.20906 42.1231 13.7254 5.17871 6.35622 13.4305 -1.8011 12.7804 -3.96166 -5.04215 4.79113 -23.0015 -2.07594 179.356 176.48 179.406 177.151 -175.635 -179.048 1.05173 0.692833 -0.0197063 2.98837 0.776753 -3.41247 1.16325 -1.2233 1.15335 0.738301 -3.82323 -0.574733 179.194 -178.941 -179.979 0.847827 1.88011 0.0962968 1.13208 0.766076 1.14447
-163.186 96.0793 49.2748 0.160954 2.02755 -1.45669 179.021 178.946 179.641 179.021 178.946 179.641 179.021 178.946 179.641 179.021 178.946 179.641 162.151 176.387 -179.424 137.851 146.451 169.901 4.58385 13.1378 -10.7719 176.336 -171.047 -164.941 21.3695 5.2267 1.20911 42.1345 13.6896 5.19948 6.34913 13.4666 -1.7963 12.7311 -3.95727 -5.04575 4.77005 -22.9957 -2.07472 179.37 176.489 179.402 177.156 -175.646 -179.06 1.05173 0.676815 -0.0197063 2.97634 0.794694 -3.40699 1.16346 -1.234 1.15336 0.74247 -3.81708 -0.525012 179.194 -178.94 -179.979 0.8438 1.88705 0.0405601 1.13185 0.777418 1.14448
-163.186 96.0793 49.2748 0.160954 2.02755 -1.45669 179.021 178.946 179.641 179.021 178.946 179.641 179.021 178.946 179.641 179.021 178.946 179.641 162.151 176.387 -179.424 137.851 146.451 169.901 4.58385 13.1378 -10.7719 176.336 -171.047 -164.941 21.3695 5.2267 1.20911 42.1345 13.6896 5.19948 6.34913 13.4666 -1.7963 12.7325 -3.95727 -5.04575 4.77005 -22.9957 -2.07472 179.37 176.489 179.402 177.156 -175.646 -179.06 1.05173 0.676815 -0.0197063 2.97634 0.794694 -3.40699 1.16346 -1.234 1.15336 0.74247 -3.81708 -0.525012 179.194 -178.94 -179.979 0.8438 1.88705 0.0405601 1.13185 0.777418 1.14448
-163.191 96.0802 49.275 0.166142 2.02453 -1.4561 179.024 178.944 179.64 179.024 178.944 179.64 179.024 178.944 179.64 179.024 178.944 179.64 162.144 176.382 -179.424 137.84 146.448 169.903 4.58083 13.1392 -10.778 176.336 -171.048 -164.945 21.3638 5.22604 1.20911 42.1329 13.6894 5.20099 6.34997 13.4671 -1.79454 12.7338 -3.95743 -5.04519 4.76766 -22.996 -2.07548 179.369 176.489 179.402 177.154 -175.647 -179.063 1.05173 0.678998 -0.0197063 2.97147 0.806773 -3.40922 1.16346 -1.23409 1.15336 0.739676 -3.81571 -0.526399 179.194 -178.94 -179.979 0.8469 1.89756 0.0389586 1.13185 0.777487 1.14448
-163.195 96.0808 49.2752 0.168037 2.02281 -1.45469 179.026 178.943 179.64 179.026 178.943 179.64 179.026 178.943 179.64 179.026 178.943 179.64 162.142 176.379 -179.424 137.835 146.445 169.904 4.57997 13.1409 -10.7833 176.335 -171.048 -164.949 21.3601 5.22582 1.20911 42.1333 13.6896 5.20276 6.35156 13.4683 -1.79286 12.7349 -3.95764 -5.04503 4.76375 -22.9964 -2.07698 179.368 176.49 179.402 177.155 -175.648 -179.065 1.05173 0.678386 -0.0197063 2.9664 0.815505 -3.41074 1.16347 -1.23418 1.15336 0.740149 -3.81434 -0.527055 179.194 -178.939 -179.979 0.847617 1.90478 0.0373178 1.13185 0.777568 1.14448
-163.199 96.0813 49.2754 0.169812 2.02131 -1.45353 179.027 178.941 179.639 179.027 178.941 179.639 179.027 178.941 179.639 179.027 178.941 179.639 162.142 176.376 -179.424 137.832 146.442 169.904 4.57969 13.1428 -10.7888 176.334 -171.048 -164.954 21.3568 5.22564 1.20911 42.1338 13.6898 5.20472 6.35306 13.4695 -1.79138 12.736 -3.95817 -5.04513 4.75986 -22.9972 -2.07854 179.366 176.49 179.402 177.156 -175.649 -179.067 1.05173 0.677064 -0.0197063 2.9611 0.823966 -3.41208 1.16347 -1.23426 1.15336 0.740791 -3.81324 -0.527216 179.194 -178.939 -179.979 0.847574 1.91163 0.0356675 1.13185 0.777654 1.14448
-163.203 96.0819 49.2755 0.171563 2.02001 -1.45263 179.029 178.94 179.638 179.029 178.94 179.638 179.029 178.94 179.638 179.029 178.94 179.638 162.141 176.373 -179.424 137.829 146.438 169.903 4.57982 13.1452 -10.7944 176.333 -171.048 -164.959 21.3536 5.22541 1.20911 42.1344 13.69 5.2069 6.3544 13.4708 -1.79003 12.7369 -3.95896 -5.04539 4.7561 -22.9984 -2.08008 179.365 176.491 179.402 177.157 -175.65 -179.069 1.05173 0.675382 -0.0197063 2.95569 0.832509 -3.41329 1.16347 -1.23433 1.15336 0.741481 -3.81241 -0.526926 179.194 -178.938 -179.979 0.847254 1.91855 0.034022 1.13185 0.777741 1.14448
-163.207 96.0825 49.2756 0.173289 2.0189 -1.45199 179.031 178.938 179.638 179.031 178.938 179.638 179.031 178.938 179.638 179.031 178.938 179.638 162.141 176.369 -179.424 137.827 146.435 169.903 4.58031 13.1478 -10.8 176.332 -171.049 -164.964 21.3505 5.22511 1.20911 42.1349 13.6902 5.20928 6.35562 13.472 -1.78882 12.7377 -3.95996 -5.04576 4.75246 -23.0001 -2.08161 179.364 176.492 179.402 177.158 -175.651 -179.071 1.05173 0.673461 -0.0197063 2.95025 0.841134 -3.41439 1.16347 -1.23439 1.15336 0.74221 -3.81185 -0.526231 179.194 -178.938 -179.979 0.8468 1.92555 0.0323843 1.13184 0.777828 1.14448
-163.211 96.0831 49.2756 0.174988 2.01799 -1.45158 179.032 178.937 179.637 179.032 178.937 179.637 179.032 178.937 179.637 179.032 178.937 179.637 162.14 176.366 -179.424 137.825 146.431 169.902 4.58111 13.1507 -10.8054 176.332 -171.049 -164.97 21.3475 5.22471 1.20911 42.1353 13.6904 5.21185 6.35671 13.4732 -1.78772 12.7384 -3.96111 -5.04621 4.74893 -23.0021 -2.08309 179.363 176.493 179.402 177.159 -175.653 -179.072 1.05172 0.671375 -0.0197062 2.94479 0.849798 -3.4154 1.16347 -1.23443 1.15336 0.742979 -3.81155 -0.525175 179.194 -178.937 -179.979 0.846257 1.93263 0.0307604 1.13184 0.777911 1.14448
-163.215 96.0836 49.2756 0.176661 2.01727 -1.45139 179.034 178.935 179.636 179.034 178.935 179.636 179.034 178.935 179.636 179.034 178.935 179.636 162.14 176.363 -179.424 137.824 146.427 169.9 4.58217 13.1538 -10.8106 176.331 -171.05 -164.975 21.3446 5.22419 1.20911 42.1357 13.6905 5.2146 6.35771 13.4745 -1.78676 12.7391 -3.96237 -5.0467 4.74551 -23.0046 -2.08453 179.363 176.495 179.402 177.16 -175.653 -179.074 1.05172 0.669179 -0.0197062 2.93935 0.858461 -3.41632 1.16347 -1.23445 1.15336 0.743785 -3.8115 -0.523797 179.194 -178.937 -179.979 0.845635 1.93976 0.0291579 1.13184 0.77799 1.14448
-163.219 96.0842 49.2755 0.178306 2.01673 -1.45141 179.035 178.934 179.635 179.035 178.934 179.635 179.035 178.934 179.635 179.035 178.934 179.635 162.14 176.361 -179.424 137.824 146.424 169.898 4.58346 13.1571 -10.8156 176.33 -171.05 -164.981 21.3418 5.22352 1.20911 42.1359 13.6905 5.21752 6.35861 13.4757 -1.78593 12.7398 -3.96368 -5.04721 4.74218 -23.0075 -2.08588 179.362 176.496 179.402 177.161 -175.654 -179.075 1.05172 0.666911 -0.0197062 2.93392 0.86709 -3.41718 1.16347 -1.23446 1.15336 0.744629 -3.81169 -0.522132 179.194 -178.937 -179.979 0.844931 1.94689 0.0275838 1.13184 0.77806 1.14448
-163.223 96.0848 49.2753 0.179926 2.01634 -1.45162 179.037 178.932 179.635 179.037 178.932 179.635 179.037 178.932 179.635 179.037 178.932 179.635 162.14 176.358 -179.424 137.824 146.42 169.896 4.58493 13.1606 -10.8203 176.329 -171.051 -164.986 21.3391 5.22269 1.20911 42.1361 13.6906 5.22059 6.35944 13.4768 -1.78523 12.7406 -3.96503 -5.04774 4.73897 -23.0108 -2.08713 179.362 176.498 179.402 177.163 -175.655 -179.076 1.05172 0.664604 -0.0197062 2.92854 0.875657 -3.41798 1.16347 -1.23445 1.15336 0.745511 -3.81211 -0.520218 179.194 -178.936 -179.979 0.844136 1.95402 0.0260443 1.13184 0.778121 1.14448
-163.227 96.0854 49.275 0.18152 2.01608 -1.45202 179.038 178.931 179.634 179.038 178.931 179.634 179.038 178.931 179.634 179.038 178.931 179.634 162.141 176.356 -179.424 137.825 146.416 169.893 4.58656 13.1642 -10.8246 176.328 -171.052 -164.992 21.3366 5.22166 1.2091 42.1362 13.6905 5.22382 6.36021 13.4779 -1.78469 12.7414 -3.96636 -5.04828 4.73585 -23.0146 -2.08825 179.361 176.5 179.402 177.164 -175.655 -179.077 1.05172 0.662281 -0.0197062 2.92319 0.884137 -3.41874 1.16347 -1.23442 1.15336 0.746428 -3.81273 -0.518088 179.194 -178.936 -179.979 0.843241 1.96111 0.0245441 1.13184 0.77817 1.14448
-163.231 96.086 49.2746 0.183092 2.01595 -1.45258 179.04 178.929 179.633 179.04 178.929 179.633 179.04 178.929 179.633 179.04 178.929 179.633 162.141 176.354 -179.424 137.826 146.412 169.89 4.58831 13.1679 -10.8286 176.327 -171.053 -164.997 21.3342 5.22041 1.2091 42.1362 13.6904 5.22721 6.36094 13.479 -1.7843 12.7422 -3.96766 -5.04882 4.73285 -23.0188 -2.08922 179.361 176.501 179.402 177.165 -175.656 -179.078 1.05172 0.659959 -0.0197062 2.91789 0.892513 -3.41946 1.16347 -1.23437 1.15336 0.74738 -3.81353 -0.515775 179.194 -178.935 -179.979 0.842234 1.96815 0.0230867 1.13184 0.778204 1.14448
-163.235 96.0866 49.2741 0.184642 2.0159 -1.45329 179.041 178.927 179.632 179.041 178.927 179.632 179.041 178.927 179.632 179.041 178.927 179.632 162.141 176.352 -179.424 137.828 146.409 169.886 4.59016 13.1716 -10.8322 176.327 -171.054 -165.002 21.332 5.21891 1.2091 42.1361 13.6903 5.23075 6.36164 13.4799 -1.78407 12.7431 -3.9689 -5.04935 4.72997 -23.0234 -2.09 179.361 176.503 179.402 177.166 -175.656 -179.079 1.05172 0.657653 -0.0197062 2.91264 0.900768 -3.42017 1.16347 -1.2343 1.15336 0.748365 -3.81449 -0.513311 179.194 -178.935 -179.979 0.841105 1.97511 0.0216743 1.13184 0.778222 1.14448
-163.238 96.0872 49.2735 0.186173 2.01592 -1.45414 179.042 178.925 179.631 179.042 178.925 179.631 179.042 178.925 179.631 179.042 178.925 179.631 162.142 176.351 -179.424 137.831 146.405 169.882 4.5921 13.1754 -10.8353 176.326 -171.056 -165.006 21.3299 5.21715 1.20909 42.1359 13.69 5.23443 6.36234 13.4808 -1.78402 12.7441 -3.97004 -5.04988 4.7272 -23.0284 -2.09058 179.361 176.505 179.403 177.168 -175.656 -179.079 1.05172 0.655373 -0.0197062 2.90744 0.908889 -3.42088 1.16347 -1.23422 1.15336 0.74938 -3.8156 -0.510724 179.194 -178.935 -179.979 0.839841 1.98198 0.0203079 1.13184 0.778222 1.14448
-163.242 96.0878 49.2728 0.187687 2.016 -1.45511 179.044 178.923 179.63 179.044 178.923 179.63 179.044 178.923 179.63 179.044 178.923 179.63 162.143 176.35 -179.424 137.834 146.402 169.877 4.5941 13.1791 -10.8381 176.325 -171.057 -165.011 21.328 5.21511 1.20909 42.1356 13.6897 5.23827 6.36305 13.4816 -1.78414 12.7452 -3.97106 -5.0504 4.72455 -23.0339 -2.09093 179.361 176.508 179.403 177.169 -175.656 -179.079 1.05172 0.653131 -0.0197062 2.90231 0.916865 -3.4216 1.16347 -1.23412 1.15336 0.750425 -3.81682 -0.508041 179.194 -178.934 -179.979 0.838433 1.98875 0.0189872 1.13184 0.778201 1.14448
-163.246 96.0884 49.272 0.189184 2.01611 -1.45618 179.045 178.921 179.629 179.045 178.921 179.629 179.045 178.921 179.629 179.045 178.921 179.629 162.144 176.349 -179.424 137.837 146.399 169.871 4.59614 13.1829 -10.8405 176.325 -171.059 -165.015 21.3262 5.21277 1.20909 42.1353 13.6893 5.24225 6.36381 13.4823 -1.78445 12.7464 -3.97195 -5.05091 4.72203 -23.0398 -2.09105 179.361 176.51 179.404 177.17 -175.656 -179.079 1.05172 0.650935 -0.0197062 2.89724 0.924687 -3.42235 1.16346 -1.23401 1.15336 0.751498 -3.81815 -0.505286 179.194 -178.934 -179.979 0.836868 1.99541 0.0177111 1.13184 0.778158 1.14448
-163.25 96.089 49.271 0.190668 2.01625 -1.45733 179.046 178.918 179.628 179.046 178.918 179.628 179.046 178.918 179.628 179.046 178.918 179.628 162.145 176.349 -179.424 137.842 146.396 169.865 4.59821 13.1865 -10.8425 176.325 -171.061 -165.018 21.3246 5.21012 1.20908 42.1349 13.6888 5.24638 6.36464 13.4829 -1.78495 12.7478 -3.97269 -5.05142 4.71964 -23.046 -2.0909 179.361 176.512 179.405 177.171 -175.655 -179.079 1.05172 0.648793 -0.0197062 2.89223 0.93235 -3.42314 1.16346 -1.23389 1.15336 0.752596 -3.81956 -0.502482 179.194 -178.933 -179.979 0.835137 2.00195 0.0164778 1.13184 0.77809 1.14448
-163.253 96.0896 49.27 0.192138 2.0164 -1.45854 179.048 178.916 179.627 179.048 178.916 179.627 179.048 178.916 179.627 179.048 178.916 179.627 162.146 176.349 -179.424 137.846 146.393 169.859 4.60031 13.1901 -10.8441 176.325 -171.063 -165.021 21.3231 5.20715 1.20908 42.1345 13.6882 5.25065 6.36555 13.4834 -1.78564 12.7492 -3.97326 -5.05192 4.71737 -23.0526 -2.09049 179.361 176.514 179.406 177.173 -175.655 -179.079 1.05172 0.646715 -0.0197061 2.8873 0.939848 -3.42401 1.16346 -1.23377 1.15336 0.75372 -3.82106 -0.499646 179.194 -178.933 -179.979 0.833229 2.00838 0.0152844 1.13184 0.777997 1.14448
-163.257 96.0901 49.2688 0.193594 2.01656 -1.4598 179.049 178.914 179.626 179.049 178.914 179.626 179.049 178.914 179.626 179.049 178.914 179.626 162.147 176.35 -179.424 137.852 146.39 169.852 4.60242 13.1936 -10.8454 176.325 -171.065 -165.024 21.3218 5.20387 1.20907 42.1341 13.6874 5.25505 6.36658 13.4837 -1.78653 12.7508 -3.97364 -5.05241 4.71524 -23.0595 -2.0898 179.361 176.516 179.407 177.174 -175.655 -179.079 1.05172 0.64471 -0.0197061 2.88243 0.947177 -3.42495 1.16346 -1.23363 1.15336 0.75487 -3.82263 -0.496795 179.194 -178.933 -179.979 0.831135 2.01469 0.0141279 1.13184 0.777875 1.14448
-163.261 96.0907 49.2675 0.195037 2.01673 -1.46108 179.05 178.911 179.625 179.05 178.911 179.625 179.05 178.911 179.625 179.05 178.911 179.625 162.148 176.35 -179.424 137.858 146.388 169.844 4.60453 13.197 -10.8463 176.325 -171.067 -165.026 21.3206 5.20026 1.20906 42.1336 13.6866 5.25957 6.36774 13.484 -1.78762 12.7526 -3.97382 -5.0529 4.71324 -23.0667 -2.08884 179.361 176.519 179.408 177.175 -175.654 -179.078 1.05171 0.642787 -0.0197061 2.87764 0.954335 -3.42599 1.16345 -1.2335 1.15335 0.756045 -3.82429 -0.493943 179.194 -178.932 -179.979 0.828844 2.0209 0.0130047 1.13185 0.777725 1.14448
-163.268 96.0914 49.2643 0.195026 2.01725 -1.46018 179.051 178.905 179.624 179.051 178.905 179.624 179.051 178.905 179.624 179.051 178.905 179.624 162.159 176.342 -179.424 137.88 146.371 169.801 4.63414 13.2286 -10.8442 176.473 -171.168 -165.097 21.3193 5.18356 1.20903 42.1378 13.6933 5.26804 6.37607 13.479 -1.7996 12.8206 -3.99405 -5.05761 4.70342 -23.12 -2.06792 179.375 176.495 179.402 177.181 -175.655 -179.051 1.05171 0.633234 -0.0197061 2.86779 0.966466 -3.45489 1.1632 -1.22106 1.15335 0.76087 -3.82693 -0.443807 179.194 -178.932 -179.979 0.820395 2.02998 -0.0367505 1.13218 0.761045 1.14447
-163.268 96.0914 49.2643 0.195026 2.01725 -1.46018 179.051 178.905 179.624 179.051 178.905 179.624 179.051 178.905 179.624 179.051 178.905 179.624 162.159 176.342 -179.424 137.88 146.371 169.801 4.63414 13.2286 -10.8442 176.474 -171.168 -165.097 21.3193 5.18356 1.20903 42.1378 13.6933 5.26804 6.37607 13.479 -1.7996 12.8219 -3.99405 -5.05761 4.70342 -23.12 -2.06792 179.375 176.495 179.402 177.181 -175.655 -179.051 1.05171 0.633234 -0.0197061 2.86779 0.966466 -3.45489 1.1632 -1.22106 1.15335 0.76087 -3.82693 -0.443807 179.194 -178.932 -179.979 0.820395 2.02998 -0.0367505 1.13218 0.761045 1.14447
-163.271 96.0923 49.2627 0.199058 2.01653 -1.46456 179.054 178.9 179.622 179.054 178.9 179.622 179.054 178.9 179.622 179.054 178.9 179.622 162.159 176.346 -179.424 137.885 146.372 169.795 4.63478 13.2285 -10.8445 176.474 -171.169 -165.096 21.3164 5.17879 1.20902 42.135 13.6917 5.27334 6.37577 13.4781 -1.79891 12.8235 -3.99379 -5.0578 4.70187 -23.1222 -2.06726 179.374 176.497 179.403 177.18 -175.654 -179.051 1.05171 0.634057 -0.0197061 2.86395 0.975014 -3.4546 1.1632 -1.22111 1.15335 0.75971 -3.82878 -0.441914 179.194 -178.932 -179.979 0.820544 2.03822 -0.0344219 1.13218 0.76101 1.14447
-163.275 96.0928 49.2608 0.20057 2.01664 -1.46614 179.055 178.898 179.621 179.055 178.898 179.621 179.055 178.898 179.621 179.055 178.898 179.621 162.16 176.349 -179.424 137.89 146.372 169.788 4.6354 13.2286 -10.8442 176.475 -171.17 -165.095 21.3156 5.17475 1.20901 42.1343 13.6907 5.27793 6.37696 13.4778 -1.79939 12.8255 -3.99277 -5.05839 4.70011 -23.1264 -2.06641 179.373 176.499 179.404 177.181 -175.653 -179.051 1.05171 0.633329 -0.0197061 2.85982 0.981461 -3.45487 1.1632 -1.22117 1.15335 0.760822 -3.83065 -0.440899 179.194 -178.931 -179.979 0.818425 2.04441 -0.0332779 1.13218 0.760942 1.14447
-163.279 96.0933 49.2588 0.201927 2.01714 -1.46735 179.056 178.895 179.62 179.056 178.895 179.62 179.056 178.895 179.62 179.056 178.895 179.62 162.161 176.352 -179.424 137.897 146.373 169.781 4.63584 13.2288 -10.8438 176.476 -171.171 -165.094 21.315 5.17047 1.209 42.1337 13.6896 5.28259 6.3785 13.4776 -1.80038 12.8275 -3.99152 -5.05909 4.69862 -23.1315 -2.06514 179.372 176.501 179.406 177.182 -175.651 -179.05 1.05171 0.632379 -0.0197061 2.85557 0.987612 -3.4555 1.16321 -1.22124 1.15335 0.762126 -3.83294 -0.439997 179.194 -178.931 -179.979 0.815398 2.05025 -0.0323924 1.13218 0.760834 1.14447
-163.282 96.0938 49.2567 0.20324 2.01787 -1.46842 179.057 178.892 179.618 179.057 178.892 179.618 179.057 178.892 179.618 179.057 178.892 179.618 162.163 176.356 -179.424 137.904 146.373 169.773 4.6362 13.2289 -10.8433 176.477 -171.173 -165.093 21.3145 5.16589 1.209 42.1333 13.6884 5.28737 6.38034 13.4772 -1.80176 12.8298 -3.99005 -5.05982 4.69739 -23.1373 -2.06349 179.371 176.504 179.407 177.183 -175.649 -179.05 1.05171 0.631459 -0.0197061 2.85134 0.993648 -3.45638 1.16321 -1.22132 1.15335 0.763501 -3.83557 -0.439063 179.194 -178.931 -179.979 0.811888 2.05605 -0.0316042 1.13219 0.760685 1.14447
-163.288 96.0945 49.2522 0.203502 2.02158 -1.46751 179.057 178.888 179.617 179.057 178.888 179.617 179.057 178.888 179.617 179.057 178.888 179.617 162.167 176.36 -179.424 137.92 146.372 169.756 4.63457 13.2299 -10.8419 176.477 -171.18 -165.087 21.315 5.15616 1.20898 42.1349 13.6857 5.29519 6.3877 13.4759 -1.80914 12.8344 -3.98589 -5.06127 4.69689 -23.1553 -2.05682 179.37 176.51 179.412 177.188 -175.643 -179.047 1.05171 0.629415 -0.0197061 2.8433 1.0025 -3.46117 1.16321 -1.22159 1.15335 0.767885 -3.84241 -0.437616 179.194 -178.93 -179.979 0.802147 2.06506 -0.0322258 1.1322 0.759799 1.14447
-163.288 96.0945 49.2522 0.203502 2.02158 -1.46751 179.057 178.888 179.617 179.057 178.888 179.617 179.057 178.888 179.617 179.057 178.888 179.617 162.167 176.36 -179.424 137.92 146.372 169.756 4.63457 13.2299 -10.8419 176.478 -171.18 -165.087 21.315 5.15616 1.20898 42.1349 13.6857 5.29519 6.3877 13.4759 -1.80914 12.8358 -3.98589 -5.06127 4.69689 -23.1553 -2.05682 179.37 176.51 179.412 177.188 -175.643 -179.047 1.05171 0.629415 -0.0197061 2.8433 1.0025 -3.46117 1.16321 -1.22159 1.15335 0.767885 -3.84241 -0.437616 179.194 -178.93 -179.979 0.802147 2.06506 -0.0322258 1.1322 0.759799 1.14447
-163.295 96.0956 49.2465 0.205945 2.02495 -1.4691 179.059 178.882 179.614 179.059 178.882 179.614 179.059 178.882 179.614 179.059 178.882 179.614 162.172 176.366 -179.424 137.938 146.373 169.735 4.63437 13.2291 -10.8408 176.479 -171.187 -165.08 21.3141 5.14444 1.20896 42.1354 13.6817 5.30443 6.39536 13.473 -1.81573 12.841 -3.98148 -5.06217 4.69609 -23.17 -2.04979 179.369 176.513 179.417 177.19 -175.635 -179.044 1.05171 0.629378 -0.0197061 2.83557 1.01339 -3.46644 1.16322 -1.22202 1.15335 0.770878 -3.85029 -0.434759 179.194 -178.93 -179.979 0.793358 2.0769 -0.0317603 1.13223 0.758585 1.14447
-163.295 96.0956 49.2465 0.205945 2.02495 -1.4691 179.059 178.882 179.614 179.059 178.882 179.614 179.059 178.882 179.614 179.059 178.882 179.614 162.172 176.366 -179.424 137.938 146.373 169.735 4.63437 13.2291 -10.8408 176.479 -171.187 -165.08 21.3141 5.14444 1.20896 42.1354 13.6817 5.30443 6.39536 13.473 -1.81573 12.8423 -3.98148 -5.06217 4.69609 -23.17 -2.04979 179.369 176.513 179.417 177.19 -175.635 -179.044 1.05171 0.629378 -0.0197061 2.83557 1.01339 -3.46644 1.16322 -1.22202 1.15335 0.770878 -3.85029 -0.434759 179.194 -178.93 -179.979 0.793358 2.0769 -0.0317603 1.13223 0.758585 1.14447
-163.302 96.0966 49.24 0.208152 2.02994 -1.47024 179.061 178.876 179.611 179.061 178.876 179.611 179.061 178.876 179.611 179.061 178.876 179.611 162.177 176.372 -179.424 137.956 146.375 169.714 4.63424 13.2268 -10.8396 176.48 -171.195 -165.072 21.3133 5.13286 1.20893 42.1366 13.6773 5.31326 6.40418 13.4692 -1.82262 12.8479 -3.97643 -5.06314 4.69542 -23.1832 -2.04259 179.367 176.514 179.421 177.193 -175.625 -179.039 1.05171 0.630132 -0.0197061 2.82823 1.02379 -3.47273 1.16323 -1.22263 1.15335 0.774229 -3.8602 -0.431671 179.194 -178.929 -179.979 0.783519 2.08897 -0.0315951 1.13226 0.757024 1.14447
-163.302 96.0966 49.24 0.208152 2.02994 -1.47024 179.061 178.876 179.611 179.061 178.876 179.611 179.061 178.876 179.611 179.061 178.876 179.611 162.177 176.372 -179.424 137.956 146.375 169.714 4.63424 13.2268 -10.8396 176.48 -171.195 -165.072 21.3133 5.13286 1.20893 42.1366 13.6773 5.31326 6.40418 13.4692 -1.82262 12.8492 -3.97643 -5.06314 4.69542 -23.1832 -2.04259 179.367 176.514 179.421 177.193 -175.625 -179.039 1.05171 0.630132 -0.0197061 2.82823 1.02379 -3.47273 1.16323 -1.22263 1.15335 0.774229 -3.8602 -0.431671 179.194 -178.929 -179.979 0.783519 2.08897 -0.0315951 1.13226 0.757024 1.14447
-163.309 96.0976 49.2327 0.210123 2.03692 -1.47101 179.063 178.871 179.607 179.063 178.871 179.607 179.063 178.871 179.607 179.063 178.871 179.607 162.183 176.378 -179.424 137.975 146.377 169.692 4.63379 13.2228 -10.8385 176.48 -171.204 -165.064 21.3127 5.12198 1.20891 42.1385 13.6726 5.32151 6.41396 13.4647 -1.82963 12.8551 -3.97079 -5.06429 4.69504 -23.1944 -2.03536 179.365 176.515 179.425 177.197 -175.612 -179.034 1.05171 0.631781 -0.0197061 2.82139 1.03369 -3.47987 1.16325 -1.22345 1.15335 0.777897 -3.87259 -0.428328 179.194 -178.929 -179.979 0.772702 2.10129 -0.0316675 1.1323 0.755099 1.14447
-163.309 96.0976 49.2327 0.210123 2.03692 -1.47101 179.063 178.871 179.607 179.063 178.871 179.607 179.063 178.871 179.607 179.063 178.871 179.607 162.183 176.378 -179.424 137.975 146.377 169.692 4.63379 13.2228 -10.8385 176.481 -171.204 -165.064 21.3127 5.12198 1.20891 42.1385 13.6726 5.32151 6.41396 13.4647 -1.82963 12.8564 -3.97079 -5.06429 4.69504 -23.1944 -2.03536 179.365 176.515 179.425 177.197 -175.612 -179.034 1.05171 0.631781 -0.0197061 2.82139 1.03369 -3.47987 1.16325 -1.22345 1.15335 0.777897 -3.87259 -0.428328 179.194 -178.929 -179.979 0.772702 2.10129 -0.0316675 1.1323 0.755099 1.14447
-163.317 96.0987 49.2224 0.211335 2.05189 -1.47034 179.064 178.869 179.604 179.064 178.869 179.604 179.064 178.869 179.604 179.064 178.869 179.604 162.194 176.356 -179.424 138.01 146.372 169.644 4.63157 13.1778 -10.8379 176.486 -171.251 -165.037 21.3142 5.11004 1.20889 42.139 13.6732 5.33014 6.46178 13.4077 -1.85748 12.8801 -3.96976 -5.06223 4.6993 -23.2178 -2.00202 179.361 176.495 179.414 177.202 -175.586 -178.997 1.05171 0.638118 -0.0197061 2.81483 1.04082 -3.5212 1.16351 -1.23616 1.15336 0.783379 -3.89476 -0.413936 179.194 -178.929 -179.979 0.757444 2.11586 -0.043322 1.13297 0.721689 1.14446
-163.317 96.0987 49.2224 0.211335 2.05189 -1.47034 179.064 178.869 179.604 179.064 178.869 179.604 179.064 178.869 179.604 179.064 178.869 179.604 162.194 176.356 -179.424 138.01 146.372 169.644 4.63157 13.1778 -10.8379 176.487 -171.251 -165.037 21.3142 5.11004 1.20889 42.139 13.6732 5.33014 6.46178 13.4077 -1.85748 12.8814 -3.96976 -5.06223 4.6993 -23.2178 -2.00202 179.361 176.495 179.414 177.202 -175.586 -178.997 1.05171 0.638118 -0.0197061 2.81483 1.04082 -3.5212 1.16351 -1.23616 1.15336 0.783379 -3.89476 -0.413936 179.194 -178.929 -179.979 0.757444 2.11586 -0.043322 1.13297 0.721689 1.14446
-163.323 96.0996 49.2148 0.213243 2.05961 -1.47174 179.066 178.864 179.601 179.066 178.864 179.601 179.066 178.864 179.601 179.066 178.864 179.601 162.199 176.365 -179.424 138.025 146.375 169.627 4.63187 13.1739 -10.8366 176.486 -171.254 -165.035 21.3131 5.10416 1.20888 42.1403 13.6717 5.33793 6.46623 13.4058 -1.85857 12.8848 -3.9647 -5.06421 4.69776 -23.2186 -1.99953 179.36 176.496 179.415 177.204 -175.573 -178.996 1.05171 0.638511 -0.0197061 2.81012 1.05049 -3.52334 1.16352 -1.23678 1.15336 0.786495 -3.90793 -0.411533 179.194 -178.928 -179.979 0.747992 2.12702 -0.0416464 1.13299 0.720599 1.14446
-163.323 96.0996 49.2148 0.213243 2.05961 -1.47174 179.066 178.864 179.601 179.066 178.864 179.601 179.066 178.864 179.601 179.066 178.864 179.601 162.199 176.365 -179.424 138.025 146.375 169.627 4.63187 13.1739 -10.8366 176.487 -171.254 -165.035 21.3131 5.10416 1.20888 42.1403 13.6717 5.33793 6.46623 13.4058 -1.85857 12.8861 -3.9647 -5.06421 4.69776 -23.2186 -1.99953 179.36 176.496 179.415 177.204 -175.573 -178.996 1.05171 0.638511 -0.0197061 2.81012 1.05049 -3.52334 1.16352 -1.23678 1.15336 0.786495 -3.90793 -0.411533 179.194 -178.928 -179.979 0.747992 2.12702 -0.0416464 1.13299 0.720599 1.14446
-163.329 96.1006 49.2051 0.214562 2.07287 -1.47235 179.068 178.862 179.598 179.068 178.862 179.598 179.068 178.862 179.598 179.068 178.862 179.598 162.205 176.372 -179.424 138.041 146.379 169.609 4.62956 13.1684 -10.8349 176.485 -171.26 -165.03 21.3123 5.09888 1.20887 42.1432 13.6694 5.34515 6.47266 13.4029 -1.86128 12.8899 -3.95809 -5.06683 4.69738 -23.219 -1.99554 179.358 176.496 179.418 177.208 -175.552 -178.994 1.05171 0.64041 -0.0197061 2.80482 1.06045 -3.52715 1.16354 -1.23765 1.15336 0.790983 -3.92796 -0.40879 179.194 -178.928 -179.979 0.735327 2.13968 -0.0405341 1.13302 0.719053 1.14446
-163.333 96.1011 49.1989 0.214914 2.08371 -1.47211 179.069 178.862 179.596 179.069 178.862 179.596 179.069 178.862 179.596 179.069 178.862 179.596 162.209 176.373 -179.424 138.05 146.382 169.599 4.62574 13.1628 -10.8333 176.482 -171.266 -165.027 21.3121 5.09713 1.20887 42.1461 13.6672 5.34804 6.47776 13.3992 -1.86427 12.8929 -3.95323 -5.06868 4.69852 -23.2183 -1.99162 179.357 176.495 179.419 177.211 -175.535 -178.992 1.05172 0.643595 -0.0197061 2.80173 1.06505 -3.53116 1.16356 -1.23859 1.15336 0.794062 -3.9431 -0.40688 179.194 -178.928 -179.979 0.726916 2.14712 -0.0407299 1.13305 0.717235 1.14446
-163.333 96.1011 49.1989 0.214914 2.08371 -1.47211 179.069 178.862 179.596 179.069 178.862 179.596 179.069 178.862 179.596 179.069 178.862 179.596 162.209 176.373 -179.424 138.05 146.382 169.599 4.62574 13.1628 -10.8333 176.483 -171.266 -165.027 21.3121 5.09713 1.20887 42.1461 13.6672 5.34804 6.47776 13.3992 -1.86427 12.8942 -3.95323 -5.06868 4.69852 -23.2183 -1.99162 179.357 176.495 179.419 177.211 -175.535 -178.992 1.05172 0.643595 -0.0197061 2.80173 1.06505 -3.53116 1.16356 -1.23859 1.15336 0.794062 -3.9431 -0.40688 179.194 -178.928 -179.979 0.726916 2.14712 -0.0407299 1.13305 0.717235 1.14446
-163.34 96.1021 49.1859 0.215611 2.10911 -1.47217 179.07 178.864 179.593 179.07 178.864 179.593 179.07 178.864 179.593 179.07 178.864 179.593 162.22 176.345 -179.424 138.083 146.373 169.553 4.60844 13.0951 -10.8205 176.448 -171.285 -165.009 21.3119 5.10802 1.20889 42.1475 13.6744 5.36164 6.51747 13.3329 -1.8844 12.8565 -3.93443 -5.06409 4.70441 -23.207 -1.9653 179.353 176.492 179.404 177.216 -175.496 -178.97 1.05172 0.652254 -0.0197062 2.79697 1.07182 -3.55655 1.16395 -1.25808 1.15337 0.800197 -3.97762 -0.395961 179.194 -178.929 -179.979 0.71045 2.16169 -0.0478502 1.13391 0.674159 1.14445
-163.34 96.1021 49.1859 0.215611 2.10911 -1.47217 179.07 178.864 179.593 179.07 178.864 179.593 179.07 178.864 179.593 179.07 178.864 179.593 162.22 176.345 -179.424 138.083 146.373 169.553 4.60844 13.0951 -10.8205 176.449 -171.285 -165.009 21.3119 5.10802 1.20889 42.1475 13.6744 5.36164 6.51747 13.3329 -1.8844 12.8578 -3.93443 -5.06409 4.70441 -23.207 -1.9653 179.353 176.492 179.404 177.216 -175.496 -178.97 1.05172 0.652254 -0.0197062 2.79697 1.07182 -3.55655 1.16395 -1.25808 1.15337 0.800197 -3.97762 -0.395961 179.194 -178.929 -179.979 0.71045 2.16169 -0.0478502 1.13391 0.674159 1.14445
-163.346 96.1029 49.1764 0.216859 2.12216 -1.47476 179.072 178.862 179.591 179.072 178.862 179.591 179.072 178.862 179.591 179.072 178.862 179.591 162.226 176.354 -179.424 138.096 146.377 169.538 4.60731 13.091 -10.82 176.447 -171.288 -165.007 21.3107 5.10487 1.20888 42.1503 13.6736 5.3676 6.52132 13.3322 -1.88339 12.8601 -3.92953 -5.06614 4.70355 -23.2025 -1.96341 179.352 176.491 179.406 177.22 -175.478 -178.969 1.05172 0.649281 -0.0197062 2.79357 1.08281 -3.55779 1.16396 -1.25848 1.15337 0.804297 -3.99748 -0.393112 179.194 -178.928 -179.979 0.69959 2.17219 -0.0456759 1.13393 0.673566 1.14445
-163.35 96.1033 49.1696 0.217111 2.13464 -1.47538 179.072 178.863 179.589 179.072 178.863 179.589 179.072 178.863 179.589 179.072 178.863 179.589 162.23 176.355 -179.424 138.102 146.38 169.529 4.60361 13.087 -10.8187 176.444 -171.292 -165.006 21.3102 5.10485 1.20888 42.1535 13.6727 5.36976 6.52414 13.3304 -1.88371 12.8618 -3.92552 -5.06822 4.70455 -23.1986 -1.96093 179.351 176.489 179.407 177.222 -175.462 -178.967 1.05172 0.649064 -0.0197062 2.79111 1.08906 -3.56024 1.16397 -1.25899 1.15337 0.807518 -4.01472 -0.391394 179.194 -178.928 -179.979 0.691276 2.17902 -0.0452304 1.13394 0.67265 1.14445
-163.352 96.1035 49.1663 0.217977 2.13878 -1.47763 179.073 178.861 179.588 179.073 178.861 179.588 179.073 178.861 179.588 179.073 178.861 179.588 162.232 176.358 -179.424 138.106 146.382 169.524 4.60327 13.0851 -10.8188 176.444 -171.294 -165.005 21.3097 5.10384 1.20888 42.1543 13.6721 5.37191 6.52509 13.3298 -1.88281 12.8633 -3.92419 -5.06868 4.7045 -23.1959 -1.96009 179.351 176.488 179.408 177.223 -175.456 -178.966 1.05172 0.647803 -0.0197061 2.79029 1.09261 -3.56029 1.16397 -1.25915 1.15337 0.808574 -4.02131 -0.389934 179.194 -178.928 -179.979 0.688048 2.18217 -0.0440825 1.13395 0.672374 1.14445
-163.356 96.1039 49.1576 0.217911 2.15542 -1.47812 179.074 178.863 179.587 179.074 178.863 179.587 179.074 178.863 179.587 179.074 178.863 179.587 162.238 176.359 -179.424 138.113 146.386 169.514 4.59776 13.0793 -10.8168 176.439 -171.299 -165.003 21.309 5.10496 1.20888 42.1589 13.6709 5.37426 6.52874 13.3273 -1.88296 12.8647 -3.91923 -5.07148 4.70607 -23.1896 -1.95672 179.35 176.486 179.409 177.227 -175.434 -178.963 1.05172 0.645708 -0.0197061 2.7873 1.10129 -3.56404 1.16398 -1.25989 1.15337 0.812984 -4.04413 -0.387768 179.194 -178.929 -179.979 0.67747 2.19048 -0.0439269 1.13398 0.670941 1.14445
-163.36 96.1042 49.1507 0.218196 2.16877 -1.47946 179.074 178.865 179.585 179.074 178.865 179.585 179.074 178.865 179.585 179.074 178.865 179.585 162.243 176.358 -179.424 138.118 146.389 169.505 4.59259 13.0731 -10.8149 176.435 -171.305 -165.002 21.3083 5.10698 1.20888 42.1628 13.6693 5.37607 6.53131 13.3241 -1.88273 12.8655 -3.91523 -5.07375 4.70797 -23.1826 -1.95346 179.349 176.485 179.411 177.229 -175.417 -178.96 1.05172 0.644067 -0.0197061 2.78523 1.1078 -3.5677 1.164 -1.26071 1.15337 0.816137 -4.06245 -0.385491 179.194 -178.929 -179.979 0.669575 2.19661 -0.0438376 1.13401 0.669245 1.14445
-163.363 96.1044 49.1442 0.218541 2.181 -1.48119 179.075 178.866 179.584 179.075 178.866 179.584 179.075 178.866 179.584 179.075 178.866 179.584 162.248 176.356 -179.424 138.124 146.393 169.495 4.58776 13.0666 -10.8131 176.43 -171.31 -165 21.3074 5.10924 1.20889 42.1664 13.6677 5.37832 6.53367 13.3207 -1.88211 12.866 -3.91153 -5.07578 4.70974 -23.1754 -1.95032 179.347 176.483 179.412 177.232 -175.402 -178.956 1.05171 0.64103 -0.0197061 2.78342 1.11459 -3.57147 1.16402 -1.26162 1.15337 0.819093 -4.07944 -0.383093 179.194 -178.929 -179.979 0.662341 2.20218 -0.0437493 1.13405 0.66733 1.14445
-163.366 96.1047 49.1377 0.218892 2.19291 -1.48316 179.075 178.867 179.583 179.075 178.867 179.583 179.075 178.867 179.583 179.075 178.867 179.583 162.253 176.354 -179.424 138.13 146.398 169.485 4.58301 13.0599 -10.8114 176.426 -171.314 -164.999 21.3063 5.1117 1.20889 42.1699 13.6662 5.38093 6.53593 13.3172 -1.88123 12.8661 -3.90801 -5.07771 4.71144 -23.1682 -1.94722 179.346 176.482 179.413 177.234 -175.388 -178.951 1.05171 0.636464 -0.0197061 2.7817 1.122 -3.57545 1.16404 -1.26261 1.15337 0.822021 -4.09612 -0.380628 179.194 -178.929 -179.979 0.655313 2.20745 -0.0436942 1.13409 0.665213 1.14445
-163.37 96.1048 49.1311 0.219244 2.20467 -1.48532 179.076 178.868 179.582 179.076 178.868 179.582 179.076 178.868 179.582 179.076 178.868 179.582 162.257 176.352 -179.424 138.135 146.402 169.475 4.57827 13.0532 -10.8096 176.421 -171.319 -164.998 21.3051 5.11433 1.2089 42.1734 13.6647 5.38385 6.53806 13.3136 -1.88013 12.8658 -3.90466 -5.07955 4.71311 -23.161 -1.94408 179.345 176.482 179.414 177.236 -175.375 -178.946 1.05171 0.630401 -0.0197061 2.78005 1.13006 -3.5797 1.16406 -1.26367 1.15337 0.82494 -4.11267 -0.378124 179.194 -178.929 -179.979 0.648421 2.21249 -0.0436698 1.13414 0.662912 1.14445
-163.373 96.1049 49.1246 0.219594 2.21629 -1.48765 179.077 178.869 179.581 179.077 178.869 179.581 179.077 178.869 179.581 179.077 178.869 179.581 162.262 176.349 -179.424 138.14 146.405 169.465 4.57353 13.0466 -10.8077 176.416 -171.323 -164.997 21.3036 5.11708 1.2089 42.177 13.6633 5.38707 6.54003 13.3099 -1.87881 12.8652 -3.90144 -5.08132 4.71474 -23.1539 -1.94089 179.343 176.481 179.415 177.239 -175.363 -178.941 1.05171 0.622821 -0.0197061 2.77847 1.13879 -3.58425 1.16408 -1.26481 1.15337 0.82785 -4.12912 -0.375607 179.194 -178.929 -179.979 0.64167 2.21731 -0.0436672 1.13419 0.660441 1.14445
-163.376 96.105 49.118 0.219942 2.2277 -1.49013 179.077 178.869 179.58 179.077 178.869 179.58 179.077 178.869 179.58 179.077 178.869 179.58 162.266 176.346 -179.424 138.146 146.409 169.454 4.56881 13.0401 -10.8059 176.411 -171.328 -164.996 21.3019 5.11987 1.20891 42.1806 13.6621 5.39061 6.54183 13.3061 -1.87728 12.8642 -3.89836 -5.08299 4.71631 -23.1469 -1.93764 179.342 176.481 179.416 177.241 -175.351 -178.935 1.05171 0.613667 -0.019706 2.77694 1.14821 -3.58913 1.16411 -1.26601 1.15337 0.830743 -4.1454 -0.3731 179.194 -178.929 -179.979 0.635077 2.22193 -0.0436745 1.13424 0.657815 1.14445
-163.379 96.1051 49.1114 0.220284 2.23888 -1.49272 179.078 178.87 179.579 179.078 178.87 179.579 179.078 178.87 179.579 179.078 178.87 179.579 162.271 176.343 -179.424 138.151 146.412 169.443 4.56415 13.0339 -10.8041 176.406 -171.332 -164.996 21.3 5.12264 1.20891 42.1843 13.661 5.39448 6.54345 13.3023 -1.87554 12.8628 -3.89542 -5.08458 4.71777 -23.1402 -1.93436 179.341 176.481 179.417 177.243 -175.341 -178.928 1.0517 0.602876 -0.019706 2.77548 1.15836 -3.59436 1.16413 -1.26728 1.15337 0.833613 -4.16145 -0.370631 179.194 -178.929 -179.979 0.628661 2.22636 -0.043678 1.1343 0.655051 1.14445
-163.382 96.1051 49.1047 0.220617 2.24975 -1.4954 179.079 178.87 179.579 179.079 178.87 179.579 179.079 178.87 179.579 179.079 178.87 179.579 162.275 176.341 -179.424 138.156 146.416 169.432 4.55957 13.0279 -10.8023 176.401 -171.335 -164.995 21.2977 5.1253 1.20892 42.1881 13.66 5.39871 6.54488 13.2985 -1.8736 12.8612 -3.89261 -5.08606 4.71909 -23.1338 -1.93104 179.339 176.482 179.418 177.245 -175.332 -178.921 1.0517 0.59039 -0.0197059 2.77408 1.16926 -3.59998 1.16416 -1.26861 1.15337 0.836455 -4.17724 -0.368226 179.194 -178.93 -179.979 0.622439 2.23062 -0.0436616 1.13435 0.652163 1.14444
-163.385 96.1051 49.0981 0.220935 2.26029 -1.49813 179.079 178.871 179.578 179.079 178.871 179.578 179.079 178.871 179.578 179.079 178.871 179.578 162.279 176.338 -179.424 138.16 146.418 169.421 4.55512 13.0223 -10.8005 176.396 -171.339 -164.995 21.2952 5.12779 1.20892 42.1918 13.6593 5.40333 6.54615 13.2947 -1.87147 12.8592 -3.88994 -5.08742 4.72022 -23.1279 -1.9277 179.338 176.482 179.419 177.248 -175.323 -178.914 1.05169 0.576169 -0.0197059 2.77273 1.18094 -3.60602 1.16419 -1.27 1.15337 0.839262 -4.19269 -0.365916 179.194 -178.93 -179.979 0.61643 2.23475 -0.0436067 1.13441 0.649167 1.14444
-163.388 96.105 49.0914 0.221234 2.27045 -1.50087 179.08 178.871 179.577 179.08 178.871 179.577 179.08 178.871 179.577 179.08 178.871 179.577 162.283 176.335 -179.424 138.165 146.42 169.409 4.55082 13.0172 -10.7989 176.392 -171.342 -164.995 21.2923 5.13005 1.20893 42.1956 13.6586 5.40836 6.54726 13.2908 -1.86916 12.8569 -3.88741 -5.08867 4.72114 -23.1226 -1.92438 179.337 176.483 179.42 177.25 -175.316 -178.905 1.05169 0.560195 -0.0197058 2.77145 1.19341 -3.6125 1.16422 -1.27144 1.15337 0.84203 -4.20778 -0.363729 179.194 -178.93 -179.979 0.610649 2.23877 -0.0434921 1.13448 0.646079 1.14444
-163.391 96.105 49.0847 0.221507 2.28022 -1.50358 179.081 178.871 179.576 179.081 178.871 179.576 179.081 178.871 179.576 179.081 178.871 179.576 162.287 176.332 -179.424 138.17 146.422 169.397 4.5467 13.0124 -10.7973 176.387 -171.345 -164.995 21.2891 5.13202 1.20893 42.1993 13.6582 5.41381 6.54823 13.2869 -1.86669 12.8543 -3.88501 -5.08979 4.7218 -23.1179 -1.92108 179.336 176.484 179.421 177.252 -175.311 -178.897 1.05168 0.542473 -0.0197058 2.77023 1.20668 -3.61943 1.16425 -1.27295 1.15337 0.844753 -4.22247 -0.361699 179.194 -178.93 -179.979 0.605109 2.24272 -0.043294 1.13454 0.642914 1.14444
-163.394 96.1049 49.0779 0.221748 2.28956 -1.50622 179.082 178.87 179.575 179.082 178.87 179.575 179.082 178.87 179.575 179.082 178.87 179.575 162.291 176.33 -179.424 138.174 146.424 169.385 4.5428 13.0082 -10.7958 176.383 -171.348 -164.995 21.2855 5.13366 1.20893 42.2031 13.6579 5.41969 6.54909 13.2831 -1.86407 12.8514 -3.88277 -5.09078 4.72216 -23.114 -1.91783 179.334 176.486 179.422 177.254 -175.306 -178.888 1.05167 0.523032 -0.0197057 2.76907 1.22073 -3.62682 1.16428 -1.2745 1.15337 0.847428 -4.23675 -0.359858 179.194 -178.93 -179.979 0.599823 2.24664 -0.0429865 1.1346 0.639688 1.14444
-163.397 96.1048 49.0711 0.221951 2.29848 -1.50875 179.083 178.87 179.574 179.083 178.87 179.574 179.083 178.87 179.574 179.083 178.87 179.574 162.295 176.328 -179.424 138.178 146.425 169.372 4.53912 13.0045 -10.7946 176.379 -171.35 -164.995 21.2816 5.13491 1.20894 42.2068 13.6578 5.42602 6.54985 13.2793 -1.86132 12.8483 -3.88068 -5.09163 4.72219 -23.1109 -1.91465 179.333 176.487 179.423 177.256 -175.303 -178.878 1.05167 0.501931 -0.0197056 2.76797 1.23555 -3.63469 1.16431 -1.27611 1.15337 0.850052 -4.2506 -0.358241 179.194 -178.93 -179.979 0.594802 2.25057 -0.0425416 1.13467 0.636415 1.14444
-163.399 96.1046 49.0643 0.222109 2.30697 -1.51114 179.084 178.869 179.573 179.084 178.869 179.573 179.084 178.869 179.573 179.084 178.869 179.573 162.299 176.326 -179.424 138.182 146.425 169.359 4.53569 13.0013 -10.7935 176.375 -171.353 -164.996 21.2774 5.13574 1.20894 42.2105 13.6579 5.4328 6.55055 13.2755 -1.85846 12.8449 -3.87874 -5.09233 4.72186 -23.1086 -1.91157 179.332 176.489 179.425 177.258 -175.3 -178.869 1.05166 0.479254 -0.0197056 2.76693 1.25109 -3.64302 1.16434 -1.27776 1.15337 0.852623 -4.26402 -0.356883 179.194 -178.93 -179.979 0.590054 2.25454 -0.04193 1.13473 0.633109 1.14444
-163.402 96.1045 49.0574 0.222217 2.31505 -1.51335 179.085 178.868 179.572 179.085 178.868 179.572 179.085 178.868 179.572 179.085 178.868 179.572 162.302 176.325 -179.424 138.186 146.425 169.346 4.53253 12.9987 -10.7926 176.371 -171.354 -164.996 21.2727 5.13612 1.20894 42.2141 13.6582 5.44001 6.55122 13.2718 -1.8555 12.8413 -3.87698 -5.09289 4.72114 -23.1073 -1.9086 179.331 176.491 179.426 177.26 -175.299 -178.859 1.05165 0.455113 -0.0197055 2.76594 1.26732 -3.65179 1.16438 -1.27946 1.15338 0.855137 -4.27703 -0.355821 179.194 -178.93 -179.979 0.585586 2.25861 -0.0411215 1.1348 0.629783 1.14444
-163.404 96.1044 49.0504 0.222269 2.32272 -1.51534 179.087 178.867 179.571 179.087 178.867 179.571 179.087 178.867 179.571 179.087 178.867 179.571 162.305 176.324 -179.424 138.19 146.424 169.333 4.52965 12.9965 -10.7919 176.367 -171.356 -164.997 21.2677 5.13603 1.20894 42.2177 13.6586 5.44765 6.55188 13.2681 -1.85245 12.8375 -3.87538 -5.09331 4.72001 -23.1068 -1.90579 179.33 176.493 179.427 177.262 -175.299 -178.848 1.05164 0.429645 -0.0197054 2.76501 1.28418 -3.66098 1.16441 -1.28118 1.15338 0.857594 -4.28964 -0.35509 179.194 -178.93 -179.979 0.581403 2.26279 -0.0400861 1.13487 0.626449 1.14444
-163.407 96.1042 49.0434 0.22226 2.33003 -1.51708 179.088 178.865 179.57 179.088 178.865 179.57 179.088 178.865 179.57 179.088 178.865 179.57 162.308 176.323 -179.424 138.194 146.422 169.32 4.52705 12.9949 -10.7915 176.364 -171.358 -164.997 21.2623 5.13544 1.20894 42.2212 13.6592 5.4557 6.55256 13.2644 -1.84935 12.8334 -3.87396 -5.09358 4.71843 -23.1073 -1.90313 179.329 176.495 179.428 177.263 -175.299 -178.838 1.05163 0.403012 -0.0197054 2.76413 1.30159 -3.67054 1.16445 -1.28294 1.15338 0.859992 -4.30188 -0.354727 179.194 -178.93 -179.979 0.577506 2.26712 -0.0387944 1.13493 0.62312 1.14444
-163.409 96.1041 49.0362 0.222186 2.33699 -1.51855 179.089 178.863 179.568 179.089 178.863 179.568 179.089 178.863 179.568 179.089 178.863 179.568 162.311 176.323 -179.424 138.198 146.42 169.306 4.52473 12.9937 -10.7913 176.361 -171.359 -164.998 21.2565 5.13437 1.20894 42.2246 13.66 5.46413 6.55329 13.2609 -1.8462 12.8292 -3.87273 -5.09371 4.7164 -23.1088 -1.90066 179.329 176.497 179.428 177.265 -175.3 -178.827 1.05162 0.375397 -0.0197053 2.76329 1.31946 -3.68042 1.16448 -1.28471 1.15338 0.862332 -4.31379 -0.354767 179.194 -178.93 -179.979 0.573896 2.27162 -0.0372186 1.135 0.619805 1.14444
-163.412 96.1039 49.029 0.222044 2.34365 -1.51973 179.091 178.861 179.567 179.091 178.861 179.567 179.091 178.861 179.567 179.091 178.861 179.567 162.313 176.323 -179.424 138.201 146.418 169.292 4.52269 12.993 -10.7914 176.358 -171.36 -164.999 21.2503 5.13279 1.20893 42.2279 13.6609 5.47292 6.55409 13.2574 -1.84303 12.8248 -3.87168 -5.0937 4.7139 -23.1111 -1.89838 179.328 176.499 179.429 177.267 -175.302 -178.817 1.05161 0.347001 -0.0197053 2.7625 1.33771 -3.69056 1.16452 -1.28649 1.15338 0.864614 -4.3254 -0.355242 179.194 -178.929 -179.979 0.570572 2.27632 -0.0353334 1.13507 0.616513 1.14444
-163.414 96.1038 49.0217 0.221831 2.35005 -1.52059 179.092 178.859 179.566 179.092 178.859 179.566 179.092 178.859 179.566 179.092 178.859 179.566 162.315 176.324 -179.424 138.205 146.414 169.278 4.52093 12.9927 -10.7918 176.355 -171.36 -165 21.2438 5.13072 1.20893 42.2311 13.662 5.48201 6.55499 13.254 -1.83986 12.8203 -3.87083 -5.09355 4.71092 -23.1142 -1.89633 179.327 176.502 179.43 177.269 -175.304 -178.806 1.0516 0.318039 -0.0197052 2.76173 1.35624 -3.70089 1.16456 -1.28826 1.15338 0.866838 -4.33677 -0.356185 179.194 -178.929 -179.979 0.567529 2.28122 -0.0331166 1.13513 0.613252 1.14444
-163.416 96.1036 49.0142 0.221545 2.35624 -1.52113 179.094 178.857 179.564 179.094 178.857 179.564 179.094 178.857 179.564 179.094 178.857 179.564 162.317 176.325 -179.424 138.208 146.411 169.264 4.51944 12.9927 -10.7924 176.352 -171.361 -165.001 21.2368 5.12817 1.20892 42.2342 13.6633 5.49137 6.55601 13.2507 -1.83669 12.8156 -3.87017 -5.09328 4.70745 -23.1182 -1.8945 179.327 176.504 179.431 177.271 -175.307 -178.796 1.05159 0.288738 -0.0197051 2.761 1.37493 -3.71132 1.16459 -1.29003 1.15338 0.869005 -4.34795 -0.357624 179.194 -178.929 -179.979 0.564761 2.28633 -0.0305496 1.1352 0.61003 1.14444
-163.418 96.1035 49.0066 0.221187 2.36228 -1.52134 179.096 178.854 179.563 179.096 178.854 179.563 179.096 178.854 179.563 179.096 178.854 179.563 162.318 176.326 -179.424 138.211 146.406 169.25 4.51821 12.9929 -10.7933 176.35 -171.361 -165.002 21.2295 5.12516 1.20892 42.2373 13.6647 5.50095 6.55717 13.2476 -1.83354 12.8108 -3.86972 -5.09288 4.70348 -23.1229 -1.89291 179.326 176.506 179.432 177.272 -175.309 -178.785 1.05158 0.259327 -0.0197051 2.76029 1.39369 -3.72177 1.16463 -1.29176 1.15338 0.871117 -4.35898 -0.359583 179.194 -178.929 -179.979 0.56226 2.29164 -0.0276188 1.13526 0.60685 1.14443
-163.42 96.1034 48.9989 0.220757 2.3682 -1.52121 179.098 178.852 179.561 179.098 178.852 179.561 179.098 178.852 179.561 179.098 178.852 179.561 162.319 176.328 -179.424 138.214 146.401 169.236 4.51721 12.9934 -10.7945 176.348 -171.362 -165.002 21.2218 5.1217 1.20891 42.2404 13.6663 5.5107 6.55847 13.2445 -1.83043 12.8058 -3.86947 -5.09237 4.69903 -23.1282 -1.89156 179.326 176.507 179.432 177.274 -175.312 -178.776 1.05157 0.230038 -0.019705 2.7596 1.4124 -3.73215 1.16466 -1.29345 1.15338 0.873177 -4.36994 -0.362083 179.194 -178.929 -179.979 0.560014 2.29714 -0.0243151 1.13532 0.603718 1.14443
-163.422 96.1032 48.9911 0.220256 2.37408 -1.52075 179.1 178.849 179.559 179.1 178.849 179.559 179.1 178.849 179.559 179.1 178.849 179.559 162.32 176.33 -179.424 138.217 146.396 169.222 4.51644 12.994 -10.7959 176.346 -171.362 -165.003 21.2137 5.11784 1.2089 42.2433 13.668 5.52057 6.55994 13.2417 -1.82738 12.8008 -3.86942 -5.09175 4.69408 -23.134 -1.89046 179.325 176.509 179.433 177.276 -175.314 -178.766 1.05156 0.201097 -0.019705 2.75892 1.43094 -3.74235 1.16469 -1.29509 1.15338 0.875187 -4.38087 -0.365139 179.194 -178.928 -179.979 0.558012 2.30281 -0.0206347 1.13538 0.600637 1.14443
-163.424 96.1031 48.9831 0.219686 2.37996 -1.51997 179.102 178.847 179.557 179.102 178.847 179.557 179.102 178.847 179.557 179.102 178.847 179.557 162.32 176.333 -179.424 138.22 146.391 169.209 4.51587 12.9946 -10.7976 176.344 -171.362 -165.004 21.2052 5.11358 1.2089 42.2463 13.6699 5.53049 6.56157 13.2389 -1.82438 12.7956 -3.86957 -5.09103 4.68864 -23.1403 -1.88961 179.325 176.511 179.434 177.277 -175.316 -178.758 1.05155 0.172721 -0.019705 2.75825 1.44922 -3.75227 1.16472 -1.29665 1.15338 0.877149 -4.39184 -0.368759 179.194 -178.928 -179.979 0.556238 2.30863 -0.0165791 1.13544 0.597607 1.14443
-163.426 96.103 48.975 0.21905 2.38589 -1.51887 179.104 178.844 179.556 179.104 178.844 179.556 179.104 178.844 179.556 179.104 178.844 179.556 162.32 176.335 -179.424 138.223 146.384 169.195 4.51547 12.9951 -10.7994 176.343 -171.361 -165.004 21.1964 5.10898 1.20889 42.2492 13.6719 5.54041 6.56338 13.2364 -1.82145 12.7904 -3.86992 -5.09021 4.68272 -23.1469 -1.88901 179.325 176.512 179.434 177.279 -175.317 -178.749 1.05154 0.145112 -0.019705 2.75758 1.46714 -3.76182 1.16475 -1.29813 1.15338 0.879068 -4.40289 -0.372946 179.194 -178.928 -179.979 0.554678 2.31456 -0.0121555 1.1355 0.59463 1.14443
-163.427 96.1028 48.9667 0.218352 2.39192 -1.51749 179.107 178.841 179.554 179.107 178.841 179.554 179.107 178.841 179.554 179.107 178.841 179.554 162.32 176.338 -179.424 138.225 146.378 169.182 4.51523 12.9956 -10.8015 176.341 -171.361 -165.004 21.1872 5.10407 1.20888 42.2522 13.6739 5.55027 6.56537 13.234 -1.8186 12.7851 -3.87046 -5.08932 4.67632 -23.1537 -1.88865 179.324 176.513 179.434 177.281 -175.318 -178.742 1.05153 0.118455 -0.0197049 2.75692 1.48461 -3.77091 1.16478 -1.29952 1.15338 0.880948 -4.41407 -0.377694 179.194 -178.928 -179.979 0.553312 2.32057 -0.00737555 1.13556 0.591705 1.14443
-163.429 96.1027 48.9584 0.217595 2.39809 -1.51583 179.109 178.839 179.552 179.109 178.839 179.552 179.109 178.839 179.552 179.109 178.839 179.552 162.319 176.341 -179.424 138.227 146.371 169.169 4.51512 12.9958 -10.8037 176.34 -171.36 -165.004 21.1777 5.09889 1.20887 42.2552 13.6761 5.56002 6.56752 13.2317 -1.81583 12.7798 -3.87118 -5.08835 4.66945 -23.1606 -1.88852 179.324 176.514 179.435 177.282 -175.318 -178.735 1.05153 0.0929118 -0.0197049 2.75626 1.50154 -3.77944 1.16481 -1.3008 1.15338 0.882792 -4.42543 -0.38299 179.194 -178.927 -179.979 0.552123 2.32662 -0.00225643 1.13562 0.588831 1.14443
-163.43 96.1025 48.9498 0.216784 2.40444 -1.51394 179.112 178.837 179.55 179.112 178.837 179.55 179.112 178.837 179.55 179.112 178.837 179.55 162.318 176.345 -179.424 138.229 146.365 169.156 4.51511 12.9958 -10.8061 176.339 -171.36 -165.004 21.1678 5.09348 1.20886 42.2582 13.6784 5.5696 6.56985 13.2297 -1.81315 12.7744 -3.87207 -5.08732 4.66212 -23.1675 -1.88862 179.324 176.514 179.435 177.284 -175.317 -178.729 1.05152 0.068622 -0.0197049 2.7556 1.51786 -3.78733 1.16483 -1.30195 1.15339 0.884606 -4.437 -0.388812 179.194 -178.927 -179.979 0.551092 2.33267 0.00317995 1.13568 0.586005 1.14443
-163.431 96.1023 48.9412 0.215924 2.41099 -1.51183 179.114 178.834 179.548 179.114 178.834 179.548 179.114 178.834 179.548 179.114 178.834 179.548 162.317 176.348 -179.424 138.23 146.358 169.144 4.51519 12.9955 -10.8086 176.339 -171.359 -165.004 21.1576 5.08787 1.20885 42.2613 13.6807 5.57896 6.57233 13.2278 -1.81054 12.7689 -3.87313 -5.08623 4.65435 -23.1742 -1.88892 179.323 176.515 179.436 177.286 -175.315 -178.724 1.05151 0.0456972 -0.0197049 2.75495 1.53352 -3.79451 1.16485 -1.30298 1.15339 0.886394 -4.44882 -0.395129 179.194 -178.927 -179.979 0.550198 2.33868 0.00890861 1.13573 0.583225 1.14443
-163.433 96.1022 48.9324 0.215019 2.41777 -1.50956 179.117 178.832 179.546 179.117 178.832 179.546 179.117 178.832 179.546 179.117 178.832 179.546 162.315 176.352 -179.424 138.232 146.35 169.132 4.51532 12.9947 -10.8112 176.338 -171.358 -165.003 21.1471 5.08212 1.20884 42.2645 13.6831 5.58806 6.57497 13.2261 -1.80802 12.7634 -3.87433 -5.08511 4.64614 -23.1807 -1.88941 179.323 176.515 179.436 177.287 -175.313 -178.72 1.0515 0.0242217 -0.0197049 2.7543 1.54847 -3.8009 1.16487 -1.30387 1.15339 0.888161 -4.46091 -0.401901 179.194 -178.926 -179.979 0.549423 2.3446 0.0149007 1.13579 0.580488 1.14443
-163.434 96.102 48.9235 0.214076 2.42479 -1.50715 179.12 178.83 179.544 179.12 178.83 179.544 179.12 178.83 179.544 179.12 178.83 179.544 162.313 176.355 -179.424 138.232 146.343 169.12 4.5155 12.9936 -10.8138 176.338 -171.357 -165.002 21.1363 5.07626 1.20883 42.2679 13.6855 5.59686 6.57775 13.2246 -1.80559 12.7578 -3.87565 -5.08395 4.63751 -23.1869 -1.89007 179.323 176.514 179.436 177.289 -175.309 -178.717 1.0515 0.00425157 -0.0197049 2.75366 1.56269 -3.80647 1.16489 -1.30461 1.15339 0.889913 -4.47327 -0.409082 179.194 -178.926 -179.979 0.548747 2.35041 0.0211254 1.13584 0.57779 1.14443
-163.435 96.1018 48.9145 0.213098 2.43206 -1.50465 179.123 178.828 179.542 179.123 178.828 179.542 179.123 178.828 179.542 179.123 178.828 179.542 162.31 176.359 -179.424 138.233 146.336 169.109 4.5157 12.992 -10.8166 176.338 -171.356 -165.001 21.1252 5.07033 1.20882 42.2713 13.6879 5.60532 6.58066 13.2233 -1.80323 12.7523 -3.87709 -5.08276 4.62846 -23.1926 -1.89089 179.323 176.514 179.436 177.291 -175.304 -178.715 1.05149 -0.0141846 -0.0197049 2.75302 1.57614 -3.81118 1.1649 -1.30519 1.15339 0.891653 -4.48592 -0.416614 179.194 -178.926 -179.979 0.54815 2.35607 0.0275492 1.13589 0.575127 1.14443
-163.436 96.1015 48.9055 0.212092 2.43956 -1.5021 179.125 178.827 179.54 179.125 178.827 179.54 179.125 178.827 179.54 179.125 178.827 179.54 162.308 176.362 -179.424 138.234 146.329 169.099 4.51592 12.9899 -10.8194 176.339 -171.355 -165 21.1139 5.06437 1.2088 42.2749 13.6903 5.61341 6.58368 13.2221 -1.80095 12.7467 -3.87861 -5.08156 4.61902 -23.1979 -1.89182 179.322 176.513 179.437 177.292 -175.298 -178.713 1.05148 -0.0310847 -0.0197049 2.75241 1.58882 -3.81498 1.16491 -1.30563 1.15339 0.893387 -4.49885 -0.424433 179.194 -178.925 -179.979 0.547617 2.36155 0.0341376 1.13595 0.572496 1.14443
-163.437 96.1013 48.8963 0.211063 2.44729 -1.49957 179.128 178.825 179.538 179.128 178.825 179.538 179.128 178.825 179.538 179.128 178.825 179.538 162.305 176.366 -179.424 138.234 146.322 169.089 4.51614 12.9873 -10.8222 176.339 -171.354 -164.998 21.1024 5.05841 1.20879 42.2786 13.6927 5.62112 6.58681 13.221 -1.79873 12.7411 -3.8802 -5.08036 4.60921 -23.2026 -1.89286 179.322 176.512 179.437 177.294 -175.291 -178.713 1.05148 -0.0464716 -0.0197049 2.75181 1.60073 -3.81788 1.16491 -1.30591 1.15339 0.89512 -4.51203 -0.432468 179.194 -178.925 -179.979 0.547129 2.36683 0.0408552 1.136 0.569892 1.14443
-163.438 96.101 48.8871 0.210017 2.45523 -1.49708 179.131 178.824 179.536 179.131 178.824 179.536 179.131 178.824 179.536 179.131 178.824 179.536 162.301 176.369 -179.424 138.233 146.315 169.079 4.51635 12.9842 -10.825 176.34 -171.353 -164.996 21.0907 5.05248 1.20878 42.2825 13.695 5.62842 6.59003 13.2201 -1.79659 12.7354 -3.88183 -5.07916 4.59903 -23.2066 -1.89397 179.321 176.511 179.437 177.296 -175.284 -178.713 1.05147 -0.06039 -0.0197049 2.75124 1.6119 -3.81988 1.16491 -1.30603 1.15339 0.896855 -4.52545 -0.440643 179.194 -178.925 -179.979 0.546673 2.37189 0.0476664 1.13605 0.567313 1.14443
-163.439 96.1008 48.8779 0.20896 2.46333 -1.49471 179.134 178.823 179.534 179.134 178.823 179.534 179.134 178.823 179.534 179.134 178.823 179.534 162.298 176.373 -179.424 138.233 146.308 169.07 4.51657 12.9807 -10.8279 176.342 -171.352 -164.994 21.0788 5.0466 1.20877 42.2865 13.6972 5.63532 6.59333 13.2193 -1.79451 12.7298 -3.88348 -5.07798 4.58851 -23.21 -1.89513 179.321 176.51 179.438 177.297 -175.275 -178.714 1.05147 -0.0729046 -0.0197049 2.7507 1.62233 -3.82098 1.16491 -1.306 1.15339 0.898596 -4.53907 -0.448874 179.194 -178.925 -179.979 0.546236 2.37672 0.0545359 1.1361 0.564756 1.14443
-163.44 96.1005 48.8686 0.207896 2.47156 -1.49248 179.137 178.822 179.532 179.137 178.822 179.532 179.137 178.822 179.532 179.137 178.822 179.532 162.294 176.376 -179.424 138.232 146.301 169.062 4.51679 12.9768 -10.8307 176.343 -171.35 -164.992 21.0668 5.04081 1.20876 42.2907 13.6993 5.6418 6.5967 13.2186 -1.79249 12.7242 -3.88513 -5.07681 4.57767 -23.2127 -1.8963 179.321 176.508 179.438 177.299 -175.266 -178.716 1.05146 -0.0840964 -0.0197049 2.75019 1.63206 -3.82122 1.16491 -1.30583 1.15339 0.900346 -4.55284 -0.457078 179.194 -178.924 -179.979 0.545805 2.38131 0.0614292 1.13615 0.562217 1.14443
-163.441 96.1002 48.8594 0.206834 2.47988 -1.49047 179.14 178.821 179.531 179.14 178.821 179.531 179.14 178.821 179.531 179.14 178.821 179.531 162.29 176.38 -179.424 138.231 146.295 169.054 4.51702 12.9724 -10.8337 176.345 -171.349 -164.989 21.0548 5.03511 1.20875 42.295 13.7012 5.64788 6.60012 13.2179 -1.79054 12.7185 -3.88675 -5.07567 4.56654 -23.2147 -1.89745 179.32 176.506 179.438 177.301 -175.256 -178.718 1.05146 -0.0940593 -0.0197049 2.74973 1.64112 -3.82062 1.1649 -1.30551 1.15339 0.902107 -4.56672 -0.465167 179.194 -178.924 -179.979 0.545371 2.38567 0.0683124 1.1362 0.559694 1.14443
-163.442 96.0998 48.848 0.205514 2.49492 -1.48785 179.145 178.822 179.529 179.145 178.822 179.529 179.145 178.822 179.529 179.145 178.822 179.529 162.287 176.394 -179.424 138.246 146.16 169.033 4.51168 12.8504 -10.8083 176.344 -171.338 -164.985 21.03 5.02205 1.20873 42.303 13.7655 5.65768 6.64635 13.1172 -1.81338 12.4461 -3.8287 -5.03609 4.53186 -23.2261 -1.86924 179.34 176.493 179.404 177.303 -175.236 -178.735 1.05146 -0.100088 -0.0197049 2.7488 1.65068 -3.80705 1.16473 -1.29679 1.15338 0.904722 -4.58904 -0.512984 179.194 -178.924 -179.979 0.541939 2.3916 0.114895 1.13718 0.510532 1.14442
-163.443 96.0996 48.8438 0.204979 2.49325 -1.48805 179.147 178.82 179.528 179.147 178.82 179.528 179.147 178.82 179.528 179.147 178.82 179.528 162.283 176.397 -179.424 138.243 146.161 169.028 4.51137 12.8496 -10.8111 176.345 -171.338 -164.985 21.0265 5.01846 1.20872 42.3016 13.7646 5.66198 6.64651 13.1169 -1.81081 12.4474 -3.82878 -5.03546 4.53031 -23.2243 -1.86938 179.339 176.492 179.404 177.304 -175.238 -178.735 1.05146 -0.104635 -0.0197049 2.74875 1.65254 -3.80623 1.16473 -1.29676 1.15338 0.905387 -4.58963 -0.513016 179.194 -178.923 -179.979 0.542867 2.39219 0.115304 1.13718 0.510526 1.14442
-163.444 96.0992 48.8323 0.203648 2.50337 -1.48616 179.15 178.819 179.527 179.15 178.819 179.527 179.15 178.819 179.527 179.15 178.819 179.527 162.279 176.401 -179.424 138.241 146.161 169.02 4.51123 12.848 -10.8158 176.348 -171.337 -164.984 21.0144 5.01199 1.20871 42.3039 13.764 5.66939 6.65109 13.1186 -1.80677 12.4483 -3.82959 -5.03511 4.51959 -23.2247 -1.8716 179.335 176.492 179.406 177.306 -175.225 -178.737 1.05145 -0.116222 -0.0197049 2.74825 1.66391 -3.80549 1.16472 -1.29649 1.15338 0.907663 -4.60677 -0.515297 179.194 -178.923 -179.979 0.542833 2.39718 0.116264 1.13719 0.510374 1.14442
-163.445 96.0988 48.8228 0.202642 2.51249 -1.48529 179.153 178.819 179.526 179.153 178.819 179.526 179.153 178.819 179.526 179.153 178.819 179.526 162.275 176.404 -179.424 138.238 146.161 169.014 4.51128 12.8468 -10.8196 176.351 -171.335 -164.982 21.0029 5.00727 1.2087 42.3078 13.7634 5.674 6.65484 13.1201 -1.80428 12.4485 -3.83159 -5.03509 4.50924 -23.224 -1.87323 179.332 176.492 179.408 177.308 -175.213 -178.74 1.05145 -0.123214 -0.0197049 2.74798 1.67154 -3.80357 1.16471 -1.29608 1.15338 0.909506 -4.62177 -0.517703 179.194 -178.923 -179.979 0.542347 2.40097 0.11829 1.13719 0.510102 1.14442
-163.447 96.0985 48.8137 0.201684 2.5206 -1.48494 179.156 178.819 179.525 179.156 178.819 179.525 179.156 178.819 179.525 179.156 178.819 179.525 162.271 176.406 -179.424 138.236 146.161 169.008 4.5117 12.8455 -10.8236 176.355 -171.334 -164.98 20.9915 5.00264 1.20869 42.3122 13.7626 5.6782 6.65822 13.1214 -1.80208 12.4484 -3.83386 -5.03506 4.49858 -23.2221 -1.87459 179.329 176.49 179.41 177.31 -175.202 -178.743 1.05145 -0.128814 -0.0197049 2.74778 1.67798 -3.8008 1.1647 -1.29556 1.15338 0.911304 -4.63553 -0.520268 179.194 -178.923 -179.979 0.541913 2.40436 0.120918 1.1372 0.509726 1.14442
-163.448 96.0981 48.8048 0.200766 2.52821 -1.48504 179.158 178.819 179.524 179.158 178.819 179.524 179.158 178.819 179.524 179.158 178.819 179.524 162.266 176.408 -179.424 138.233 146.16 169.003 4.5124 12.8442 -10.8277 176.36 -171.332 -164.977 20.9801 4.99805 1.20868 42.3168 13.7616 5.68217 6.6615 13.1226 -1.8001 12.4482 -3.83611 -5.03503 4.48753 -23.2198 -1.87577 179.326 176.489 179.412 177.311 -175.191 -178.747 1.05145 -0.133743 -0.0197049 2.74762 1.68389 -3.79736 1.16469 -1.29493 1.15338 0.9131 -4.64876 -0.522846 179.194 -178.923 -179.979 0.541453 2.40755 0.123958 1.13721 0.509258 1.14442
-163.449 96.0978 48.796 0.199896 2.53543 -1.48559 179.161 178.819 179.524 179.161 178.819 179.524 179.161 178.819 179.524 179.161 178.819 179.524 162.262 176.41 -179.424 138.23 146.159 168.997 4.51335 12.8429 -10.832 176.365 -171.33 -164.975 20.9687 4.99352 1.20867 42.3217 13.7605 5.68592 6.66471 13.1238 -1.79829 12.4478 -3.83823 -5.035 4.47614 -23.217 -1.87675 179.324 176.487 179.414 177.313 -175.181 -178.75 1.05145 -0.138192 -0.0197049 2.7475 1.68941 -3.79334 1.16468 -1.29422 1.15338 0.9149 -4.66157 -0.525287 179.194 -178.923 -179.979 0.540934 2.4106 0.127279 1.13722 0.508706 1.14442
-163.45 96.0975 48.7874 0.199079 2.54221 -1.4866 179.164 178.819 179.523 179.164 178.819 179.523 179.164 178.819 179.523 179.164 178.819 179.523 162.257 176.412 -179.424 138.227 146.159 168.992 4.51455 12.8418 -10.8364 176.371 -171.328 -164.972 20.9574 4.98904 1.20866 42.3267 13.7591 5.68948 6.66789 13.125 -1.79665 12.4474 -3.84017 -5.03498 4.46448 -23.2139 -1.87751 179.322 176.485 179.416 177.315 -175.171 -178.754 1.05145 -0.142257 -0.019705 2.74741 1.69459 -3.78884 1.16466 -1.29344 1.15338 0.9167 -4.67393 -0.527466 179.194 -178.923 -179.979 0.540348 2.41353 0.13077 1.13723 0.508078 1.14442
-163.451 96.0971 48.7789 0.198324 2.54852 -1.48807 179.167 178.818 179.523 179.167 178.818 179.523 179.167 178.818 179.523 179.167 178.818 179.523 162.253 176.414 -179.424 138.224 146.158 168.986 4.516 12.841 -10.8411 176.377 -171.326 -164.969 20.9463 4.98461 1.20866 42.3317 13.7576 5.69289 6.67105 13.1261 -1.79515 12.4469 -3.84191 -5.03496 4.45261 -23.2104 -1.87801 179.32 176.483 179.419 177.317 -175.161 -178.757 1.05144 -0.146016 -0.019705 2.74735 1.69947 -3.78395 1.16464 -1.2926 1.15338 0.918494 -4.6858 -0.529282 179.194 -178.923 -179.979 0.539688 2.41636 0.134336 1.13725 0.507383 1.14442
-163.453 96.0968 48.7705 0.197638 2.55431 -1.49001 179.169 178.818 179.523 179.169 178.818 179.523 179.169 178.818 179.523 179.169 178.818 179.523 162.249 176.415 -179.424 138.221 146.157 168.98 4.51774 12.8404 -10.8459 176.383 -171.324 -164.966 20.9354 4.98022 1.20865 42.3369 13.7558 5.69618 6.67419 13.127 -1.79381 12.4462 -3.84345 -5.03495 4.4406 -23.2067 -1.87824 179.318 176.481 179.421 177.319 -175.152 -178.761 1.05144 -0.149537 -0.019705 2.74732 1.70407 -3.77874 1.16463 -1.29171 1.15338 0.920275 -4.69713 -0.530655 179.194 -178.923 -179.979 0.53895 2.41909 0.137891 1.13726 0.506629 1.14442
-163.454 96.0965 48.7623 0.197029 2.55953 -1.49239 179.172 178.818 179.523 179.172 178.818 179.523 179.172 178.818 179.523 179.172 178.818 179.523 162.244 176.417 -179.424 138.219 146.157 168.975 4.51975 12.8403 -10.8509 176.391 -171.321 -164.963 20.9247 4.97586 1.20864 42.342 13.7538 5.69937 6.67734 13.128 -1.79264 12.4456 -3.84478 -5.03496 4.42849 -23.2028 -1.87816 179.317 176.479 179.424 177.32 -175.143 -178.764 1.05144 -0.152883 -0.019705 2.74731 1.70841 -3.77327 1.16461 -1.2908 1.15338 0.922037 -4.70786 -0.531524 179.194 -178.923 -179.979 0.538129 2.42172 0.141358 1.13728 0.505824 1.14442
-163.455 96.0962 48.7543 0.196504 2.56414 -1.49521 179.175 178.818 179.524 179.175 178.818 179.524 179.175 178.818 179.524 179.175 178.818 179.524 162.24 176.419 -179.424 138.216 146.156 168.969 4.52205 12.8405 -10.8562 176.398 -171.319 -164.961 20.9142 4.9715 1.20863 42.3472 13.7516 5.70251 6.6805 13.1288 -1.79163 12.4448 -3.8459 -5.03497 4.41633 -23.1988 -1.87778 179.315 176.477 179.426 177.322 -175.136 -178.767 1.05144 -0.156102 -0.019705 2.74732 1.71253 -3.76759 1.16459 -1.28988 1.15338 0.923772 -4.71794 -0.531845 179.194 -178.923 -179.979 0.537219 2.42426 0.144669 1.13729 0.504978 1.14442
-163.457 96.0959 48.7464 0.19607 2.56812 -1.49843 179.177 178.817 179.524 179.177 178.817 179.524 179.177 178.817 179.524 179.177 178.817 179.524 162.237 176.421 -179.424 138.214 146.155 168.963 4.52464 12.8413 -10.8616 176.406 -171.316 -164.958 20.904 4.96715 1.20862 42.3523 13.7492 5.70562 6.68368 13.1295 -1.7908 12.444 -3.8468 -5.03499 4.40415 -23.1946 -1.87707 179.314 176.475 179.429 177.324 -175.129 -178.77 1.05144 -0.159238 -0.019705 2.74732 1.71645 -3.76175 1.16457 -1.28896 1.15338 0.925473 -4.72735 -0.531593 179.194 -178.923 -179.979 0.536212 2.42671 0.147762 1.13731 0.504099 1.14441
-163.458 96.0956 48.7387 0.195732 2.57143 -1.50203 179.179 178.816 179.525 179.179 178.816 179.525 179.179 178.816 179.525 179.179 178.816 179.525 162.233 176.423 -179.424 138.211 146.155 168.957 4.52753 12.8426 -10.8673 176.415 -171.313 -164.955 20.894 4.96278 1.20862 42.3575 13.7466 5.70873 6.68688 13.1302 -1.79016 12.4432 -3.84751 -5.03502 4.39198 -23.1904 -1.87604 179.312 176.473 179.432 177.326 -175.122 -178.773 1.05144 -0.162323 -0.019705 2.74733 1.72018 -3.75579 1.16455 -1.28807 1.15338 0.927134 -4.73605 -0.530754 179.194 -178.923 -179.979 0.535102 2.42904 0.150581 1.13733 0.503195 1.14441
-163.459 96.0954 48.7344 0.195934 2.56877 -1.50646 179.181 178.814 179.526 179.181 178.814 179.526 179.181 178.814 179.526 179.181 178.814 179.526 162.229 176.425 -179.424 138.209 146.155 168.953 4.52841 12.8427 -10.8708 176.418 -171.312 -164.955 20.8897 4.96002 1.20861 42.358 13.7454 5.71138 6.6877 13.1301 -1.78893 12.444 -3.84761 -5.03476 4.38789 -23.1874 -1.87559 179.311 176.472 179.433 177.326 -175.124 -178.772 1.05144 -0.164424 -0.019705 2.74769 1.72086 -3.75243 1.16455 -1.28785 1.15338 0.927704 -4.73645 -0.528977 179.194 -178.922 -179.979 0.535053 2.42911 0.152685 1.13733 0.502976 1.14441
-163.462 96.0951 48.7243 0.195445 2.57388 -1.51045 179.184 178.814 179.527 179.184 178.814 179.527 179.184 178.814 179.527 179.184 178.814 179.527 162.226 176.428 -179.424 138.208 146.154 168.945 4.53279 12.8453 -10.8783 176.428 -171.308 -164.951 20.8772 4.95407 1.2086 42.3648 13.7421 5.71595 6.69258 13.1311 -1.78828 12.4431 -3.84792 -5.03496 4.3716 -23.1828 -1.87432 179.308 176.469 179.437 177.329 -175.116 -178.775 1.05144 -0.169479 -0.019705 2.74745 1.72703 -3.74599 1.16453 -1.28702 1.15338 0.930118 -4.74865 -0.526882 179.194 -178.922 -179.979 0.533002 2.43285 0.154886 1.13735 0.502037 1.14441
-163.463 96.0948 48.7166 0.19538 2.57665 -1.51476 179.186 178.813 179.527 179.186 178.813 179.527 179.186 178.813 179.527 179.186 178.813 179.527 162.223 176.43 -179.424 138.206 146.153 168.939 4.53695 12.8488 -10.8849 176.438 -171.304 -164.948 20.8667 4.94958 1.20859 42.3712 13.7387 5.71885 6.69635 13.1316 -1.78862 12.4419 -3.84837 -5.03516 4.35816 -23.1787 -1.87218 179.306 176.467 179.44 177.33 -175.11 -178.777 1.05143 -0.172254 -0.019705 2.74733 1.73063 -3.7396 1.16452 -1.28625 1.15338 0.931755 -4.75697 -0.524403 179.194 -178.923 -179.979 0.531214 2.43518 0.156581 1.13737 0.501078 1.14441
-163.464 96.0947 48.7125 0.195902 2.57308 -1.51979 179.187 178.811 179.529 179.187 178.811 179.529 179.187 178.811 179.529 179.187 178.811 179.529 162.219 176.432 -179.424 138.204 146.153 168.934 4.53822 12.8494 -10.8887 176.442 -171.302 -164.948 20.8626 4.94692 1.20859 42.372 13.7373 5.72134 6.69727 13.1315 -1.78774 12.4427 -3.84836 -5.03496 4.35382 -23.1756 -1.87143 179.305 176.465 179.441 177.331 -175.113 -178.776 1.05143 -0.174005 -0.019705 2.74766 1.73104 -3.73592 1.16451 -1.28607 1.15338 0.932147 -4.75649 -0.522103 179.194 -178.922 -179.979 0.530844 2.43502 0.158463 1.13738 0.500849 1.14441
-163.467 96.0943 48.703 0.195761 2.57574 -1.52449 179.189 178.81 179.53 179.189 178.81 179.53 179.189 178.81 179.53 179.189 178.81 179.53 162.217 176.435 -179.424 138.203 146.152 168.925 4.54382 12.8543 -10.8972 176.454 -171.297 -164.944 20.8506 4.94072 1.20858 42.3793 13.7333 5.72619 6.70221 13.1321 -1.78804 12.4416 -3.84821 -5.03522 4.33729 -23.1711 -1.86898 179.303 176.463 179.446 177.333 -175.107 -178.778 1.05143 -0.178775 -0.019705 2.74721 1.73656 -3.72895 1.1645 -1.28546 1.15338 0.934396 -4.76596 -0.518231 179.194 -178.923 -179.979 0.528258 2.43822 0.159275 1.1374 0.499894 1.14441
-163.468 96.0942 48.6988 0.196488 2.57189 -1.52967 179.191 178.808 179.531 179.191 178.808 179.531 179.191 178.808 179.531 179.191 178.808 179.531 162.214 176.437 -179.424 138.201 146.152 168.921 4.54535 12.8553 -10.9012 176.457 -171.295 -164.943 20.8464 4.93806 1.20857 42.3804 13.7318 5.72867 6.70333 13.1321 -1.78742 12.4423 -3.84809 -5.03509 4.33256 -23.1681 -1.86806 179.301 176.461 179.447 177.334 -175.11 -178.777 1.05143 -0.180496 -0.019705 2.74746 1.73707 -3.72513 1.1645 -1.28533 1.15338 0.934702 -4.76528 -0.515674 179.194 -178.922 -179.979 0.527568 2.43797 0.160826 1.1374 0.499666 1.14441
-163.471 96.0938 48.6875 0.196222 2.57953 -1.53369 179.194 178.808 179.532 179.194 178.808 179.532 179.194 178.808 179.532 179.194 178.808 179.532 162.209 176.44 -179.424 138.192 146.185 168.921 4.55711 12.9188 -10.926 176.626 -171.329 -164.963 20.8235 4.93477 1.20857 42.4038 13.6988 5.73176 6.72233 13.1328 -1.79988 12.3426 -3.82537 -5.02352 4.28725 -23.1628 -1.8152 179.327 176.455 179.405 177.336 -175.096 -178.805 1.05143 -0.180926 -0.019705 2.74538 1.74325 -3.69336 1.16434 -1.27736 1.15337 0.937433 -4.78097 -0.497885 179.194 -178.923 -179.979 0.523637 2.44232 0.14702 1.13777 0.481227 1.14441
-163.471 96.0938 48.6875 0.196222 2.57953 -1.53369 179.194 178.808 179.532 179.194 178.808 179.532 179.194 178.808 179.532 179.194 178.808 179.532 162.209 176.44 -179.424 138.192 146.185 168.921 4.55711 12.9188 -10.926 176.626 -171.329 -164.963 20.8235 4.93477 1.20857 42.4038 13.6988 5.73176 6.72233 13.1328 -1.79988 12.3438 -3.82537 -5.02352 4.28725 -23.1628 -1.8152 179.327 176.455 179.405 177.336 -175.096 -178.805 1.05143 -0.180926 -0.019705 2.74538 1.74325 -3.69336 1.16434 -1.27736 1.15337 0.937433 -4.78097 -0.497885 179.194 -178.923 -179.979 0.523637 2.44232 0.14702 1.13777 0.481227 1.14441
-163.474 96.0934 48.6764 0.197792 2.56954 -1.5445 179.196 178.802 179.535 179.196 178.802 179.535 179.196 178.802 179.535 179.196 178.802 179.535 162.205 176.448 -179.424 138.191 146.186 168.907 4.56104 12.9201 -10.9362 176.631 -171.325 -164.963 20.8141 4.92659 1.20855 42.4055 13.6959 5.74084 6.72589 13.1331 -1.79749 12.3453 -3.82349 -5.02347 4.27497 -23.1562 -1.81461 179.321 176.451 179.409 177.338 -175.104 -178.801 1.05143 -0.188127 -0.019705 2.74522 1.74733 -3.68617 1.16434 -1.27761 1.15337 0.93888 -4.77915 -0.491812 179.194 -178.923 -179.979 0.520861 2.44258 0.149549 1.13777 0.481233 1.14441
-163.475 96.0932 48.6724 0.198947 2.56418 -1.54963 179.197 178.8 179.537 179.197 178.8 179.537 179.197 178.8 179.537 179.197 178.8 179.537 162.202 176.45 -179.424 138.191 146.186 168.902 4.56231 12.9206 -10.94 176.633 -171.323 -164.963 20.8108 4.92396 1.20855 42.406 13.6948 5.74374 6.72692 13.1331 -1.79671 12.3466 -3.82299 -5.02342 4.27106 -23.1537 -1.81417 179.319 176.45 179.41 177.338 -175.108 -178.799 1.05143 -0.190127 -0.019705 2.7453 1.74799 -3.68297 1.16434 -1.27772 1.15337 0.938923 -4.77689 -0.48937 179.194 -178.923 -179.979 0.519782 2.44185 0.150709 1.13777 0.481244 1.14441
-163.478 96.0929 48.6635 0.199479 2.56262 -1.55415 179.199 178.797 179.538 179.199 178.797 179.538 179.199 178.797 179.538 179.199 178.797 179.538 162.2 176.455 -179.424 138.192 146.185 168.892 4.56782 12.9252 -10.9486 176.64 -171.317 -164.961 20.801 4.91738 1.20853 42.4118 13.6918 5.75038 6.73149 13.1337 -1.79737 12.3475 -3.82166 -5.02414 4.25722 -23.1513 -1.81231 179.314 176.448 179.415 177.34 -175.108 -178.799 1.05143 -0.19588 -0.019705 2.74423 1.75364 -3.67807 1.16435 -1.27824 1.15337 0.940828 -4.78159 -0.483973 179.194 -178.923 -179.979 0.516183 2.44384 0.149041 1.13777 0.481241 1.14441
-163.479 96.0927 48.6597 0.200845 2.55688 -1.55906 179.2 178.795 179.539 179.2 178.795 179.539 179.2 178.795 179.539 179.2 178.795 179.539 162.198 176.457 -179.424 138.192 146.184 168.887 4.56949 12.9263 -10.9525 176.643 -171.315 -164.961 20.7975 4.91493 1.20853 42.4128 13.6906 5.75305 6.73257 13.1337 -1.79699 12.3488 -3.82125 -5.02414 4.25305 -23.1489 -1.81158 179.312 176.447 179.417 177.34 -175.112 -178.797 1.05143 -0.197392 -0.019705 2.74422 1.75406 -3.67467 1.16436 -1.27842 1.15337 0.940678 -4.77882 -0.481329 179.194 -178.922 -179.979 0.514993 2.44284 0.149602 1.13777 0.481254 1.14441
-163.482 96.0924 48.651 0.201568 2.55415 -1.56318 179.201 178.792 179.541 179.201 178.792 179.541 179.201 178.792 179.541 179.201 178.792 179.541 162.197 176.462 -179.424 138.194 146.182 168.876 4.57619 12.9326 -10.9617 176.651 -171.308 -164.958 20.7873 4.90837 1.20852 42.4197 13.687 5.75995 6.73707 13.134 -1.79854 12.3494 -3.82001 -5.02489 4.23839 -23.1467 -1.80904 179.308 176.445 179.422 177.341 -175.113 -178.798 1.05142 -0.202437 -0.019705 2.74291 1.75926 -3.66885 1.16437 -1.27926 1.15338 0.942404 -4.78208 -0.474711 179.194 -178.923 -179.979 0.511394 2.44437 0.146124 1.13777 0.481271 1.14441
-163.484 96.0922 48.6472 0.203096 2.54792 -1.56773 179.202 178.789 179.542 179.202 178.789 179.542 179.202 178.789 179.542 179.202 178.789 179.542 162.194 176.465 -179.424 138.194 146.181 168.872 4.57814 12.9341 -10.9658 176.654 -171.305 -164.958 20.7838 4.906 1.20851 42.4209 13.6858 5.76267 6.73816 13.1339 -1.79837 12.3506 -3.81955 -5.02491 4.23401 -23.1445 -1.80824 179.307 176.443 179.423 177.341 -175.118 -178.797 1.05142 -0.203767 -0.019705 2.7428 1.75963 -3.66528 1.16438 -1.27952 1.15338 0.942111 -4.77873 -0.47191 179.194 -178.922 -179.979 0.510179 2.44321 0.146108 1.13777 0.481291 1.14441
-163.487 96.0918 48.6388 0.203957 2.54416 -1.57126 179.203 178.786 179.543 179.203 178.786 179.543 179.203 178.786 179.543 179.203 178.786 179.543 162.193 176.47 -179.424 138.196 146.178 168.861 4.58558 12.9416 -10.9753 176.664 -171.297 -164.954 20.7737 4.89956 1.2085 42.4282 13.6819 5.77015 6.74253 13.1341 -1.80041 12.3511 -3.8181 -5.02568 4.21882 -23.1429 -1.80554 179.304 176.442 179.428 177.342 -175.119 -178.799 1.05142 -0.208596 -0.019705 2.74124 1.76476 -3.65871 1.1644 -1.28069 1.15338 0.943718 -4.78073 -0.464244 179.194 -178.922 -179.979 0.506667 2.44447 0.140906 1.13777 0.481346 1.14441
-163.488 96.0917 48.635 0.205606 2.5375 -1.57534 179.204 178.784 179.545 179.204 178.784 179.545 179.204 178.784 179.545 179.204 178.784 179.545 162.191 176.473 -179.424 138.196 146.177 168.857 4.58772 12.9434 -10.9795 176.667 -171.294 -164.954 20.7702 4.89731 1.2085 42.4295 13.6807 5.77296 6.7436 13.134 -1.80036 12.3523 -3.81755 -5.02573 4.2143 -23.1408 -1.80477 179.303 176.44 179.43 177.342 -175.125 -178.798 1.05142 -0.209815 -0.019705 2.74104 1.76515 -3.65506 1.16441 -1.28104 1.15338 0.943306 -4.77686 -0.461315 179.194 -178.922 -179.979 0.505497 2.44325 0.140353 1.13777 0.481378 1.14441
-163.491 96.0913 48.6266 0.206553 2.5329 -1.57814 179.205 178.78 179.546 179.205 178.78 179.546 179.205 178.78 179.546 179.205 178.78 179.546 162.19 176.479 -179.424 138.2 146.173 168.846 4.59568 12.9516 -10.9893 176.676 -171.285 -164.95 20.7603 4.89112 1.20849 42.4367 13.6767 5.78109 6.74777 13.1341 -1.80262 12.3526 -3.81579 -5.02654 4.19879 -23.14 -1.8022 179.301 176.439 179.434 177.343 -175.126 -178.802 1.05142 -0.214489 -0.019705 2.73926 1.77029 -3.64787 1.16444 -1.28255 1.15338 0.94483 -4.77782 -0.452747 179.194 -178.922 -179.979 0.502174 2.4444 0.133564 1.13776 0.481491 1.14441
-163.493 96.0911 48.6229 0.208277 2.52589 -1.58167 179.206 178.777 179.547 179.206 178.777 179.547 179.206 178.777 179.547 179.206 178.777 179.547 162.188 176.481 -179.424 138.2 146.172 168.842 4.59796 12.9535 -10.9934 176.679 -171.282 -164.95 20.757 4.889 1.20848 42.438 13.6755 5.78401 6.7488 13.1341 -1.80264 12.3537 -3.81514 -5.02662 4.19418 -23.1381 -1.80152 179.3 176.437 179.436 177.343 -175.132 -178.801 1.05142 -0.21561 -0.019705 2.73898 1.77069 -3.6442 1.16445 -1.28298 1.15338 0.944326 -4.77351 -0.449709 179.194 -178.922 -179.979 0.501121 2.44324 0.132531 1.13776 0.481538 1.14441
-163.497 96.0908 48.613 0.208923 2.52434 -1.58284 179.208 178.774 179.547 179.208 178.774 179.547 179.208 178.774 179.547 179.208 178.774 179.547 162.187 176.502 -179.424 138.19 146.181 168.847 4.63308 13.0355 -11.0244 176.672 -171.24 -164.917 20.7367 4.88955 1.20848 42.4579 13.6534 5.7986 6.76208 13.1274 -1.81684 12.2889 -3.79698 -5.0185 4.1521 -23.1452 -1.7569 179.326 176.428 179.399 177.345 -175.129 -178.836 1.05142 -0.217298 -0.019705 2.73526 1.77732 -3.60695 1.16505 -1.31299 1.15339 0.94608 -4.77818 -0.395629 179.194 -178.923 -179.979 0.498847 2.44542 0.0786214 1.13772 0.483447 1.14441
-163.497 96.0908 48.613 0.208923 2.52434 -1.58284 179.208 178.774 179.547 179.208 178.774 179.547 179.208 178.774 179.547 179.208 178.774 179.547 162.187 176.502 -179.424 138.19 146.181 168.847 4.63308 13.0355 -11.0244 176.673 -171.24 -164.917 20.7367 4.88955 1.20848 42.4579 13.6534 5.7986 6.76208 13.1274 -1.81684 12.2902 -3.79698 -5.0185 4.1521 -23.1452 -1.7569 179.326 176.428 179.399 177.345 -175.129 -178.836 1.05142 -0.217298 -0.019705 2.73526 1.77732 -3.60695 1.16505 -1.31299 1.15339 0.94608 -4.77818 -0.395629 179.194 -178.923 -179.979 0.498847 2.44542 0.0786214 1.13772 0.483447 1.14441
-163.501 96.0903 48.6025 0.211974 2.50769 -1.58763 179.209 178.767 179.55 179.209 178.767 179.55 179.209 178.767 179.55 179.209 178.767 179.55 162.184 176.51 -179.424 138.193 146.181 168.833 4.63814 13.0361 -11.0345 176.675 -171.236 -164.918 20.7301 4.88231 1.20847 42.4588 13.6515 5.80917 6.76497 13.128 -1.81496 12.2919 -3.79414 -5.01937 4.14017 -23.1409 -1.75801 179.321 176.426 179.402 177.345 -175.142 -178.835 1.05142 -0.222495 -0.019705 2.73381 1.78097 -3.6011 1.16507 -1.31364 1.15339 0.946258 -4.76834 -0.391729 179.194 -178.922 -179.979 0.49636 2.44466 0.077552 1.13772 0.483646 1.14441
-163.503 96.0901 48.5986 0.213687 2.49997 -1.5898 179.209 178.764 179.55 179.209 178.764 179.55 179.209 178.764 179.55 179.209 178.764 179.55 162.182 176.513 -179.424 138.194 146.181 168.828 4.63979 13.0363 -11.0382 176.677 -171.234 -164.918 20.7277 4.88017 1.20847 42.459 13.6509 5.81236 6.76581 13.1281 -1.81442 12.2933 -3.79327 -5.01966 4.13635 -23.1393 -1.75822 179.32 176.425 179.403 177.345 -175.148 -178.835 1.05142 -0.223767 -0.019705 2.73347 1.78155 -3.59868 1.16507 -1.31387 1.15339 0.94573 -4.76323 -0.390186 179.194 -178.922 -179.979 0.495628 2.44402 0.0773578 1.13772 0.483719 1.14441
-163.507 96.0897 48.5901 0.214545 2.49389 -1.58971 179.21 178.759 179.551 179.21 178.759 179.551 179.21 178.759 179.551 179.21 178.759 179.551 162.182 176.52 -179.424 138.199 146.178 168.818 4.64618 13.0392 -11.0472 176.679 -171.228 -164.919 20.7208 4.87411 1.20846 42.4626 13.6492 5.82197 6.76904 13.1289 -1.815 12.2947 -3.79058 -5.02134 4.12389 -23.1404 -1.75866 179.317 176.425 179.406 177.346 -175.151 -178.838 1.05142 -0.228268 -0.019705 2.73148 1.78687 -3.5945 1.16509 -1.31494 1.15339 0.94738 -4.76234 -0.385518 179.194 -178.922 -179.979 0.492929 2.44602 0.0725253 1.13771 0.484023 1.14441
-163.509 96.0896 48.5862 0.21622 2.48615 -1.59117 179.211 178.756 179.552 179.211 178.756 179.552 179.211 178.756 179.552 179.211 178.756 179.552 162.18 176.522 -179.424 138.2 146.178 168.814 4.64824 13.0398 -11.051 176.68 -171.225 -164.92 20.7182 4.87218 1.20845 42.463 13.6486 5.82506 6.7698 13.129 -1.81477 12.296 -3.78975 -5.02171 4.11994 -23.1392 -1.75879 179.316 176.424 179.406 177.346 -175.157 -178.838 1.05142 -0.229092 -0.019705 2.73118 1.7872 -3.59209 1.1651 -1.31527 1.15339 0.946796 -4.75712 -0.383634 179.194 -178.922 -179.979 0.492428 2.44572 0.0717434 1.13771 0.484125 1.14441
-163.512 96.0892 48.5776 0.216968 2.47991 -1.59003 179.211 178.752 179.552 179.211 178.752 179.552 179.211 178.752 179.552 179.211 178.752 179.552 162.18 176.53 -179.424 138.205 146.173 168.804 4.65604 13.0435 -11.0605 176.682 -171.218 -164.921 20.7112 4.8663 1.20844 42.4671 13.6469 5.8351 6.77266 13.1296 -1.81582 12.2971 -3.78708 -5.02348 4.10691 -23.141 -1.75918 179.314 176.424 179.409 177.348 -175.159 -178.843 1.05141 -0.23244 -0.0197051 2.72923 1.79198 -3.58733 1.16513 -1.31675 1.15339 0.948481 -4.75595 -0.377737 179.194 -178.922 -179.979 0.490145 2.4482 0.065066 1.1377 0.484554 1.14441
-163.514 96.0891 48.5737 0.218554 2.472 -1.59071 179.212 178.749 179.552 179.212 178.749 179.552 179.212 178.749 179.552 179.212 178.749 179.552 162.178 176.532 -179.424 138.205 146.172 168.8 4.65843 13.0443 -11.0644 176.683 -171.216 -164.922 20.7085 4.86442 1.20844 42.4675 13.6463 5.83827 6.7733 13.1297 -1.8157 12.2983 -3.78623 -5.02388 4.10284 -23.1401 -1.75936 179.313 176.423 179.41 177.347 -175.165 -178.844 1.05141 -0.232974 -0.0197051 2.72895 1.79217 -3.58504 1.16514 -1.31717 1.15339 0.947913 -4.75051 -0.375679 179.194 -178.922 -179.979 0.489876 2.44828 0.0638038 1.1377 0.484688 1.14441
-163.518 96.0888 48.5649 0.219142 2.46562 -1.58842 179.212 178.744 179.552 179.212 178.744 179.552 179.212 178.744 179.552 179.212 178.744 179.552 162.177 176.541 -179.424 138.211 146.167 168.792 4.66729 13.0483 -11.0742 176.683 -171.208 -164.925 20.7017 4.85855 1.20843 42.4715 13.6448 5.84877 6.77579 13.1303 -1.81691 12.2992 -3.78345 -5.02572 4.08956 -23.1428 -1.76 179.312 176.423 179.413 177.349 -175.167 -178.85 1.05141 -0.235368 -0.0197051 2.72704 1.79658 -3.58011 1.16518 -1.31902 1.15339 0.949713 -4.74912 -0.369108 179.194 -178.922 -179.979 0.487894 2.45129 0.0557373 1.13769 0.485254 1.14441
-163.52 96.0886 48.5609 0.220619 2.45754 -1.58829 179.213 178.741 179.553 179.213 178.741 179.553 179.213 178.741 179.553 179.213 178.741 179.553 162.176 176.544 -179.424 138.211 146.166 168.788 4.66993 13.0491 -11.0781 176.684 -171.206 -164.926 20.6992 4.85669 1.20842 42.4717 13.6443 5.852 6.77632 13.1303 -1.81686 12.3004 -3.78259 -5.02616 4.08546 -23.1422 -1.76027 179.311 176.422 179.413 177.349 -175.173 -178.851 1.05141 -0.235611 -0.0197051 2.72679 1.79662 -3.57805 1.16519 -1.31953 1.15339 0.949186 -4.74347 -0.367027 179.194 -178.922 -179.979 0.487803 2.45175 0.0540953 1.13769 0.485425 1.14441
-163.525 96.0883 48.5519 0.221031 2.45106 -1.58482 179.213 178.737 179.553 179.213 178.737 179.553 179.213 178.737 179.553 179.213 178.737 179.553 162.175 176.554 -179.424 138.216 146.16 168.78 4.67959 13.0531 -11.088 176.682 -171.198 -164.93 20.6928 4.85067 1.20841 42.4753 13.6432 5.86285 6.77846 13.131 -1.81809 12.3011 -3.77971 -5.02804 4.07224 -23.1458 -1.76119 179.311 176.422 179.415 177.351 -175.174 -178.858 1.05141 -0.236979 -0.0197051 2.72493 1.80061 -3.57329 1.16523 -1.32171 1.15339 0.951129 -4.74192 -0.360292 179.194 -178.921 -179.979 0.48599 2.45526 0.0450726 1.13767 0.486136 1.14441
-163.527 96.0882 48.5478 0.222392 2.44282 -1.58389 179.214 178.733 179.553 179.214 178.733 179.553 179.214 178.733 179.553 179.214 178.733 179.553 162.173 176.557 -179.424 138.216 146.159 168.777 4.68241 13.0539 -11.092 176.682 -171.196 -164.931 20.6904 4.84877 1.20841 42.4754 13.6428 5.86609 6.77888 13.1311 -1.81808 12.3023 -3.77884 -5.02851 4.06821 -23.1454 -1.76155 179.31 176.421 179.416 177.351 -175.18 -178.86 1.05141 -0.236894 -0.0197051 2.72472 1.80049 -3.57155 1.16524 -1.32231 1.15339 0.950658 -4.73606 -0.358339 179.194 -178.921 -179.979 0.486005 2.45602 0.0431333 1.13767 0.486344 1.14441
-163.532 96.0879 48.5369 0.222273 2.43999 -1.57812 179.215 178.729 179.552 179.215 178.729 179.552 179.215 178.729 179.552 179.215 178.729 179.552 162.174 176.605 -179.424 138.207 146.081 168.793 4.73851 13.0713 -11.1101 176.454 -171.09 -164.87 20.6762 4.84325 1.2084 42.4852 13.6539 5.88546 6.78492 13.1132 -1.82787 12.2495 -3.76127 -5.02265 4.0347 -23.1663 -1.73465 179.336 176.407 179.389 177.354 -175.173 -178.899 1.05141 -0.23219 -0.0197051 2.72104 1.8044 -3.53748 1.16611 -1.36546 1.15342 0.95319 -4.73899 -0.31035 179.194 -178.921 -179.979 0.484615 2.46107 -0.00926101 1.13738 0.500742 1.14441
-163.533 96.0878 48.5335 0.22369 2.43036 -1.57688 179.215 178.725 179.552 179.215 178.725 179.552 179.215 178.725 179.552 179.215 178.725 179.552 162.173 176.607 -179.424 138.208 146.082 168.789 4.73972 13.0707 -11.1128 176.454 -171.089 -164.871 20.6749 4.84166 1.2084 42.4841 13.6536 5.88768 6.78504 13.1132 -1.82722 12.2509 -3.76079 -5.02285 4.03243 -23.1644 -1.73525 179.335 176.407 179.389 177.353 -175.181 -178.899 1.05141 -0.232051 -0.0197051 2.72117 1.80359 -3.53718 1.16611 -1.36554 1.15342 0.952405 -4.73128 -0.310372 179.194 -178.922 -179.979 0.485154 2.4615 -0.00931598 1.13738 0.500793 1.14441
-163.538 96.0874 48.5249 0.223905 2.42155 -1.57156 179.216 178.72 179.552 179.216 178.72 179.552 179.216 178.72 179.552 179.216 178.72 179.552 162.173 176.616 -179.424 138.212 146.082 168.781 4.74495 13.0702 -11.1204 176.453 -171.087 -164.875 20.6723 4.83472 1.20838 42.4838 13.653 5.89705 6.78683 13.1141 -1.82637 12.2526 -3.75858 -5.02447 4.02407 -23.166 -1.73768 179.332 176.407 179.39 177.355 -175.184 -178.903 1.05141 -0.232872 -0.0197051 2.7199 1.8066 -3.53801 1.16612 -1.36606 1.15342 0.954346 -4.72675 -0.31107 179.194 -178.921 -179.979 0.483791 2.465 -0.0123444 1.13737 0.501078 1.14441
-163.54 96.0873 48.5207 0.225072 2.4127 -1.56912 179.216 178.717 179.552 179.216 178.717 179.552 179.216 178.717 179.552 179.216 178.717 179.552 162.171 176.618 -179.424 138.213 146.082 168.778 4.74679 13.0699 -11.1238 176.453 -171.086 -164.877 20.6707 4.83256 1.20838 42.4831 13.6528 5.89988 6.7872 13.1143 -1.82608 12.2539 -3.75786 -5.02497 4.02116 -23.1654 -1.73841 179.331 176.407 179.39 177.355 -175.19 -178.904 1.05141 -0.232405 -0.0197051 2.71977 1.80622 -3.53815 1.16613 -1.36625 1.15342 0.953994 -4.72012 -0.311294 179.194 -178.921 -179.979 0.483768 2.46596 -0.0131517 1.13737 0.501185 1.14441
-163.544 96.087 48.5114 0.224997 2.40545 -1.56226 179.216 178.711 179.551 179.216 178.711 179.551 179.216 178.711 179.551 179.216 178.711 179.551 162.171 176.628 -179.424 138.218 146.08 168.771 4.75373 13.0701 -11.1326 176.45 -171.083 -164.885 20.6678 4.82466 1.20837 42.4836 13.6527 5.90973 6.78917 13.1158 -1.82619 12.2555 -3.75542 -5.02693 4.0122 -23.1697 -1.74077 179.33 176.407 179.391 177.358 -175.19 -178.909 1.05141 -0.231247 -0.0197051 2.71813 1.80898 -3.53933 1.16615 -1.36718 1.15342 0.956478 -4.71751 -0.311907 179.194 -178.921 -179.979 0.481375 2.47006 -0.0176122 1.13736 0.501647 1.14441
-163.547 96.0869 48.5071 0.226065 2.39662 -1.5591 179.217 178.708 179.551 179.217 178.708 179.551 179.217 178.708 179.551 179.217 178.708 179.551 162.169 176.631 -179.424 138.218 146.08 168.768 4.7559 13.07 -11.1361 176.449 -171.082 -164.887 20.6663 4.82234 1.20836 42.483 13.6526 5.91249 6.78949 13.116 -1.8261 12.2568 -3.75472 -5.02743 4.00933 -23.1696 -1.74146 179.329 176.407 179.391 177.358 -175.196 -178.911 1.05141 -0.230202 -0.019705 2.71793 1.80843 -3.53976 1.16615 -1.36747 1.15342 0.95624 -4.71086 -0.312346 179.194 -178.921 -179.979 0.481105 2.47101 -0.0188743 1.13736 0.501794 1.14441
-163.552 96.0866 48.4975 0.22583 2.38939 -1.55118 179.217 178.703 179.55 179.217 178.703 179.55 179.217 178.703 179.55 179.217 178.703 179.55 162.169 176.643 -179.424 138.223 146.078 168.762 4.76372 13.0706 -11.145 176.443 -171.079 -164.897 20.6637 4.81365 1.20835 42.4838 13.6529 5.9221 6.79115 13.1178 -1.82655 12.2583 -3.75239 -5.02922 4.00066 -23.175 -1.74365 179.328 176.407 179.392 177.36 -175.195 -178.916 1.05142 -0.227461 -0.019705 2.71613 1.81057 -3.5414 1.16618 -1.36877 1.15342 0.958965 -4.7082 -0.31328 179.194 -178.921 -179.979 0.478176 2.475 -0.0241183 1.13735 0.502388 1.14441
-163.554 96.0865 48.4932 0.226821 2.38038 -1.54739 179.217 178.699 179.55 179.217 178.699 179.55 179.217 178.699 179.55 179.217 178.699 179.55 162.168 176.646 -179.424 138.223 146.077 168.76 4.76602 13.0705 -11.1484 176.442 -171.078 -164.9 20.6623 4.81118 1.20834 42.4832 13.6528 5.92468 6.79138 13.1181 -1.82655 12.2596 -3.75174 -5.02966 3.99795 -23.1751 -1.74429 179.328 176.407 179.392 177.36 -175.2 -178.918 1.05142 -0.225981 -0.019705 2.71584 1.8099 -3.54214 1.16618 -1.36914 1.15342 0.95883 -4.70129 -0.31406 179.194 -178.921 -179.979 0.477641 2.47574 -0.0257284 1.13734 0.502562 1.14441
-163.559 96.0862 48.4837 0.226442 2.37281 -1.53854 179.217 178.694 179.548 179.217 178.694 179.548 179.217 178.694 179.548 179.217 178.694 179.548 162.167 176.659 -179.424 138.227 146.075 168.756 4.77403 13.0713 -11.157 176.434 -171.075 -164.911 20.6604 4.80164 1.20833 42.4839 13.6535 5.93378 6.79274 13.1201 -1.82709 12.261 -3.74956 -5.03111 3.98992 -23.1812 -1.74633 179.328 176.406 179.393 177.363 -175.199 -178.924 1.05142 -0.222148 -0.019705 2.71383 1.8116 -3.54452 1.16622 -1.37077 1.15342 0.961802 -4.69813 -0.315682 179.194 -178.92 -179.979 0.4741 2.47935 -0.0313699 1.13733 0.503236 1.14441
-163.561 96.0861 48.4794 0.22736 2.36359 -1.5342 179.217 178.691 179.548 179.217 178.691 179.548 179.217 178.691 179.548 179.217 178.691 179.548 162.166 176.663 -179.424 138.227 146.074 168.754 4.77631 13.0712 -11.1602 176.433 -171.074 -164.914 20.6593 4.79902 1.20832 42.4834 13.6536 5.93611 6.79291 13.1206 -1.82713 12.2623 -3.74897 -5.03145 3.98745 -23.1815 -1.74692 179.328 176.406 179.393 177.363 -175.205 -178.926 1.05142 -0.220332 -0.019705 2.71344 1.81087 -3.54562 1.16623 -1.37122 1.15342 0.961789 -4.69089 -0.316889 179.194 -178.921 -179.979 0.473229 2.47978 -0.0332535 1.13733 0.503424 1.14441
-163.567 96.0858 48.4699 0.226831 2.35552 -1.52452 179.217 178.685 179.547 179.217 178.685 179.547 179.217 178.685 179.547 179.217 178.685 179.547 162.165 176.677 -179.424 138.231 146.071 168.752 4.78399 13.0719 -11.1683 176.423 -171.072 -164.926 20.6583 4.78859 1.2083 42.4839 13.6546 5.94449 6.79407 13.1229 -1.82763 12.2638 -3.74699 -5.03249 3.98034 -23.1881 -1.74877 179.328 176.405 179.394 177.367 -175.203 -178.932 1.05142 -0.215742 -0.019705 2.71116 1.81228 -3.54897 1.16626 -1.37313 1.15342 0.965053 -4.68701 -0.319421 179.194 -178.92 -179.979 0.468942 2.48285 -0.0390344 1.13731 0.504111 1.14441
-163.571 96.0856 48.4627 0.226834 2.34758 -1.51673 179.217 178.68 179.546 179.217 178.68 179.546 179.217 178.68 179.546 179.217 178.68 179.546 162.164 176.688 -179.424 138.232 146.068 168.752 4.7901 13.0729 -11.1744 176.414 -171.07 -164.936 20.6576 4.78032 1.20829 42.4843 13.6561 5.94928 6.7947 13.1251 -1.8284 12.2651 -3.74561 -5.03298 3.97561 -23.1937 -1.74975 179.329 176.404 179.394 177.369 -175.204 -178.936 1.05142 -0.211185 -0.019705 2.70942 1.81235 -3.55178 1.1663 -1.3751 1.15342 0.967122 -4.68227 -0.321397 179.194 -178.92 -179.979 0.465372 2.48457 -0.04364 1.1373 0.504735 1.14442
-163.573 96.0855 48.4586 0.227676 2.33769 -1.51184 179.217 178.677 179.545 179.217 178.677 179.545 179.217 178.677 179.545 179.217 178.677 179.545 162.163 176.692 -179.424 138.232 146.067 168.751 4.79202 13.0727 -11.1771 176.412 -171.069 -164.939 20.6569 4.77763 1.20828 42.4837 13.6563 5.95098 6.79475 13.1256 -1.82833 12.2664 -3.74517 -5.03306 3.97371 -23.1938 -1.75021 179.329 176.403 179.394 177.369 -175.21 -178.938 1.05142 -0.209151 -0.019705 2.70893 1.81156 -3.5534 1.16632 -1.37564 1.15342 0.967235 -4.67407 -0.323265 179.194 -178.92 -179.979 0.464095 2.48423 -0.0457513 1.1373 0.504902 1.14442
-163.579 96.0852 48.4497 0.226917 2.32817 -1.50125 179.217 178.671 179.544 179.217 178.671 179.544 179.217 178.671 179.544 179.217 178.671 179.544 162.162 176.707 -179.424 138.236 146.065 168.749 4.7983 13.0731 -11.1839 176.401 -171.068 -164.951 20.6577 4.76609 1.20826 42.4837 13.6576 5.95788 6.79564 13.1283 -1.82835 12.2679 -3.74362 -5.03335 3.96838 -23.2001 -1.7517 179.33 176.401 179.394 177.372 -175.21 -178.942 1.05142 -0.204466 -0.019705 2.70625 1.81287 -3.55851 1.16636 -1.37785 1.15342 0.970935 -4.66819 -0.327326 179.194 -178.92 -179.979 0.458754 2.48613 -0.0513532 1.13729 0.505447 1.14442
-163.582 96.0851 48.4456 0.2276 2.31828 -1.49583 179.217 178.667 179.544 179.217 178.667 179.544 179.217 178.667 179.544 179.217 178.667 179.544 162.161 176.711 -179.424 138.236 146.065 168.749 4.8 13.073 -11.1864 176.398 -171.067 -164.954 20.6574 4.76313 1.20826 42.483 13.6579 5.95935 6.7958 13.1289 -1.82833 12.2693 -3.74318 -5.03334 3.96677 -23.2007 -1.75212 179.33 176.401 179.394 177.373 -175.216 -178.944 1.05142 -0.202238 -0.019705 2.70554 1.81226 -3.56063 1.16637 -1.37844 1.15342 0.971373 -4.65992 -0.329688 179.194 -178.92 -179.979 0.456856 2.48547 -0.0536998 1.13728 0.505579 1.14442
-163.589 96.0849 48.4351 0.226132 2.31106 -1.48309 179.216 178.66 179.541 179.216 178.66 179.541 179.216 178.66 179.541 179.216 178.66 179.541 162.161 176.778 -179.424 138.222 146.001 168.784 4.84084 13.0798 -11.1993 176.135 -170.975 -164.914 20.6612 4.7195 1.20818 42.4864 13.6807 5.95005 6.78877 13.1476 -1.82548 12.2767 -3.74261 -5.03339 3.96002 -23.2306 -1.74055 179.341 176.382 179.382 177.378 -175.211 -178.939 1.05143 -0.192978 -0.019705 2.70194 1.81201 -3.57739 1.16721 -1.42006 1.15344 0.976761 -4.65705 -0.331759 179.194 -178.92 -179.979 0.447999 2.4882 -0.0633339 1.1372 0.509655 1.14442
-163.591 96.0848 48.4318 0.226887 2.30002 -1.47797 179.216 178.657 179.541 179.216 178.657 179.541 179.216 178.657 179.541 179.216 178.657 179.541 162.159 176.779 -179.424 138.222 146.002 168.782 4.84161 13.0792 -11.2008 176.136 -170.975 -164.915 20.6608 4.71826 1.20818 42.4856 13.6805 5.95118 6.7888 13.1477 -1.82508 12.2781 -3.74241 -5.03326 3.95885 -23.2291 -1.74095 179.34 176.381 179.382 177.378 -175.219 -178.941 1.05143 -0.19143 -0.019705 2.7015 1.81138 -3.57918 1.16721 -1.42012 1.15344 0.976932 -4.64713 -0.334377 179.194 -178.92 -179.979 0.446529 2.48662 -0.0654143 1.1372 0.509662 1.14442
-163.597 96.0846 48.4241 0.225762 2.28785 -1.46665 179.216 178.651 179.539 179.216 178.651 179.539 179.216 178.651 179.539 179.216 178.651 179.539 162.16 176.787 -179.424 138.229 146.004 168.775 4.84374 13.0779 -11.2052 176.133 -170.974 -164.92 20.6632 4.70982 1.20816 42.4845 13.6798 5.95797 6.78993 13.1487 -1.82408 12.2798 -3.7415 -5.03299 3.95594 -23.2311 -1.7425 179.339 176.382 179.382 177.382 -175.224 -178.945 1.05143 -0.188635 -0.019705 2.69847 1.81336 -3.58544 1.16722 -1.42049 1.15344 0.981218 -4.63757 -0.340427 179.194 -178.919 -179.979 0.440121 2.48671 -0.0702718 1.1372 0.509502 1.14442
-163.6 96.0846 48.4203 0.226126 2.27738 -1.46059 179.216 178.647 179.539 179.216 178.647 179.539 179.216 178.647 179.539 179.216 178.647 179.539 162.158 176.79 -179.424 138.23 146.005 168.774 4.84435 13.0774 -11.207 176.133 -170.974 -164.921 20.6635 4.70765 1.20816 42.4838 13.6798 5.95921 6.79031 13.1491 -1.82394 12.2813 -3.74118 -5.03277 3.95508 -23.231 -1.7429 179.339 176.381 179.382 177.383 -175.23 -178.947 1.05143 -0.18663 -0.019705 2.69752 1.81312 -3.5881 1.16722 -1.42062 1.15344 0.982181 -4.62835 -0.343588 179.194 -178.92 -179.979 0.437428 2.48521 -0.0727914 1.13721 0.509439 1.14442
-163.606 96.0844 48.4122 0.224506 2.26606 -1.4482 179.215 178.641 179.537 179.215 178.641 179.537 179.215 178.641 179.537 179.215 178.641 179.537 162.159 176.799 -179.424 138.237 146.008 168.769 4.84566 13.0764 -11.2117 176.129 -170.974 -164.928 20.6675 4.69692 1.20814 42.4827 13.6798 5.96491 6.79217 13.1512 -1.82361 12.2832 -3.74028 -5.0319 3.95383 -23.2357 -1.74408 179.339 176.382 179.381 177.388 -175.233 -178.95 1.05143 -0.182621 -0.019705 2.69372 1.81496 -3.59648 1.16723 -1.4212 1.15344 0.987524 -4.61969 -0.350238 179.194 -178.919 -179.979 0.42897 2.48536 -0.0780427 1.13722 0.508912 1.14442
-163.61 96.0844 48.4086 0.224638 2.2556 -1.44179 179.215 178.637 179.537 179.215 178.637 179.537 179.215 178.637 179.537 179.215 178.637 179.537 162.157 176.802 -179.424 138.238 146.008 168.768 4.84605 13.0761 -11.2133 176.128 -170.973 -164.931 20.6681 4.69434 1.20814 42.482 13.6799 5.9657 6.7927 13.1519 -1.82357 12.2847 -3.74 -5.03149 3.9534 -23.2361 -1.74437 179.339 176.382 179.381 177.389 -175.24 -178.951 1.05143 -0.180394 -0.019705 2.69264 1.81473 -3.59969 1.16724 -1.42138 1.15344 0.988856 -4.61036 -0.353595 179.194 -178.919 -179.979 0.425772 2.48365 -0.0807438 1.13722 0.508745 1.14442
-163.617 96.0843 48.4007 0.222645 2.24394 -1.42888 179.214 178.631 179.534 179.214 178.631 179.534 179.214 178.631 179.534 179.214 178.631 179.534 162.158 176.812 -179.424 138.245 146.011 168.765 4.84663 13.0754 -11.2177 176.123 -170.973 -164.939 20.6734 4.68193 1.20812 42.4807 13.6804 5.96999 6.79495 13.1549 -1.82334 12.2867 -3.7393 -5.03002 3.95345 -23.2416 -1.74521 179.339 176.383 179.381 177.394 -175.243 -178.953 1.05143 -0.176248 -0.019705 2.68856 1.81646 -3.60984 1.16725 -1.42209 1.15344 0.994855 -4.60107 -0.360448 179.194 -178.919 -179.979 0.416254 2.48349 -0.0862824 1.13724 0.507752 1.14442
-163.62 96.0844 48.3972 0.222533 2.23337 -1.42219 179.214 178.627 179.534 179.214 178.627 179.534 179.214 178.627 179.534 179.214 178.627 179.534 162.156 176.815 -179.424 138.246 146.012 168.764 4.84682 13.0753 -11.219 176.122 -170.973 -164.941 20.6743 4.67903 1.20811 42.48 13.6806 5.97035 6.7956 13.1558 -1.82332 12.2882 -3.73906 -5.02945 3.95334 -23.2422 -1.74543 179.339 176.383 179.381 177.396 -175.249 -178.954 1.05143 -0.174034 -0.019705 2.68742 1.8163 -3.61354 1.16726 -1.4223 1.15344 0.996535 -4.5915 -0.363893 179.194 -178.919 -179.979 0.412702 2.48162 -0.089132 1.13725 0.507458 1.14442
-163.627 96.0843 48.3896 0.220161 2.22128 -1.40887 179.213 178.621 179.532 179.213 178.621 179.532 179.213 178.621 179.532 179.213 178.621 179.532 162.156 176.825 -179.424 138.254 146.015 168.762 4.84673 13.0751 -11.2228 176.117 -170.972 -164.949 20.6806 4.66522 1.20809 42.4785 13.6816 5.97335 6.79818 13.1595 -1.82304 12.2903 -3.73855 -5.02753 3.95435 -23.2482 -1.74604 179.34 176.383 179.38 177.402 -175.253 -178.954 1.05144 -0.17025 -0.019705 2.68317 1.81815 -3.62526 1.16727 -1.42309 1.15344 1.00315 -4.58151 -0.370711 179.194 -178.918 -179.979 0.402334 2.48127 -0.0950012 1.13728 0.505922 1.14442
-163.631 96.0844 48.3861 0.219799 2.21064 -1.40199 179.213 178.617 179.531 179.213 178.617 179.531 179.213 178.617 179.531 179.213 178.617 179.531 162.154 176.828 -179.424 138.255 146.015 168.762 4.84674 13.075 -11.2237 176.116 -170.972 -164.951 20.6818 4.66205 1.20808 42.4778 13.682 5.97333 6.79894 13.1606 -1.82301 12.2918 -3.73835 -5.02685 3.95448 -23.249 -1.7462 179.339 176.383 179.38 177.404 -175.26 -178.956 1.05144 -0.168148 -0.019705 2.682 1.81807 -3.62938 1.16728 -1.42331 1.15344 1.00517 -4.57175 -0.374139 179.194 -178.918 -179.979 0.398508 2.47933 -0.0979654 1.13728 0.505485 1.14442
-163.639 96.0844 48.3788 0.217058 2.1983 -1.38838 179.212 178.611 179.529 179.212 178.611 179.529 179.212 178.611 179.529 179.212 178.611 179.529 162.154 176.839 -179.424 138.263 146.018 168.76 4.84609 13.0753 -11.2269 176.111 -170.97 -164.959 20.6889 4.64709 1.20806 42.4761 13.6833 5.97522 6.80184 13.1649 -1.82269 12.2939 -3.73797 -5.02462 3.95622 -23.2554 -1.74665 179.34 176.383 179.379 177.41 -175.265 -178.955 1.05144 -0.164863 -0.019705 2.67766 1.8201 -3.64246 1.16729 -1.42412 1.15344 1.01237 -4.5613 -0.380709 179.194 -178.918 -179.979 0.387436 2.47895 -0.104181 1.13733 0.503348 1.14441
-163.645 96.0845 48.3732 0.215156 2.18731 -1.37767 179.211 178.606 179.527 179.211 178.606 179.527 179.211 178.606 179.527 179.211 178.606 179.527 162.153 176.847 -179.424 138.268 146.021 168.762 4.84457 13.0761 -11.2292 176.106 -170.969 -164.966 20.6946 4.63443 1.20803 42.4744 13.6851 5.97407 6.8045 13.1693 -1.82282 12.2958 -3.73782 -5.02264 3.95864 -23.2611 -1.74671 179.34 176.383 179.378 177.415 -175.27 -178.952 1.05144 -0.161965 -0.019705 2.67462 1.82107 -3.65423 1.16731 -1.42488 1.15344 1.01766 -4.55177 -0.385522 179.194 -178.918 -179.979 0.378895 2.47816 -0.109163 1.13738 0.500904 1.14441
-163.648 96.0845 48.3699 0.214518 2.17654 -1.37082 179.211 178.603 179.526 179.211 178.603 179.526 179.211 178.603 179.526 179.211 178.603 179.526 162.151 176.849 -179.424 138.268 146.021 168.762 4.84444 13.0763 -11.2296 176.106 -170.968 -164.967 20.6957 4.6312 1.20803 42.4738 13.6855 5.97354 6.80532 13.1705 -1.82271 12.2973 -3.73766 -5.02193 3.95886 -23.2618 -1.74685 179.34 176.382 179.378 177.417 -175.277 -178.953 1.05144 -0.160157 -0.019705 2.67362 1.82102 -3.65863 1.16731 -1.42508 1.15344 1.01995 -4.54173 -0.388674 179.194 -178.918 -179.979 0.375141 2.47621 -0.112132 1.13739 0.500241 1.14441
-163.656 96.0846 48.3629 0.211369 2.16402 -1.35723 179.21 178.596 179.524 179.21 178.596 179.524 179.21 178.596 179.524 179.21 178.596 179.524 162.15 176.859 -179.424 138.276 146.024 168.762 4.84353 13.0772 -11.2315 176.102 -170.966 -164.973 20.7032 4.61556 1.208 42.4722 13.6872 5.97426 6.80838 13.1752 -1.82219 12.2994 -3.73735 -5.01967 3.96075 -23.268 -1.74731 179.34 176.382 179.378 177.424 -175.282 -178.951 1.05144 -0.157886 -0.019705 2.66943 1.82338 -3.67273 1.16733 -1.42581 1.15344 1.02771 -4.53089 -0.394518 179.194 -178.917 -179.979 0.363726 2.47595 -0.118707 1.13745 0.497193 1.14441
-163.662 96.0847 48.3573 0.209119 2.15324 -1.34659 179.209 178.591 179.522 179.209 178.591 179.522 179.209 178.591 179.522 179.209 178.591 179.522 162.149 176.867 -179.424 138.281 146.027 168.764 4.84176 13.0786 -11.233 176.099 -170.963 -164.978 20.7091 4.60229 1.20798 42.4706 13.6892 5.97225 6.81123 13.1799 -1.8223 12.3013 -3.73719 -5.01772 3.96329 -23.2737 -1.74741 179.339 176.382 179.377 177.43 -175.287 -178.948 1.05144 -0.155674 -0.019705 2.66645 1.82464 -3.6853 1.16734 -1.42645 1.15345 1.03349 -4.52154 -0.398589 179.194 -178.917 -179.979 0.354881 2.47547 -0.123992 1.13752 0.49385 1.14441
-163.666 96.0848 48.354 0.208235 2.1427 -1.33993 179.209 178.588 179.522 179.209 178.588 179.522 179.209 178.588 179.522 179.209 178.588 179.522 162.147 176.868 -179.424 138.282 146.027 168.765 4.84156 13.079 -11.2329 176.098 -170.963 -164.979 20.7103 4.59896 1.20797 42.47 13.6897 5.97148 6.81211 13.1811 -1.82226 12.3029 -3.737 -5.01706 3.96351 -23.2746 -1.74759 179.339 176.382 179.377 177.432 -175.294 -178.948 1.05144 -0.154119 -0.019705 2.66553 1.82469 -3.68982 1.16734 -1.42662 1.15345 1.03609 -4.51178 -0.401356 179.194 -178.917 -179.979 0.351093 2.47382 -0.126847 1.13753 0.492962 1.14441
-163.675 96.0849 48.3457 0.204169 2.13217 -1.32538 179.207 178.581 179.519 179.207 178.581 179.519 179.207 178.581 179.519 179.207 178.581 179.519 162.144 176.9 -179.424 138.28 146.059 168.788 4.8384 13.1256 -11.2475 176.02 -170.918 -164.968 20.7283 4.53328 1.20786 42.4707 13.7002 5.93608 6.80875 13.2254 -1.8139 12.3221 -3.74107 -5.0168 3.97653 -23.2965 -1.75066 179.332 176.371 179.38 177.441 -175.297 -178.9 1.05144 -0.152999 -0.019705 2.66205 1.82615 -3.75207 1.16751 -1.43499 1.15345 1.04592 -4.50366 -0.399379 179.194 -178.916 -179.979 0.336131 2.4753 -0.141374 1.13899 0.419873 1.1444
-163.678 96.085 48.3428 0.203426 2.12147 -1.31958 179.207 178.578 179.518 179.207 178.578 179.518 179.207 178.578 179.518 179.207 178.578 179.518 162.141 176.9 -179.424 138.28 146.059 168.789 4.83889 13.1257 -11.2467 176.021 -170.917 -164.967 20.7283 4.53261 1.20786 42.4704 13.7002 5.93635 6.8091 13.2256 -1.81374 12.3235 -3.7409 -5.01648 3.97577 -23.296 -1.751 179.331 176.371 179.38 177.443 -175.304 -178.902 1.05144 -0.151796 -0.019705 2.66156 1.8261 -3.75423 1.16751 -1.43502 1.15345 1.04808 -4.49367 -0.401875 179.194 -178.916 -179.979 0.33344 2.47359 -0.143526 1.139 0.419754 1.1444
-163.686 96.0851 48.3358 0.200114 2.10987 -1.30736 179.207 178.573 179.516 179.207 178.573 179.516 179.207 178.573 179.516 179.207 178.573 179.516 162.14 176.905 -179.424 138.287 146.061 168.787 4.84067 13.1256 -11.246 176.022 -170.916 -164.967 20.7329 4.525 1.20785 42.4701 13.6996 5.94125 6.81109 13.2265 -1.81358 12.3254 -3.74016 -5.01538 3.97446 -23.2989 -1.75221 179.331 176.372 179.38 177.451 -175.31 -178.906 1.05144 -0.151061 -0.019705 2.65777 1.82932 -3.76118 1.16751 -1.43504 1.15345 1.05591 -4.4839 -0.407114 179.194 -178.916 -179.979 0.323015 2.47402 -0.148749 1.13902 0.418808 1.1444
-163.69 96.0851 48.3323 0.199069 2.10005 -1.30137 179.207 178.569 179.515 179.207 178.569 179.515 179.207 178.569 179.515 179.207 178.569 179.515 162.138 176.905 -179.424 138.288 146.061 168.788 4.84098 13.1258 -11.2452 176.023 -170.915 -164.966 20.7337 4.52332 1.20785 42.4698 13.6996 5.94166 6.81184 13.2269 -1.81387 12.3269 -3.7398 -5.01498 3.97405 -23.2996 -1.75258 179.331 176.373 179.38 177.453 -175.317 -178.908 1.05144 -0.149924 -0.019705 2.65677 1.82969 -3.76392 1.16751 -1.43505 1.15345 1.0588 -4.47514 -0.409474 179.194 -178.916 -179.979 0.319226 2.47307 -0.150919 1.13902 0.418504 1.1444
-163.698 96.0852 48.3246 0.195568 2.09068 -1.28935 179.206 178.564 179.513 179.206 178.564 179.513 179.206 178.564 179.513 179.206 178.564 179.513 162.137 176.91 -179.424 138.295 146.062 168.786 4.8419 13.1257 -11.2448 176.024 -170.913 -164.966 20.7395 4.51358 1.20783 42.4694 13.6995 5.94558 6.81497 13.2282 -1.81499 12.3289 -3.73869 -5.01347 3.97392 -23.3048 -1.75377 179.33 176.374 179.379 177.461 -175.319 -178.911 1.05144 -0.148768 -0.019705 2.65243 1.83317 -3.7722 1.16751 -1.43495 1.15345 1.06727 -4.46827 -0.414124 179.194 -178.915 -179.979 0.307552 2.47471 -0.156068 1.13906 0.416826 1.1444
-163.705 96.0852 48.3183 0.193201 2.08267 -1.28052 179.205 178.561 179.511 179.205 178.561 179.511 179.205 178.561 179.511 179.205 178.561 179.511 162.136 176.914 -179.424 138.299 146.063 168.787 4.84167 13.1257 -11.2448 176.026 -170.912 -164.965 20.7439 4.5056 1.20782 42.4688 13.6998 5.94647 6.81806 13.2294 -1.81674 12.3308 -3.73782 -5.01202 3.97468 -23.3095 -1.75458 179.331 176.375 179.378 177.467 -175.321 -178.911 1.05144 -0.147096 -0.019705 2.64941 1.83514 -3.77924 1.16751 -1.43478 1.15345 1.07333 -4.46253 -0.417113 179.194 -178.915 -179.979 0.299014 2.47588 -0.159776 1.1391 0.414806 1.1444
-163.708 96.0852 48.3147 0.192321 2.07345 -1.27566 179.205 178.558 179.511 179.205 178.558 179.511 179.205 178.558 179.511 179.205 178.558 179.511 162.134 176.914 -179.424 138.299 146.063 168.789 4.84178 13.1258 -11.2439 176.027 -170.911 -164.965 20.7448 4.50357 1.20781 42.4685 13.6999 5.94643 6.81896 13.2297 -1.8173 12.3322 -3.73743 -5.01162 3.9743 -23.3105 -1.75505 179.33 176.375 179.378 177.47 -175.327 -178.913 1.05144 -0.14606 -0.019705 2.64858 1.83546 -3.78182 1.16751 -1.43474 1.15345 1.07601 -4.45466 -0.418785 179.194 -178.915 -179.979 0.295762 2.47542 -0.161326 1.13911 0.414253 1.1444
-163.716 96.0852 48.3064 0.189113 2.06601 -1.26526 179.205 178.553 179.508 179.205 178.553 179.508 179.205 178.553 179.508 179.205 178.553 179.508 162.133 176.919 -179.424 138.305 146.064 168.79 4.84252 13.1254 -11.2433 176.029 -170.909 -164.964 20.7504 4.493 1.2078 42.4684 13.7 5.94911 6.82271 13.2305 -1.81918 12.3342 -3.73614 -5.01017 3.97391 -23.316 -1.75668 179.33 176.376 179.377 177.477 -175.328 -178.914 1.05144 -0.14522 -0.019705 2.64451 1.83921 -3.79014 1.1675 -1.43447 1.15345 1.08412 -4.45043 -0.422536 179.194 -178.915 -179.979 0.284946 2.47801 -0.16546 1.13916 0.411677 1.1444
-163.722 96.0851 48.2997 0.187007 2.05967 -1.25785 179.204 178.55 179.507 179.204 178.55 179.507 179.204 178.55 179.507 179.204 178.55 179.507 162.132 176.923 -179.424 138.307 146.065 168.793 4.84233 13.1252 -11.2432 176.031 -170.908 -164.962 20.7545 4.48469 1.20778 42.4684 13.7004 5.94925 6.82619 13.2309 -1.82153 12.3359 -3.7351 -5.00887 3.9743 -23.321 -1.75794 179.33 176.377 179.376 177.483 -175.328 -178.914 1.05144 -0.14382 -0.019705 2.64161 1.8415 -3.79693 1.16749 -1.43414 1.15345 1.08993 -4.44698 -0.424947 179.194 -178.915 -179.979 0.276986 2.48003 -0.16812 1.13921 0.408857 1.1444
-163.728 96.0851 48.2931 0.185133 2.05331 -1.25124 179.203 178.547 179.506 179.203 178.547 179.506 179.203 178.547 179.506 179.203 178.547 179.506 162.13 176.927 -179.424 138.309 146.065 168.796 4.84236 13.1248 -11.243 176.033 -170.906 -164.961 20.7581 4.47692 1.20777 42.4685 13.7009 5.94934 6.82945 13.2309 -1.82375 12.3376 -3.7341 -5.00775 3.9743 -23.3254 -1.75937 179.329 176.376 179.376 177.488 -175.329 -178.913 1.05144 -0.142679 -0.019705 2.63902 1.84376 -3.8031 1.16749 -1.43376 1.15345 1.0953 -4.44359 -0.427183 179.194 -178.915 -179.979 0.269887 2.48204 -0.170204 1.13927 0.405859 1.1444
-163.734 96.085 48.2863 0.183394 2.04737 -1.24518 179.203 178.544 179.505 179.203 178.544 179.505 179.203 178.544 179.505 179.203 178.544 179.505 162.129 176.93 -179.424 138.31 146.065 168.8 4.84264 13.1243 -11.2428 176.035 -170.905 -164.959 20.7614 4.46966 1.20776 42.4688 13.7012 5.9496 6.83255 13.2303 -1.826 12.3391 -3.73306 -5.0068 3.97401 -23.3297 -1.76099 179.328 176.376 179.375 177.493 -175.33 -178.913 1.05145 -0.141794 -0.0197049 2.63649 1.84623 -3.80871 1.16748 -1.43335 1.15345 1.10051 -4.4408 -0.429382 179.194 -178.915 -179.979 0.263113 2.48428 -0.171756 1.13934 0.402715 1.1444
-163.74 96.0848 48.2794 0.181784 2.04196 -1.23964 179.202 178.541 179.504 179.202 178.541 179.504 179.202 178.541 179.504 179.202 178.541 179.504 162.128 176.934 -179.424 138.311 146.064 168.803 4.84315 13.1237 -11.2427 176.037 -170.904 -164.957 20.7645 4.46294 1.20775 42.4693 13.7016 5.95008 6.83551 13.2292 -1.82835 12.3406 -3.73197 -5.00598 3.97353 -23.334 -1.76278 179.328 176.375 179.374 177.498 -175.33 -178.913 1.05145 -0.141071 -0.0197049 2.63396 1.8489 -3.81373 1.16747 -1.43292 1.15345 1.10558 -4.43875 -0.431597 179.194 -178.915 -179.979 0.256567 2.48678 -0.172755 1.1394 0.399456 1.1444
-163.745 96.0847 48.2723 0.180304 2.03712 -1.23459 179.202 178.539 179.503 179.202 178.539 179.503 179.202 178.539 179.503 179.202 178.539 179.503 162.127 176.937 -179.424 138.311 146.064 168.807 4.8439 13.123 -11.2427 176.04 -170.904 -164.954 20.7674 4.4568 1.20774 42.47 13.7019 5.95082 6.83833 13.2276 -1.83083 12.342 -3.73081 -5.00525 3.97293 -23.3384 -1.76475 179.327 176.375 179.374 177.503 -175.329 -178.913 1.05145 -0.140456 -0.0197049 2.63143 1.85177 -3.81812 1.16746 -1.43246 1.15345 1.11052 -4.43749 -0.43387 179.194 -178.915 -179.979 0.250228 2.48954 -0.173181 1.13947 0.396107 1.1444
-163.751 96.0845 48.2651 0.178956 2.03284 -1.23003 179.201 178.536 179.502 179.201 178.536 179.502 179.201 178.536 179.502 179.201 178.536 179.502 162.127 176.941 -179.424 138.311 146.063 168.811 4.84489 13.1222 -11.2429 176.043 -170.904 -164.952 20.77 4.4513 1.20773 42.4708 13.7021 5.95186 6.84101 13.2254 -1.83344 12.3434 -3.72961 -5.0046 3.97226 -23.3429 -1.7669 179.326 176.374 179.373 177.507 -175.328 -178.914 1.05145 -0.139922 -0.0197049 2.6289 1.85483 -3.82185 1.16745 -1.43198 1.15345 1.11531 -4.43701 -0.436241 179.194 -178.915 -179.979 0.244089 2.49256 -0.173021 1.13954 0.392694 1.1444
-163.756 96.0842 48.2577 0.177739 2.02911 -1.22592 179.201 178.534 179.501 179.201 178.534 179.501 179.201 178.534 179.501 179.201 178.534 179.501 162.126 176.944 -179.424 138.311 146.062 168.816 4.84613 13.1213 -11.2434 176.045 -170.904 -164.95 20.7726 4.44646 1.20772 42.4716 13.7023 5.95321 6.84354 13.2227 -1.83617 12.3447 -3.72836 -5.00399 3.97156 -23.3473 -1.76923 179.326 176.374 179.372 177.512 -175.327 -178.914 1.05145 -0.139452 -0.0197049 2.62636 1.85809 -3.82489 1.16744 -1.4315 1.15345 1.11997 -4.43729 -0.438745 179.194 -178.915 -179.979 0.238142 2.49582 -0.172271 1.13961 0.389237 1.1444
-163.762 96.084 48.2501 0.176649 2.02593 -1.22224 179.2 178.532 179.501 179.2 178.532 179.501 179.2 178.532 179.501 179.2 178.532 179.501 162.126 176.947 -179.424 138.31 146.061 168.82 4.84763 13.1204 -11.2442 176.048 -170.905 -164.948 20.775 4.44231 1.20771 42.4726 13.7025 5.95491 6.84593 13.2194 -1.83901 12.3459 -3.72709 -5.00342 3.97089 -23.3519 -1.77174 179.325 176.373 179.371 177.516 -175.324 -178.915 1.05145 -0.139036 -0.0197049 2.62382 1.86156 -3.82723 1.16743 -1.43102 1.15345 1.12449 -4.43831 -0.441412 179.194 -178.915 -179.979 0.232379 2.49932 -0.170935 1.13968 0.385759 1.1444
-163.767 96.0837 48.2424 0.17568 2.02327 -1.21895 179.199 178.53 179.5 179.199 178.53 179.5 179.199 178.53 179.5 179.199 178.53 179.5 162.126 176.95 -179.424 138.308 146.059 168.824 4.84937 13.1195 -11.2453 176.051 -170.905 -164.946 20.7773 4.43886 1.20771 42.4736 13.7027 5.95695 6.84817 13.2156 -1.84195 12.3471 -3.7258 -5.00286 3.97029 -23.3565 -1.77441 179.325 176.372 179.37 177.52 -175.322 -178.917 1.05145 -0.138661 -0.0197049 2.62126 1.86522 -3.82887 1.16742 -1.43054 1.15345 1.12888 -4.44003 -0.444267 179.194 -178.915 -179.979 0.22679 2.50304 -0.169026 1.13975 0.382278 1.1444
-163.772 96.0835 48.2345 0.174826 2.02111 -1.21602 179.199 178.528 179.5 179.199 178.528 179.5 179.199 178.528 179.5 179.199 178.528 179.5 162.127 176.953 -179.424 138.306 146.057 168.828 4.85135 13.1185 -11.2467 176.054 -170.907 -164.945 20.7794 4.43611 1.2077 42.4747 13.7028 5.95935 6.85028 13.2113 -1.84496 12.3483 -3.72452 -5.00231 3.9698 -23.3611 -1.77725 179.324 176.371 179.369 177.525 -175.318 -178.918 1.05145 -0.138315 -0.0197049 2.61871 1.86908 -3.82978 1.16741 -1.43008 1.15345 1.13314 -4.44242 -0.447331 179.194 -178.915 -179.979 0.221364 2.50697 -0.166564 1.13982 0.378811 1.1444
-163.778 96.0832 48.2265 0.174079 2.01941 -1.2134 179.198 178.526 179.499 179.198 178.526 179.499 179.198 178.526 179.499 179.198 178.526 179.499 162.128 176.956 -179.424 138.304 146.055 168.833 4.85355 13.1176 -11.2484 176.057 -170.908 -164.943 20.7815 4.43406 1.2077 42.4757 13.703 5.96211 6.85224 13.2064 -1.84803 12.3494 -3.72324 -5.00174 3.96948 -23.3659 -1.78024 179.324 176.371 179.368 177.529 -175.314 -178.921 1.05145 -0.137987 -0.0197049 2.61615 1.87314 -3.82998 1.1674 -1.42963 1.15345 1.13728 -4.44544 -0.450615 179.194 -178.915 -179.979 0.216091 2.51109 -0.163577 1.13988 0.375371 1.1444
-163.783 96.0829 48.2184 0.17343 2.01816 -1.21107 179.197 178.525 179.499 179.197 178.525 179.499 179.197 178.525 179.499 179.197 178.525 179.499 162.129 176.958 -179.424 138.302 146.053 168.837 4.85598 13.1168 -11.2505 176.06 -170.91 -164.943 20.7835 4.43269 1.2077 42.4768 13.7033 5.96521 6.85407 13.2011 -1.85113 12.3505 -3.72198 -5.00116 3.96937 -23.3707 -1.78339 179.324 176.37 179.366 177.533 -175.31 -178.923 1.05145 -0.137664 -0.0197049 2.6136 1.87739 -3.82947 1.16739 -1.42921 1.15345 1.14131 -4.44904 -0.454126 179.194 -178.915 -179.979 0.210961 2.51539 -0.1601 1.13995 0.37197 1.14439
-163.788 96.0826 48.2102 0.17287 2.01732 -1.20897 179.196 178.523 179.499 179.196 178.523 179.499 179.196 178.523 179.499 179.196 178.523 179.499 162.13 176.961 -179.424 138.299 146.05 168.841 4.85859 13.1161 -11.253 176.064 -170.912 -164.942 20.7854 4.43198 1.2077 42.4777 13.7035 5.96865 6.85577 13.1954 -1.85424 12.3515 -3.72075 -5.00055 3.96951 -23.3756 -1.78667 179.323 176.369 179.365 177.537 -175.305 -178.926 1.05145 -0.137335 -0.0197049 2.61105 1.88182 -3.82825 1.16739 -1.42882 1.15345 1.14523 -4.45316 -0.457862 179.194 -178.915 -179.979 0.205962 2.51986 -0.156172 1.14002 0.368619 1.14439
-163.793 96.0823 48.2018 0.172388 2.01685 -1.20708 179.196 178.522 179.499 179.196 178.522 179.499 179.196 178.522 179.499 179.196 178.522 179.499 162.132 176.964 -179.424 138.296 146.047 168.846 4.86138 13.1156 -11.2558 176.067 -170.914 -164.942 20.7873 4.4319 1.2077 42.4786 13.7039 5.9724 6.85735 13.1892 -1.85734 12.3524 -3.71956 -4.9999 3.96994 -23.3806 -1.79009 179.323 176.368 179.364 177.54 -175.3 -178.93 1.05145 -0.136987 -0.0197049 2.60851 1.88642 -3.82633 1.16738 -1.42846 1.15345 1.14905 -4.45776 -0.461815 179.194 -178.915 -179.979 0.201087 2.52447 -0.15184 1.14008 0.365325 1.14439
-163.798 96.082 48.1934 0.171977 2.01672 -1.20536 179.195 178.521 179.499 179.195 178.521 179.499 179.195 178.521 179.499 179.195 178.521 179.499 162.134 176.967 -179.424 138.292 146.044 168.85 4.8643 13.1153 -11.2589 176.071 -170.916 -164.943 20.7891 4.43241 1.2077 42.4795 13.7044 5.97644 6.85882 13.1827 -1.86042 12.3534 -3.71841 -4.9992 3.97068 -23.3856 -1.79363 179.323 176.367 179.362 177.544 -175.294 -178.934 1.05145 -0.136611 -0.0197049 2.60598 1.89118 -3.82372 1.16737 -1.42815 1.15345 1.15278 -4.46278 -0.46597 179.194 -178.916 -179.979 0.196327 2.52921 -0.147154 1.14015 0.362094 1.14439
-163.803 96.0816 48.185 0.171626 2.0169 -1.20378 179.194 178.52 179.498 179.194 178.52 179.498 179.194 178.52 179.498 179.194 178.52 179.498 162.136 176.97 -179.424 138.289 146.04 168.854 4.86734 13.1153 -11.2623 176.074 -170.918 -164.945 20.7908 4.43346 1.2077 42.4802 13.705 5.98072 6.86019 13.1759 -1.86344 12.3542 -3.7173 -4.99845 3.97177 -23.3907 -1.79728 179.323 176.366 179.36 177.548 -175.288 -178.939 1.05145 -0.136198 -0.0197049 2.60346 1.89609 -3.82043 1.16737 -1.42788 1.15345 1.15642 -4.46817 -0.470302 179.194 -178.916 -179.979 0.191674 2.53407 -0.142169 1.14021 0.35893 1.14439
-163.808 96.0814 48.1765 0.171328 2.01733 -1.2023 179.193 178.519 179.498 179.193 178.519 179.498 179.193 178.519 179.498 179.193 178.519 179.498 162.139 176.973 -179.424 138.285 146.037 168.858 4.87047 13.1155 -11.2659 176.078 -170.92 -164.947 20.7926 4.43499 1.2077 42.4808 13.7058 5.98522 6.86147 13.1688 -1.8664 12.355 -3.71624 -4.99764 3.97322 -23.3959 -1.80104 179.323 176.366 179.358 177.551 -175.282 -178.945 1.05145 -0.13574 -0.0197049 2.60095 1.90112 -3.81647 1.16736 -1.42766 1.15345 1.15997 -4.47387 -0.474785 179.194 -178.916 -179.979 0.187123 2.53903 -0.136943 1.14027 0.355836 1.14439
-163.813 96.0811 48.1679 0.171076 2.018 -1.20091 179.192 178.518 179.498 179.192 178.518 179.498 179.192 178.518 179.498 179.192 178.518 179.498 162.142 176.976 -179.424 138.281 146.033 168.862 4.87363 13.1159 -11.2698 176.082 -170.922 -164.949 20.7942 4.43695 1.2077 42.4813 13.7067 5.98989 6.86268 13.1616 -1.86928 12.3557 -3.71521 -4.99678 3.97504 -23.4011 -1.8049 179.323 176.365 179.357 177.555 -175.275 -178.951 1.05145 -0.135232 -0.0197049 2.59845 1.90627 -3.81186 1.16736 -1.42749 1.15345 1.16345 -4.47982 -0.479383 179.194 -178.916 -179.979 0.182668 2.54407 -0.131535 1.14033 0.352811 1.14439
-163.818 96.0808 48.1594 0.170861 2.01885 -1.19959 179.191 178.517 179.498 179.191 178.517 179.498 179.191 178.517 179.498 179.191 178.517 179.498 162.145 176.979 -179.424 138.277 146.029 168.865 4.87682 13.1167 -11.2739 176.086 -170.924 -164.953 20.7958 4.43928 1.20771 42.4816 13.7078 5.99469 6.86383 13.1541 -1.87208 12.3564 -3.71422 -4.99586 3.97724 -23.4063 -1.80884 179.323 176.364 179.355 177.558 -175.268 -178.957 1.05145 -0.134671 -0.0197049 2.59596 1.91152 -3.80661 1.16736 -1.42737 1.15345 1.16686 -4.48599 -0.484056 179.194 -178.916 -179.979 0.178304 2.54918 -0.126006 1.14039 0.349854 1.14439
-163.822 96.0806 48.1508 0.170679 2.01986 -1.19833 179.19 178.516 179.498 179.19 178.516 179.498 179.19 178.516 179.498 179.19 178.516 179.498 162.148 176.982 -179.424 138.273 146.025 168.869 4.87998 13.1178 -11.2782 176.09 -170.926 -164.957 20.7973 4.4419 1.20771 42.4819 13.709 5.99956 6.86495 13.1466 -1.87478 12.357 -3.71326 -4.99489 3.97981 -23.4115 -1.81287 179.323 176.364 179.353 177.562 -175.261 -178.964 1.05145 -0.134057 -0.0197049 2.59347 1.91684 -3.80075 1.16736 -1.42731 1.15345 1.17019 -4.4923 -0.488762 179.194 -178.916 -179.979 0.174027 2.55434 -0.12042 1.14045 0.346964 1.14439
-163.827 96.0803 48.1423 0.170524 2.02098 -1.19711 179.189 178.515 179.498 179.189 178.515 179.498 179.189 178.515 179.498 179.189 178.515 179.498 162.151 176.985 -179.424 138.269 146.021 168.872 4.88309 13.1191 -11.2825 176.095 -170.928 -164.961 20.7987 4.44476 1.20772 42.4821 13.7105 6.00446 6.86604 13.139 -1.87739 12.3576 -3.71231 -4.99387 3.98273 -23.4167 -1.81698 179.323 176.363 179.351 177.565 -175.254 -178.972 1.05145 -0.133392 -0.0197049 2.59097 1.92223 -3.79428 1.16736 -1.42729 1.15345 1.17346 -4.49871 -0.493453 179.194 -178.916 -179.979 0.169833 2.55954 -0.114837 1.14051 0.344136 1.14439
-163.832 96.0801 48.132 0.170121 2.02786 -1.19467 179.188 178.516 179.498 179.188 178.516 179.498 179.188 178.516 179.498 179.188 178.516 179.498 162.158 177.012 -179.424 138.256 145.976 168.891 4.87994 13.0899 -11.2776 176.29 -171.01 -165.044 20.7961 4.46118 1.20774 42.4668 13.8138 6.03545 6.91762 12.9724 -1.90994 12.2546 -3.69114 -4.96823 3.99434 -23.4314 -1.85585 179.312 176.354 179.38 177.569 -175.237 -179.02 1.05145 -0.125977 -0.0197049 2.58576 1.92767 -3.74909 1.16735 -1.42697 1.15345 1.17773 -4.51221 -0.523987 179.194 -178.916 -179.979 0.162426 2.56619 -0.0840077 1.14159 0.28974 1.14439
-163.834 96.08 48.1279 0.170884 2.02141 -1.1959 179.188 178.513 179.499 179.188 178.513 179.499 179.188 178.513 179.499 179.188 178.513 179.499 162.157 177.011 -179.424 138.254 145.976 168.892 4.87967 13.0901 -11.2789 176.29 -171.01 -165.045 20.7956 4.46142 1.20774 42.4661 13.8138 6.03563 6.91724 12.972 -1.91026 12.2559 -3.69094 -4.96835 3.99437 -23.4323 -1.85643 179.312 176.355 179.379 177.57 -175.241 -179.02 1.05145 -0.12642 -0.0197049 2.58544 1.92979 -3.74769 1.16735 -1.427 1.15345 1.1783 -4.50835 -0.523193 179.194 -178.916 -179.979 0.162268 2.56794 -0.082476 1.14159 0.289754 1.14439
-163.84 96.0797 48.1174 0.17025 2.02361 -1.19376 179.187 178.512 179.499 179.187 178.512 179.499 179.187 178.512 179.499 179.187 178.512 179.499 162.161 177.014 -179.424 138.255 145.974 168.89 4.88072 13.0911 -11.284 176.29 -171.009 -165.049 20.7975 4.46047 1.20774 42.467 13.8136 6.03988 6.9166 12.9703 -1.91063 12.2576 -3.68994 -4.96815 3.99614 -23.4379 -1.85956 179.313 176.357 179.376 177.574 -175.233 -179.024 1.05145 -0.1291 -0.0197049 2.58231 1.9385 -3.74502 1.16735 -1.42716 1.15345 1.18276 -4.51682 -0.524586 179.194 -178.915 -179.979 0.157359 2.5747 -0.080902 1.1416 0.289676 1.14439
-163.845 96.0795 48.1087 0.170097 2.0257 -1.19249 179.186 178.512 179.499 179.186 178.512 179.499 179.186 178.512 179.499 179.186 178.512 179.499 162.164 177.015 -179.424 138.253 145.973 168.891 4.88173 13.0928 -11.2887 176.29 -171.008 -165.053 20.7987 4.46145 1.20774 42.4678 13.8136 6.0423 6.91593 12.9683 -1.91163 12.2591 -3.68902 -4.96769 3.99955 -23.4427 -1.86258 179.315 176.358 179.373 177.578 -175.225 -179.03 1.05145 -0.128952 -0.0197049 2.57969 1.94449 -3.74079 1.16736 -1.42734 1.15345 1.18597 -4.52427 -0.525989 179.194 -178.915 -179.979 0.153126 2.58019 -0.0788072 1.1416 0.289476 1.14439
-163.849 96.0794 48.1004 0.170028 2.02714 -1.19144 179.185 178.511 179.499 179.185 178.511 179.499 179.185 178.511 179.499 179.185 178.511 179.499 162.167 177.017 -179.424 138.251 145.971 168.892 4.88308 13.0949 -11.2931 176.291 -171.007 -165.059 20.7997 4.46279 1.20775 42.4685 13.8136 6.04473 6.91533 12.9659 -1.91264 12.2607 -3.68805 -4.96712 4.00332 -23.4469 -1.86584 179.316 176.358 179.37 177.581 -175.218 -179.037 1.05145 -0.128305 -0.0197049 2.57714 1.94995 -3.73533 1.16736 -1.42755 1.15345 1.18894 -4.53084 -0.527527 179.194 -178.915 -179.979 0.149279 2.58539 -0.0764848 1.14161 0.289173 1.14439
-163.853 96.0792 48.0922 0.169982 2.02836 -1.19046 179.184 178.51 179.499 179.184 178.51 179.499 179.184 178.51 179.499 179.184 178.51 179.499 162.169 177.019 -179.424 138.249 145.969 168.893 4.88457 13.0974 -11.2974 176.291 -171.006 -165.064 20.8005 4.46428 1.20775 42.4691 13.8136 6.04721 6.91492 12.9633 -1.9137 12.2622 -3.68699 -4.9665 4.00732 -23.4509 -1.86927 179.317 176.359 179.367 177.584 -175.211 -179.044 1.05145 -0.127595 -0.0197049 2.57452 1.95532 -3.72887 1.16737 -1.42779 1.15345 1.19182 -4.53709 -0.529142 179.194 -178.914 -179.979 0.145534 2.59048 -0.074104 1.14161 0.28877 1.14439
-163.857 96.0791 48.084 0.169952 2.02947 -1.18954 179.183 178.51 179.5 179.183 178.51 179.5 179.183 178.51 179.5 179.183 178.51 179.5 162.172 177.021 -179.424 138.247 145.966 168.894 4.88612 13.1001 -11.3016 176.292 -171.005 -165.07 20.8011 4.46582 1.20775 42.4698 13.8136 6.04965 6.91472 12.9605 -1.91479 12.2636 -3.68584 -4.96588 4.01151 -23.4548 -1.87283 179.318 176.359 179.364 177.586 -175.204 -179.052 1.05145 -0.126871 -0.0197049 2.5718 1.96067 -3.72156 1.16737 -1.42805 1.15345 1.19464 -4.54318 -0.530744 179.194 -178.914 -179.979 0.141819 2.5955 -0.0717686 1.14162 0.288265 1.14439
-163.861 96.0789 48.076 0.169938 2.03048 -1.18868 179.182 178.509 179.5 179.182 178.509 179.5 179.182 178.509 179.5 179.182 178.509 179.5 162.174 177.024 -179.424 138.245 145.964 168.895 4.88766 13.103 -11.3056 176.292 -171.004 -165.076 20.8014 4.46733 1.20775 42.4704 13.8136 6.05199 6.91474 12.9576 -1.91594 12.265 -3.68457 -4.96526 4.01583 -23.4586 -1.87649 179.318 176.359 179.361 177.589 -175.197 -179.061 1.05145 -0.126136 -0.0197049 2.56896 1.96597 -3.71353 1.16738 -1.42833 1.15345 1.1974 -4.54911 -0.532253 179.194 -178.914 -179.979 0.138112 2.60043 -0.0695615 1.14164 0.287657 1.14439
-163.865 96.0788 48.068 0.169938 2.03141 -1.18789 179.181 178.509 179.5 179.181 178.509 179.5 179.181 178.509 179.5 179.181 178.509 179.5 162.176 177.027 -179.424 138.244 145.962 168.895 4.88918 13.106 -11.3094 176.293 -171.003 -165.082 20.8014 4.46873 1.20776 42.4712 13.8135 6.05417 6.91499 12.9545 -1.91713 12.2663 -3.68317 -4.96465 4.02022 -23.4623 -1.88024 179.319 176.359 179.358 177.592 -175.191 -179.07 1.05145 -0.125389 -0.0197049 2.566 1.97122 -3.70489 1.16738 -1.42862 1.15345 1.20012 -4.55491 -0.533601 179.194 -178.913 -179.979 0.134399 2.60528 -0.0675494 1.14165 0.286943 1.14438
-163.869 96.0787 48.0601 0.169953 2.03224 -1.18717 179.181 178.508 179.5 179.181 178.508 179.5 179.181 178.508 179.5 179.181 178.508 179.5 162.178 177.03 -179.424 138.242 145.96 168.896 4.89065 13.109 -11.3131 176.293 -171.002 -165.089 20.8013 4.46996 1.20776 42.472 13.8134 6.05615 6.91547 12.9513 -1.91838 12.2676 -3.68163 -4.96409 4.02462 -23.4657 -1.88407 179.32 176.358 179.355 177.595 -175.184 -179.08 1.05145 -0.124635 -0.0197049 2.56291 1.9764 -3.69575 1.16739 -1.42891 1.15345 1.20278 -4.56056 -0.534735 179.194 -178.913 -179.979 0.130665 2.61004 -0.0657847 1.14167 0.286121 1.14438
-163.872 96.0786 48.0522 0.169983 2.03298 -1.18652 179.18 178.507 179.501 179.18 178.507 179.501 179.18 178.507 179.501 179.18 178.507 179.501 162.179 177.033 -179.424 138.241 145.958 168.897 4.89209 13.112 -11.3166 176.294 -171.001 -165.095 20.8008 4.47097 1.20776 42.4729 13.8131 6.0579 6.91618 12.948 -1.9197 12.2687 -3.67994 -4.96357 4.02897 -23.469 -1.88798 179.32 176.358 179.353 177.597 -175.178 -179.09 1.05145 -0.123877 -0.0197049 2.55969 1.9815 -3.68621 1.16739 -1.42919 1.15345 1.20539 -4.56609 -0.535613 179.194 -178.912 -179.979 0.126896 2.61471 -0.0643063 1.14169 0.285188 1.14438
-163.876 96.0785 48.0444 0.170027 2.03363 -1.18596 179.179 178.507 179.501 179.179 178.507 179.501 179.179 178.507 179.501 179.179 178.507 179.501 162.181 177.037 -179.424 138.24 145.955 168.897 4.8935 13.115 -11.32 176.294 -171.001 -165.101 20.8002 4.47172 1.20776 42.474 13.8128 6.0594 6.91714 12.9446 -1.92108 12.2697 -3.67807 -4.96311 4.03321 -23.472 -1.89196 179.32 176.358 179.35 177.6 -175.172 -179.1 1.05145 -0.123118 -0.0197049 2.55634 1.98651 -3.67636 1.1674 -1.42946 1.15345 1.20795 -4.57151 -0.536204 179.194 -178.912 -179.979 0.123076 2.61928 -0.0631403 1.14171 0.284142 1.14438
-163.88 96.0784 48.0366 0.170085 2.03421 -1.18548 179.178 178.506 179.501 179.178 178.506 179.501 179.178 178.506 179.501 179.178 178.506 179.501 162.181 177.041 -179.424 138.239 145.954 168.898 4.8949 13.1178 -11.3233 176.295 -171 -165.107 20.7993 4.47217 1.20776 42.4752 13.8123 6.06062 6.91832 12.9411 -1.92254 12.2706 -3.67602 -4.96273 4.03731 -23.4748 -1.896 179.321 176.358 179.348 177.603 -175.166 -179.11 1.05145 -0.122357 -0.0197049 2.55287 1.99141 -3.66629 1.1674 -1.42971 1.15345 1.21048 -4.57682 -0.53649 179.194 -178.911 -179.979 0.119191 2.62376 -0.0623008 1.14173 0.282983 1.14438
-163.883 96.0783 48.0288 0.170155 2.03472 -1.18509 179.178 178.506 179.502 179.178 178.506 179.502 179.178 178.506 179.502 179.178 178.506 179.502 162.182 177.044 -179.424 138.238 145.952 168.898 4.8963 13.1205 -11.3265 176.295 -171 -165.112 20.7981 4.47231 1.20776 42.4766 13.8117 6.06157 6.91975 12.9375 -1.92408 12.2715 -3.67378 -4.96243 4.0412 -23.4773 -1.90011 179.321 176.357 179.346 177.605 -175.16 -179.121 1.05145 -0.121593 -0.0197049 2.54927 1.99621 -3.65607 1.16741 -1.42993 1.15345 1.21297 -4.58206 -0.536461 179.194 -178.911 -179.979 0.115226 2.62816 -0.0617906 1.14175 0.281709 1.14438
-163.886 96.0781 48.0211 0.170237 2.03518 -1.18478 179.177 178.505 179.502 179.177 178.505 179.502 179.177 178.505 179.502 179.177 178.505 179.502 162.182 177.048 -179.424 138.238 145.95 168.898 4.89774 13.123 -11.3296 176.295 -171.001 -165.118 20.7967 4.47213 1.20776 42.4781 13.8109 6.06224 6.9214 12.9338 -1.9257 12.2722 -3.67135 -4.96221 4.04486 -23.4795 -1.90427 179.321 176.357 179.344 177.608 -175.155 -179.131 1.05145 -0.120825 -0.0197049 2.54555 2.0009 -3.64577 1.16741 -1.43012 1.15345 1.21542 -4.58725 -0.536116 179.194 -178.91 -179.979 0.11117 2.63248 -0.0616025 1.14178 0.280319 1.14438
-163.89 96.078 48.0133 0.17033 2.03562 -1.18456 179.177 178.505 179.502 179.177 178.505 179.502 179.177 178.505 179.502 179.177 178.505 179.502 162.182 177.052 -179.424 138.238 145.948 168.898 4.89925 13.1253 -11.3326 176.296 -171.001 -165.123 20.7951 4.47162 1.20776 42.4798 13.81 6.06265 6.92329 12.93 -1.92741 12.2727 -3.66871 -4.96209 4.04825 -23.4815 -1.90848 179.321 176.356 179.342 177.61 -175.149 -179.141 1.05145 -0.120048 -0.0197049 2.54174 2.00546 -3.63546 1.16742 -1.43027 1.15345 1.21785 -4.59241 -0.535462 179.194 -178.91 -179.979 0.107012 2.63674 -0.0617198 1.14181 0.278814 1.14438
-163.893 96.0779 48.0055 0.170432 2.03603 -1.18442 179.176 178.504 179.503 179.176 178.504 179.503 179.176 178.504 179.503 179.176 178.504 179.503 162.182 177.056 -179.424 138.238 145.947 168.898 4.90086 13.1274 -11.3357 176.296 -171.002 -165.128 20.7932 4.47078 1.20776 42.4816 13.8089 6.06279 6.92539 12.9261 -1.92921 12.2732 -3.66587 -4.96207 4.05134 -23.4831 -1.91274 179.321 176.355 179.341 177.612 -175.143 -179.151 1.05145 -0.11926 -0.0197049 2.53783 2.00991 -3.6252 1.16742 -1.43037 1.15345 1.22025 -4.59758 -0.534512 179.194 -178.909 -179.979 0.102743 2.64094 -0.0621174 1.14184 0.277196 1.14438
-163.896 96.0777 47.9977 0.170541 2.03644 -1.18436 179.176 178.504 179.503 179.176 178.504 179.503 179.176 178.504 179.503 179.176 178.504 179.503 162.181 177.06 -179.424 138.238 145.945 168.897 4.90261 13.1293 -11.3388 176.296 -171.003 -165.132 20.7912 4.46962 1.20776 42.4835 13.8076 6.06269 6.92772 12.9222 -1.9311 12.2735 -3.66283 -4.96215 4.05411 -23.4845 -1.91702 179.322 176.354 179.339 177.615 -175.137 -179.16 1.05145 -0.118457 -0.0197049 2.53385 2.01422 -3.61504 1.16742 -1.43044 1.15345 1.22263 -4.60277 -0.533285 179.194 -178.908 -179.979 0.0983586 2.64512 -0.0627635 1.14188 0.275466 1.14438
-163.899 96.0776 47.9899 0.170657 2.03687 -1.18439 179.175 178.503 179.504 179.175 178.503 179.504 179.175 178.503 179.504 179.175 178.503 179.504 162.18 177.064 -179.424 138.239 145.944 168.897 4.90453 13.131 -11.342 176.297 -171.004 -165.137 20.789 4.46814 1.20776 42.4856 13.8061 6.06236 6.93026 12.9181 -1.93307 12.2737 -3.6596 -4.96232 4.05653 -23.4855 -1.92134 179.322 176.354 179.338 177.617 -175.132 -179.169 1.05145 -0.117639 -0.0197049 2.52982 2.01842 -3.60501 1.16742 -1.43045 1.15345 1.22498 -4.60801 -0.531804 179.194 -178.908 -179.979 0.093858 2.64927 -0.0636202 1.14192 0.273628 1.14438
-163.902 96.0774 47.982 0.170778 2.03733 -1.18449 179.175 178.503 179.504 179.175 178.503 179.504 179.175 178.503 179.504 179.175 178.503 179.504 162.179 177.067 -179.424 138.239 145.943 168.896 4.90666 13.1325 -11.3453 176.297 -171.006 -165.141 20.7867 4.46636 1.20775 42.4877 13.8044 6.06183 6.933 12.914 -1.93512 12.2738 -3.65617 -4.96259 4.05859 -23.4862 -1.92567 179.322 176.353 179.337 177.619 -175.126 -179.178 1.05145 -0.116805 -0.0197049 2.52576 2.02248 -3.59516 1.16742 -1.43042 1.15345 1.22732 -4.61332 -0.530094 179.194 -178.907 -179.979 0.0892433 2.65343 -0.0646453 1.14196 0.271685 1.14438
-163.905 96.0773 47.9741 0.170903 2.03783 -1.18468 179.175 178.503 179.505 179.175 178.503 179.505 179.175 178.503 179.505 179.175 178.503 179.505 162.178 177.071 -179.424 138.24 145.941 168.895 4.90903 13.1339 -11.3487 176.298 -171.008 -165.145 20.7843 4.46429 1.20775 42.4899 13.8026 6.0611 6.93593 12.9098 -1.93725 12.2737 -3.65256 -4.96293 4.06028 -23.4867 -1.93001 179.322 176.351 179.336 177.621 -175.12 -179.187 1.05145 -0.115958 -0.0197049 2.52168 2.02643 -3.58551 1.16742 -1.43034 1.15345 1.22965 -4.61873 -0.528184 179.194 -178.907 -179.979 0.0845212 2.65761 -0.0657934 1.142 0.269642 1.14438
-163.908 96.0771 47.9661 0.171031 2.03838 -1.18495 179.175 178.502 179.505 179.175 178.502 179.505 179.175 178.502 179.505 179.175 178.502 179.505 162.176 177.075 -179.424 138.24 145.94 168.895 4.91168 13.1351 -11.3523 176.299 -171.009 -165.149 20.7817 4.46195 1.20775 42.4922 13.8005 6.0602 6.93905 12.9055 -1.93945 12.2735 -3.64878 -4.96336 4.06159 -23.4869 -1.93435 179.322 176.35 179.335 177.624 -175.114 -179.195 1.05145 -0.115102 -0.0197049 2.51762 2.03026 -3.57608 1.16741 -1.43021 1.15345 1.23196 -4.62423 -0.526102 179.194 -178.906 -179.979 0.0797024 2.66183 -0.0670173 1.14204 0.267504 1.14438
-163.911 96.0769 47.958 0.171162 2.03897 -1.1853 179.175 178.502 179.506 179.175 178.502 179.506 179.175 178.502 179.506 179.175 178.502 179.506 162.175 177.079 -179.424 138.241 145.939 168.894 4.91463 13.1362 -11.3561 176.299 -171.012 -165.152 20.7791 4.45935 1.20774 42.4944 13.7984 6.05916 6.94234 12.9012 -1.94172 12.2732 -3.64484 -4.96384 4.06252 -23.4867 -1.9387 179.322 176.349 179.334 177.626 -175.108 -179.203 1.05145 -0.114247 -0.0197049 2.51359 2.03398 -3.56689 1.16741 -1.43003 1.15345 1.23425 -4.62985 -0.523877 179.194 -178.906 -179.979 0.0748018 2.66611 -0.0682693 1.14208 0.265277 1.14438
-163.914 96.0768 47.9499 0.171295 2.03962 -1.18574 179.175 178.502 179.506 179.175 178.502 179.506 179.175 178.502 179.506 179.175 178.502 179.506 162.173 177.082 -179.424 138.242 145.938 168.893 4.9179 13.1371 -11.3602 176.3 -171.014 -165.156 20.7765 4.45651 1.20774 42.4966 13.796 6.058 6.94578 12.8968 -1.94405 12.2728 -3.64076 -4.96436 4.06308 -23.4863 -1.94303 179.323 176.347 179.334 177.628 -175.102 -179.21 1.05145 -0.113405 -0.0197049 2.50963 2.0376 -3.55794 1.16741 -1.4298 1.15345 1.23653 -4.63557 -0.521536 179.194 -178.905 -179.979 0.0698381 2.67046 -0.0695027 1.14213 0.262969 1.14438
-163.917 96.0766 47.9418 0.171433 2.0403 -1.18628 179.175 178.502 179.507 179.175 178.502 179.507 179.175 178.502 179.507 179.175 178.502 179.507 162.171 177.086 -179.424 138.242 145.937 168.892 4.92152 13.1381 -11.3646 176.302 -171.016 -165.16 20.7739 4.45344 1.20773 42.4988 13.7936 6.05673 6.94938 12.8923 -1.94643 12.2722 -3.63653 -4.96492 4.06326 -23.4857 -1.94736 179.323 176.346 179.334 177.63 -175.096 -179.217 1.05146 -0.112589 -0.0197049 2.50574 2.04113 -3.54923 1.1674 -1.42953 1.15345 1.23879 -4.6414 -0.519104 179.194 -178.905 -179.979 0.0648334 2.67491 -0.0706729 1.14218 0.260586 1.14438
-163.919 96.0764 47.9336 0.171574 2.04102 -1.18692 179.175 178.502 179.507 179.175 178.502 179.507 179.175 178.502 179.507 179.175 178.502 179.507 162.169 177.089 -179.424 138.243 145.936 168.891 4.9255 13.1389 -11.3693 176.303 -171.018 -165.164 20.7713 4.45015 1.20773 42.5008 13.791 6.05538 6.95311 12.8878 -1.94886 12.2715 -3.63219 -4.96548 4.06308 -23.4848 -1.95166 179.323 176.344 179.333 177.632 -175.09 -179.224 1.05146 -0.111819 -0.0197049 2.50195 2.04459 -3.54077 1.16739 -1.42923 1.15345 1.24103 -4.64733 -0.516605 179.194 -178.905 -179.979 0.0598126 2.67945 -0.0717383 1.14223 0.258135 1.14438
-163.922 96.0762 47.9254 0.171721 2.04176 -1.18767 179.175 178.502 179.508 179.175 178.502 179.508 179.175 178.502 179.508 179.175 178.502 179.508 162.167 177.093 -179.424 138.243 145.935 168.89 4.92985 13.1398 -11.3742 176.305 -171.02 -165.168 20.7687 4.44665 1.20772 42.5028 13.7884 6.05396 6.95696 12.8832 -1.95134 12.2707 -3.62775 -4.96602 4.06255 -23.4837 -1.95595 179.323 176.342 179.333 177.634 -175.084 -179.23 1.05146 -0.111117 -0.0197049 2.49827 2.04798 -3.53253 1.16739 -1.42889 1.15345 1.24324 -4.65333 -0.51406 179.194 -178.904 -179.979 0.0548033 2.6841 -0.0726614 1.14228 0.255626 1.14438
-163.925 96.076 47.9171 0.171875 2.0425 -1.18853 179.175 178.502 179.508 179.175 178.502 179.508 179.175 178.502 179.508 179.175 178.502 179.508 162.165 177.097 -179.424 138.243 145.934 168.889 4.93457 13.1406 -11.3795 176.306 -171.023 -165.172 20.7663 4.44295 1.20771 42.5046 13.7857 6.0525 6.96091 12.8786 -1.95384 12.2698 -3.62321 -4.96653 4.06168 -23.4824 -1.96023 179.323 176.34 179.333 177.636 -175.078 -179.235 1.05146 -0.110504 -0.0197049 2.49473 2.05132 -3.52452 1.16738 -1.42853 1.15345 1.24542 -4.65938 -0.511487 179.194 -178.904 -179.979 0.0498344 2.68887 -0.0734096 1.14233 0.253067 1.14438
-163.927 96.0758 47.9089 0.172039 2.04322 -1.18953 179.175 178.502 179.509 179.175 178.502 179.509 179.175 178.502 179.509 179.175 178.502 179.509 162.162 177.1 -179.424 138.243 145.932 168.888 4.93966 13.1415 -11.3852 176.308 -171.025 -165.176 20.7639 4.43906 1.20771 42.5062 13.783 6.05101 6.96495 12.8739 -1.95638 12.2687 -3.6186 -4.96697 4.0605 -23.4809 -1.96448 179.324 176.338 179.333 177.638 -175.072 -179.241 1.05146 -0.110008 -0.0197049 2.49132 2.05464 -3.51672 1.16737 -1.42814 1.15345 1.24756 -4.66546 -0.508902 179.194 -178.904 -179.979 0.0449357 2.69376 -0.0739558 1.14238 0.250466 1.14438
-163.93 96.0756 47.9006 0.172215 2.04389 -1.19065 179.175 178.502 179.509 179.175 178.502 179.509 179.175 178.502 179.509 179.175 178.502 179.509 162.16 177.104 -179.424 138.243 145.931 168.887 4.9451 13.1423 -11.3911 176.311 -171.027 -165.181 20.7617 4.43498 1.2077 42.5077 13.7802 6.0495 6.96906 12.8692 -1.95895 12.2676 -3.61394 -4.96734 4.059 -23.4793 -1.96872 179.324 176.336 179.333 177.639 -175.066 -179.246 1.05146 -0.109653 -0.0197049 2.48807 2.05794 -3.50911 1.16736 -1.42773 1.15345 1.24967 -4.67154 -0.506317 179.194 -178.903 -179.979 0.0401368 2.69876 -0.0742787 1.14243 0.247833 1.14438
-163.932 96.0755 47.8923 0.172406 2.0445 -1.19192 179.176 178.502 179.51 179.176 178.502 179.51 179.176 178.502 179.51 179.176 178.502 179.51 162.158 177.107 -179.424 138.243 145.93 168.887 4.95087 13.1432 -11.3974 176.313 -171.029 -165.186 20.7596 4.43071 1.20769 42.5089 13.7774 6.04799 6.97323 12.8644 -1.96154 12.2663 -3.60923 -4.96759 4.05723 -23.4775 -1.97295 179.324 176.334 179.334 177.641 -175.06 -179.25 1.05146 -0.109468 -0.0197049 2.48497 2.06124 -3.50168 1.16736 -1.42732 1.15345 1.25173 -4.67759 -0.503743 179.194 -178.903 -179.979 0.0354662 2.70387 -0.0743633 1.14248 0.245175 1.14438
-163.935 96.0753 47.8841 0.172615 2.04501 -1.19333 179.176 178.502 179.511 179.176 178.502 179.511 179.176 178.502 179.511 179.176 178.502 179.511 162.156 177.111 -179.424 138.242 145.928 168.886 4.95697 13.1441 -11.404 176.316 -171.031 -165.191 20.7576 4.42624 1.20769 42.5099 13.7747 6.04649 6.97744 12.8596 -1.96414 12.2649 -3.60449 -4.96771 4.0552 -23.4757 -1.97717 179.325 176.332 179.334 177.643 -175.055 -179.255 1.05146 -0.109479 -0.0197049 2.48202 2.06457 -3.49442 1.16735 -1.42691 1.15345 1.25373 -4.68356 -0.501189 179.194 -178.903 -179.979 0.0309511 2.70909 -0.0742008 1.14254 0.242502 1.14438
-163.937 96.0751 47.8759 0.172843 2.04539 -1.19488 179.177 178.502 179.511 179.177 178.502 179.511 179.177 178.502 179.511 179.177 178.502 179.511 162.153 177.115 -179.424 138.241 145.927 168.885 4.96335 13.1451 -11.4109 176.318 -171.032 -165.197 20.7559 4.42159 1.20768 42.5107 13.772 6.045 6.98168 12.8548 -1.96677 12.2635 -3.59974 -4.96769 4.05293 -23.4739 -1.98138 179.325 176.33 179.334 177.645 -175.05 -179.259 1.05146 -0.109709 -0.0197049 2.47922 2.06794 -3.48731 1.16734 -1.4265 1.15345 1.25568 -4.68944 -0.498664 179.194 -178.903 -179.979 0.0266156 2.7144 -0.0737883 1.14259 0.239822 1.14438
-163.94 96.0749 47.8677 0.173094 2.04563 -1.19658 179.177 178.502 179.512 179.177 178.502 179.512 179.177 178.502 179.512 179.177 178.502 179.512 162.151 177.118 -179.424 138.24 145.925 168.885 4.96999 13.1461 -11.418 176.321 -171.034 -165.203 20.7543 4.41674 1.20767 42.5113 13.7693 6.04354 6.98594 12.8499 -1.9694 12.2619 -3.595 -4.9675 4.05045 -23.472 -1.9856 179.325 176.328 179.334 177.646 -175.045 -179.262 1.05146 -0.110181 -0.0197049 2.47657 2.07137 -3.48036 1.16733 -1.4261 1.15345 1.25757 -4.69517 -0.496173 179.194 -178.903 -179.979 0.0224806 2.71979 -0.073129 1.14265 0.237143 1.14438
-163.942 96.0747 47.8596 0.17337 2.04569 -1.19842 179.178 178.502 179.512 179.178 178.502 179.512 179.178 178.502 179.512 179.178 178.502 179.512 162.149 177.122 -179.424 138.239 145.923 168.884 4.97684 13.1471 -11.4253 176.324 -171.035 -165.21 20.753 4.4117 1.20766 42.5117 13.7667 6.04212 6.99019 12.845 -1.97205 12.2602 -3.59029 -4.96713 4.04778 -23.4702 -1.98983 179.326 176.326 179.335 177.648 -175.04 -179.266 1.05146 -0.110915 -0.0197049 2.47405 2.07487 -3.47355 1.16732 -1.42573 1.15344 1.25939 -4.70074 -0.493725 179.194 -178.903 -179.979 0.0185632 2.72525 -0.0722315 1.1427 0.234475 1.14438
-163.944 96.0746 47.8516 0.173672 2.04557 -1.20039 179.178 178.502 179.513 179.178 178.502 179.513 179.178 178.502 179.513 179.178 178.502 179.513 162.146 177.126 -179.424 138.238 145.921 168.883 4.98386 13.1482 -11.4329 176.328 -171.036 -165.217 20.7518 4.40645 1.20765 42.5119 13.7641 6.04073 6.99443 12.84 -1.9747 12.2584 -3.58561 -4.96657 4.04496 -23.4684 -1.99408 179.326 176.324 179.335 177.649 -175.036 -179.269 1.05146 -0.111924 -0.0197049 2.47166 2.07847 -3.46688 1.16732 -1.42537 1.15344 1.26114 -4.70612 -0.491326 179.194 -178.903 -179.979 0.014876 2.73076 -0.0711094 1.14275 0.231823 1.14438
-163.947 96.0744 47.8436 0.174001 2.04524 -1.20249 179.179 178.501 179.514 179.179 178.501 179.514 179.179 178.501 179.514 179.179 178.501 179.514 162.144 177.129 -179.424 138.236 145.919 168.883 4.99101 13.1493 -11.4406 176.331 -171.037 -165.225 20.7509 4.401 1.20765 42.5119 13.7616 6.03938 6.99865 12.835 -1.97736 12.2564 -3.58099 -4.9658 4.04201 -23.4668 -1.99835 179.327 176.322 179.335 177.651 -175.032 -179.272 1.05145 -0.11322 -0.0197049 2.46937 2.08217 -3.46036 1.16731 -1.42505 1.15344 1.26282 -4.71128 -0.488984 179.194 -178.902 -179.979 0.0114268 2.7363 -0.0697808 1.1428 0.229196 1.14438
-163.949 96.0742 47.8357 0.174357 2.0447 -1.20468 179.179 178.501 179.514 179.179 178.501 179.514 179.179 178.501 179.514 179.179 178.501 179.514 162.142 177.133 -179.424 138.234 145.917 168.882 4.99824 13.1503 -11.4485 176.335 -171.038 -165.233 20.7502 4.39534 1.20764 42.5117 13.7593 6.03808 7.00283 12.8299 -1.98002 12.2543 -3.57644 -4.96483 4.03895 -23.4653 -2.00266 179.327 176.321 179.335 177.652 -175.029 -179.275 1.05145 -0.114808 -0.0197049 2.46716 2.08599 -3.45398 1.1673 -1.42476 1.15344 1.26443 -4.71621 -0.486709 179.194 -178.902 -179.979 0.00821915 2.74185 -0.0682675 1.14286 0.2266 1.14438
-163.95 96.0741 47.8312 0.175173 2.03917 -1.20773 179.18 178.5 179.515 179.18 178.5 179.515 179.18 178.5 179.515 179.18 178.5 179.515 162.139 177.135 -179.424 138.232 145.916 168.88 5.00036 13.1503 -11.4523 176.336 -171.038 -165.235 20.7493 4.39323 1.20763 42.5105 13.7583 6.038 7.0035 12.8283 -1.98098 12.2548 -3.57504 -4.96464 4.03787 -23.4639 -2.00391 179.327 176.32 179.335 177.653 -175.033 -179.274 1.05145 -0.115842 -0.0197049 2.46634 2.08702 -3.45055 1.1673 -1.42471 1.15344 1.26474 -4.71398 -0.484725 179.194 -178.902 -179.979 0.00734508 2.74451 -0.0663207 1.14287 0.225959 1.14438
-163.953 96.0739 47.8207 0.175217 2.04094 -1.20953 179.181 178.5 179.515 179.181 178.5 179.515 179.181 178.5 179.515 179.181 178.5 179.515 162.138 177.14 -179.424 138.231 145.914 168.878 5.00957 13.1512 -11.4629 176.34 -171.037 -165.246 20.7492 4.38506 1.20762 42.5101 13.7553 6.03771 7.00829 12.8227 -1.98398 12.253 -3.56946 -4.96316 4.03324 -23.463 -2.00955 179.327 176.318 179.335 177.655 -175.026 -179.277 1.05145 -0.119889 -0.0197049 2.46324 2.09391 -3.44417 1.1673 -1.42451 1.15344 1.26721 -4.72287 -0.482515 179.194 -178.902 -179.979 0.00307927 2.75241 -0.064544 1.14292 0.223373 1.14438
-163.955 96.0737 47.8125 0.175598 2.04116 -1.21168 179.181 178.5 179.516 179.181 178.5 179.516 179.181 178.5 179.516 179.181 178.5 179.516 162.136 177.144 -179.424 138.229 145.911 168.878 5.0177 13.1525 -11.4718 176.344 -171.037 -165.256 20.749 4.37835 1.20761 42.51 13.7529 6.03589 7.01282 12.8172 -1.98701 12.2507 -3.56471 -4.96145 4.02988 -23.4623 -2.01443 179.328 176.316 179.335 177.656 -175.022 -179.28 1.05145 -0.122024 -0.0197049 2.461 2.09846 -3.43806 1.1673 -1.42434 1.15344 1.26877 -4.72882 -0.480513 179.194 -178.902 -179.979 0.000119685 2.75833 -0.0627284 1.14297 0.220816 1.14438
-163.957 96.0737 47.8081 0.176447 2.03553 -1.21474 179.182 178.499 179.516 179.182 178.499 179.516 179.182 178.499 179.516 179.182 178.499 179.516 162.133 177.146 -179.424 138.227 145.91 168.876 5.01988 13.1525 -11.476 176.345 -171.037 -165.259 20.7486 4.37592 1.20761 42.5088 13.7519 6.0358 7.01348 12.8154 -1.98797 12.2511 -3.56339 -4.96103 4.02874 -23.4612 -2.01583 179.328 176.315 179.334 177.656 -175.026 -179.28 1.05145 -0.123204 -0.0197049 2.46017 2.09968 -3.43479 1.1673 -1.42432 1.15344 1.26898 -4.72651 -0.478609 179.194 -178.902 -179.979 180 177.239 179.939 1.14298 0.220188 1.14438
-163.96 96.0734 47.7978 0.176578 2.03667 -1.21651 179.183 178.498 179.517 179.183 178.498 179.517 179.183 178.498 179.517 179.183 178.498 179.517 162.132 177.151 -179.424 138.225 145.907 168.874 5.02933 13.1535 -11.487 176.349 -171.036 -165.271 20.7491 4.36678 1.20759 42.5083 13.749 6.03529 7.01824 12.8094 -1.99102 12.2488 -3.55821 -4.95877 4.02409 -23.4612 -2.02191 179.329 176.314 179.334 177.658 -175.021 -179.283 1.05145 -0.128037 -0.0197049 2.45709 2.10706 -3.42876 1.16729 -1.42427 1.15344 1.2712 -4.73466 -0.476773 179.194 -178.902 -179.979 179.996 177.231 179.941 1.14303 0.217672 1.14438
-163.962 96.0732 47.7898 0.177015 2.03627 -1.21851 179.184 178.498 179.517 179.184 178.498 179.517 179.184 178.498 179.517 179.184 178.498 179.517 162.13 177.155 -179.424 138.222 145.903 168.873 5.03738 13.1549 -11.4958 176.354 -171.035 -165.282 20.7495 4.35923 1.20758 42.508 13.7468 6.03338 7.02279 12.8036 -1.99401 12.246 -3.55392 -4.95645 4.02085 -23.4616 -2.02714 179.33 176.312 179.333 177.659 -175.018 -179.286 1.05145 -0.130872 -0.0197049 2.45478 2.11208 -3.42311 1.16729 -1.42425 1.15344 1.27257 -4.73988 -0.47518 179.194 -178.902 -179.979 179.994 177.226 179.943 1.14308 0.215202 1.14438
-163.963 96.0731 47.7854 0.177885 2.03039 -1.22136 179.184 178.496 179.518 179.184 178.496 179.518 179.184 178.496 179.518 179.184 178.496 179.518 162.127 177.156 -179.424 138.22 145.902 168.871 5.03938 13.1549 -11.5 176.355 -171.034 -165.285 20.7494 4.35652 1.20757 42.5069 13.7458 6.03339 7.02339 12.8017 -1.99487 12.2462 -3.55282 -4.95585 4.01979 -23.4608 -2.02864 179.33 176.311 179.333 177.66 -175.022 -179.285 1.05145 -0.132227 -0.0197049 2.45384 2.11354 -3.42017 1.16729 -1.42427 1.15344 1.27267 -4.73726 -0.473504 179.194 -178.902 -179.979 179.993 177.223 179.945 1.1431 0.214597 1.14438
-163.966 96.0729 47.7732 0.177831 2.03664 -1.22179 179.185 178.496 179.518 179.185 178.496 179.518 179.185 178.496 179.518 179.185 178.496 179.518 162.127 177.182 -179.424 138.215 145.848 168.877 5.04321 13.1178 -11.4956 176.57 -171.111 -165.4 20.7519 4.32506 1.20752 42.4997 13.799 6.02298 7.09865 12.6678 -2.02857 11.9517 -3.4771 -4.9058 4.01175 -23.4696 -2.07234 179.334 176.306 179.364 177.662 -175.009 -179.31 1.05145 -0.134374 -0.0197049 2.44882 2.12259 -3.394 1.16732 -1.42542 1.15344 1.27535 -4.75183 -0.474431 179.194 -178.902 -179.979 179.989 177.214 179.949 1.14404 0.167495 1.14438
-163.967 96.0728 47.7695 0.178773 2.02915 -1.22459 179.186 178.495 179.519 179.186 178.495 179.519 179.186 178.495 179.519 179.186 178.495 179.519 162.124 177.183 -179.424 138.213 145.848 168.875 5.04349 13.1173 -11.4989 176.571 -171.11 -165.401 20.7517 4.32353 1.20752 42.4983 13.7984 6.02405 7.09794 12.667 -2.02858 11.953 -3.47685 -4.90566 4.01114 -23.4686 -2.0729 179.334 176.306 179.364 177.662 -175.015 -179.309 1.05145 -0.135747 -0.0197049 2.44802 2.1236 -3.3921 1.16732 -1.42544 1.15344 1.27519 -4.74713 -0.472854 179.194 -178.903 -179.979 179.989 177.212 179.951 1.14404 0.1675 1.14438
-163.97 96.0725 47.7601 0.179012 2.02683 -1.22579 179.187 178.493 179.519 179.187 178.493 179.519 179.187 178.493 179.519 179.187 178.493 179.519 162.123 177.187 -179.424 138.213 145.848 168.868 5.04728 13.1165 -11.508 176.571 -171.107 -165.407 20.7526 4.31684 1.20751 42.4969 13.7964 6.02736 7.09803 12.6648 -2.02898 11.9547 -3.475 -4.90449 4.00806 -23.4702 -2.07664 179.334 176.306 179.362 177.664 -175.015 -179.309 1.05144 -0.142744 -0.0197049 2.44486 2.13169 -3.39037 1.16732 -1.42558 1.15344 1.27689 -4.75105 -0.471754 179.194 -178.902 -179.979 179.987 177.205 179.952 1.14404 0.167461 1.14438
-163.971 96.0724 47.7556 0.17985 2.02081 -1.2279 179.188 178.492 179.519 179.188 178.492 179.519 179.188 178.492 179.519 179.188 178.492 179.519 162.121 177.188 -179.424 138.21 145.848 168.866 5.04809 13.1161 -11.5121 176.572 -171.106 -165.409 20.7527 4.31458 1.20751 42.4959 13.7955 6.02825 7.09765 12.6639 -2.02921 11.956 -3.47464 -4.90409 4.0074 -23.4701 -2.07776 179.334 176.306 179.361 177.664 -175.019 -179.308 1.05144 -0.144588 -0.019705 2.44362 2.13383 -3.38882 1.16732 -1.42564 1.15344 1.27695 -4.74826 -0.470549 179.194 -178.902 -179.979 179.987 177.203 179.954 1.14404 0.167452 1.14438
-163.974 96.0721 47.7454 0.179992 2.02089 -1.2281 179.189 178.49 179.519 179.189 178.49 179.519 179.189 178.49 179.519 179.189 178.49 179.519 162.12 177.192 -179.424 138.209 145.847 168.86 5.05329 13.1158 -11.5224 176.573 -171.102 -165.416 20.7539 4.30641 1.20749 42.4956 13.793 6.03009 7.09863 12.6611 -2.03008 11.9576 -3.47294 -4.90223 4.00485 -23.4737 -2.08281 179.334 176.307 179.359 177.665 -175.016 -179.309 1.05144 -0.151218 -0.019705 2.43988 2.14287 -3.3874 1.16733 -1.42587 1.15344 1.27887 -4.7551 -0.470115 179.194 -178.902 -179.979 179.985 177.196 179.955 1.14404 0.16734 1.14438
-163.975 96.072 47.7408 0.180797 2.01508 -1.2297 179.19 178.489 179.519 179.19 178.489 179.519 179.19 178.489 179.519 179.19 178.489 179.519 162.118 177.193 -179.424 138.206 145.846 168.858 5.05429 13.1157 -11.5266 176.574 -171.1 -165.419 20.7542 4.30384 1.20749 42.4949 13.7921 6.03072 7.09844 12.66 -2.03025 11.9588 -3.47273 -4.9017 4.00444 -23.474 -2.08416 179.334 176.306 179.358 177.666 -175.02 -179.309 1.05144 -0.152824 -0.019705 2.43845 2.14517 -3.38611 1.16733 -1.42595 1.15344 1.27893 -4.75254 -0.469246 179.194 -178.902 -179.979 179.984 177.194 179.956 1.14404 0.167313 1.14438
-163.978 96.0717 47.7303 0.180891 2.01548 -1.22908 179.191 178.488 179.519 179.191 178.488 179.519 179.191 178.488 179.519 179.191 178.488 179.519 162.118 177.196 -179.424 138.205 145.844 168.852 5.0599 13.1158 -11.5368 176.575 -171.094 -165.427 20.7557 4.29474 1.20748 42.4953 13.7894 6.03171 7.09985 12.6569 -2.03085 11.9598 -3.47167 -4.89969 4.00269 -23.4787 -2.08992 179.336 176.307 179.354 177.667 -175.015 -179.31 1.05144 -0.158765 -0.019705 2.43435 2.15428 -3.38498 1.16734 -1.42626 1.15345 1.28087 -4.75973 -0.46944 179.194 -178.902 -179.979 179.982 177.187 179.957 1.14404 0.167131 1.14438
-163.98 96.0715 47.7222 0.181263 2.01428 -1.22883 179.192 178.486 179.519 179.192 178.486 179.519 179.192 178.486 179.519 179.192 178.486 179.519 162.117 177.198 -179.424 138.202 145.841 168.848 5.06439 13.1164 -11.5443 176.577 -171.088 -165.434 20.757 4.28735 1.20746 42.4961 13.7874 6.03096 7.10141 12.654 -2.03134 11.9604 -3.47117 -4.89803 4.00216 -23.4827 -2.09484 179.337 176.307 179.352 177.669 -175.013 -179.312 1.05144 -0.161945 -0.019705 2.43119 2.16041 -3.38381 1.16734 -1.42659 1.15345 1.28203 -4.76388 -0.469694 179.194 -178.902 -179.979 179.98 177.182 179.958 1.14405 0.166898 1.14438
-163.981 96.0714 47.7178 0.182041 2.00793 -1.22969 179.193 178.485 179.518 179.193 178.485 179.518 179.193 178.485 179.518 179.193 178.485 179.518 162.115 177.199 -179.424 138.199 145.84 168.846 5.06518 13.1164 -11.548 176.578 -171.086 -165.436 20.7575 4.28468 1.20746 42.4957 13.7865 6.03148 7.10129 12.6529 -2.03112 11.9613 -3.47133 -4.89759 4.00222 -23.4833 -2.09621 179.338 176.307 179.351 177.669 -175.017 -179.312 1.05144 -0.16308 -0.019705 2.42959 2.16261 -3.38291 1.16734 -1.42669 1.15345 1.28203 -4.76058 -0.469309 179.194 -178.903 -179.979 179.98 177.18 179.959 1.14405 0.166845 1.14438
-163.984 96.0711 47.7074 0.182064 2.00765 -1.2279 179.194 178.483 179.518 179.194 178.483 179.518 179.194 178.483 179.518 179.194 178.483 179.518 162.115 177.203 -179.424 138.197 145.837 168.839 5.07001 13.1167 -11.5567 176.581 -171.079 -165.443 20.7593 4.27522 1.20744 42.4966 13.7841 6.03225 7.10272 12.6497 -2.03036 11.9613 -3.47155 -4.89616 4.00189 -23.4891 -2.10223 179.34 176.308 179.347 177.671 -175.012 -179.314 1.05144 -0.1682 -0.019705 2.42508 2.17161 -3.38243 1.16735 -1.42708 1.15345 1.28393 -4.76685 -0.470366 179.194 -178.902 -179.979 179.977 177.173 179.959 1.14405 0.166573 1.14438
-163.986 96.0709 47.6992 0.182367 2.00625 -1.22659 179.195 178.482 179.517 179.195 178.482 179.517 179.195 178.482 179.517 179.195 178.482 179.517 162.116 177.206 -179.424 138.194 145.833 168.834 5.07368 13.1173 -11.5631 176.584 -171.072 -165.449 20.7609 4.26776 1.20743 42.4977 13.7825 6.03134 7.10418 12.6468 -2.02953 11.961 -3.47204 -4.89512 4.0026 -23.4942 -2.10743 179.341 176.308 179.344 177.672 -175.01 -179.316 1.05144 -0.170736 -0.019705 2.42158 2.17781 -3.38189 1.16736 -1.42747 1.15345 1.28512 -4.77071 -0.471331 179.194 -178.903 -179.979 179.976 177.169 179.96 1.14406 0.166259 1.14438
-163.987 96.0708 47.6947 0.183098 1.99977 -1.22664 179.196 178.48 179.517 179.196 178.48 179.517 179.196 178.48 179.517 179.196 178.48 179.517 162.113 177.206 -179.424 138.191 145.832 168.832 5.07421 13.1172 -11.5665 176.585 -171.07 -165.451 20.7617 4.26516 1.20743 42.4976 13.7818 6.03186 7.10407 12.6458 -2.02875 11.9617 -3.47251 -4.89484 4.00318 -23.495 -2.10882 179.342 176.308 179.343 177.672 -175.014 -179.316 1.05143 -0.171531 -0.019705 2.41977 2.18017 -3.38147 1.16736 -1.42758 1.15345 1.28512 -4.76721 -0.471415 179.194 -178.903 -179.979 179.975 177.167 179.96 1.14406 0.166187 1.14438
-163.99 96.0704 47.684 0.18303 1.99949 -1.2236 179.197 178.478 179.516 179.197 178.478 179.516 179.197 178.478 179.516 179.197 178.478 179.516 162.114 177.21 -179.424 138.189 145.828 168.824 5.07817 13.1173 -11.5741 176.589 -171.061 -165.457 20.7638 4.2561 1.20741 42.4989 13.7798 6.0326 7.10505 12.6426 -2.02605 11.9607 -3.47379 -4.89432 4.00462 -23.5019 -2.11494 179.344 176.308 179.34 177.674 -175.008 -179.319 1.05143 -0.175597 -0.019705 2.41487 2.18913 -3.38183 1.16737 -1.42799 1.15345 1.28711 -4.77341 -0.473237 179.194 -178.903 -179.979 179.973 177.16 179.96 1.14407 0.165841 1.14438
-163.993 96.0702 47.6757 0.183272 1.99809 -1.22129 179.198 178.477 179.515 179.198 178.477 179.515 179.198 178.477 179.515 179.198 178.477 179.515 162.115 177.213 -179.424 138.186 145.823 168.819 5.0811 13.1176 -11.5796 176.593 -171.053 -165.461 20.7657 4.24921 1.2074 42.5003 13.7787 6.03166 7.10597 12.6399 -2.02338 11.9596 -3.47508 -4.8942 4.00685 -23.5076 -2.12028 179.346 176.309 179.337 177.675 -175.005 -179.322 1.05143 -0.177183 -0.019705 2.41109 2.19523 -3.38202 1.16738 -1.42837 1.15345 1.28836 -4.77721 -0.47479 179.194 -178.903 -179.979 179.97 177.156 179.96 1.14408 0.165458 1.14438
-163.995 96.07 47.6677 0.183536 1.99569 -1.21888 179.199 178.475 179.514 179.199 178.475 179.514 179.199 178.475 179.514 179.199 178.475 179.514 162.116 177.215 -179.424 138.183 145.819 168.814 5.08361 13.1176 -11.5844 176.597 -171.046 -165.464 20.7677 4.24281 1.20739 42.5015 13.7779 6.03095 7.10652 12.6373 -2.02004 11.9583 -3.47646 -4.89442 4.0094 -23.5127 -2.12529 179.348 176.308 179.334 177.676 -175.002 -179.324 1.05143 -0.178398 -0.019705 2.4074 2.20086 -3.38235 1.16738 -1.42874 1.15345 1.2895 -4.77973 -0.476429 179.194 -178.903 -179.979 179.969 177.151 179.96 1.14409 0.165055 1.14438
-163.996 96.0699 47.6631 0.184239 1.98892 -1.21802 179.2 178.474 179.513 179.2 178.474 179.513 179.2 178.474 179.513 179.2 178.474 179.513 162.113 177.216 -179.424 138.18 145.817 168.811 5.08385 13.1175 -11.5872 176.599 -171.043 -165.465 20.7689 4.24066 1.20739 42.5018 13.7775 6.03153 7.10625 12.6364 -2.01829 11.9587 -3.47719 -4.89445 4.01071 -23.5137 -2.12655 179.349 176.308 179.333 177.677 -175.006 -179.324 1.05143 -0.178662 -0.019705 2.40541 2.20328 -3.38246 1.16739 -1.42884 1.15345 1.28949 -4.77584 -0.47699 179.194 -178.903 -179.979 179.968 177.15 179.96 1.14409 0.164964 1.14438
-164 96.0696 47.6524 0.184093 1.98846 -1.21365 179.201 178.472 179.512 179.201 178.472 179.512 179.201 178.472 179.512 179.201 178.472 179.512 162.115 177.219 -179.424 138.178 145.813 168.803 5.08686 13.1168 -11.5936 176.604 -171.034 -165.468 20.7716 4.23313 1.20738 42.5034 13.7763 6.03243 7.10597 12.6334 -2.01222 11.9569 -3.47934 -4.8956 4.01466 -23.5207 -2.13237 179.351 176.309 179.329 177.679 -175 -179.327 1.05143 -0.18119 -0.019705 2.40014 2.21188 -3.38395 1.16739 -1.42918 1.15345 1.2916 -4.78172 -0.479566 179.194 -178.903 -179.979 179.965 177.143 179.959 1.1441 0.164543 1.14438
-164.002 96.0694 47.644 0.184298 1.98696 -1.21035 179.202 178.47 179.511 179.202 178.47 179.511 179.202 178.47 179.511 179.202 178.47 179.511 162.117 177.221 -179.424 138.176 145.807 168.797 5.08906 13.1163 -11.5982 176.608 -171.026 -165.47 20.7742 4.22783 1.20737 42.505 13.7759 6.03155 7.10558 12.6309 -2.00644 11.955 -3.48115 -4.89704 4.019 -23.5264 -2.13755 179.353 176.309 179.326 177.68 -174.996 -179.33 1.05143 -0.181486 -0.019705 2.3961 2.21762 -3.38509 1.1674 -1.42948 1.15345 1.29293 -4.78533 -0.481681 179.194 -178.903 -179.979 179.963 177.139 179.958 1.1441 0.16409 1.14438
-164.005 96.0692 47.6359 0.184545 1.98444 -1.20706 179.203 178.469 179.51 179.203 178.469 179.51 179.203 178.469 179.51 179.203 178.469 179.51 162.118 177.223 -179.424 138.173 145.802 168.791 5.09105 13.1154 -11.6022 176.613 -171.018 -165.471 20.7769 4.22307 1.20736 42.5063 13.7758 6.03084 7.1048 12.6284 -2.00005 11.9532 -3.48283 -4.89877 4.02355 -23.5312 -2.14242 179.354 176.309 179.324 177.682 -174.993 -179.332 1.05143 -0.181502 -0.019705 2.39219 2.22289 -3.38634 1.16741 -1.42973 1.15345 1.29415 -4.78764 -0.483833 179.194 -178.903 -179.979 179.961 177.135 179.958 1.14411 0.163625 1.14438
-164.007 96.069 47.6279 0.184803 1.98162 -1.20367 179.204 178.467 179.509 179.204 178.467 179.509 179.204 178.467 179.509 179.204 178.467 179.509 162.119 177.224 -179.424 138.171 145.797 168.786 5.09288 13.1142 -11.606 176.618 -171.011 -165.471 20.7798 4.21881 1.20736 42.5076 13.7758 6.03026 7.10366 12.626 -1.99301 11.9513 -3.48441 -4.90082 4.02841 -23.5356 -2.14708 179.356 176.309 179.321 177.683 -174.99 -179.334 1.05143 -0.181435 -0.019705 2.38827 2.22807 -3.3878 1.16741 -1.42995 1.15345 1.29535 -4.78957 -0.486074 179.194 -178.903 -179.979 179.959 177.13 179.958 1.14412 0.163152 1.14438
-164.01 96.0688 47.62 0.185069 1.97869 -1.20018 179.205 178.465 179.508 179.205 178.465 179.508 179.205 178.465 179.508 179.205 178.465 179.508 162.121 177.226 -179.424 138.169 145.791 168.78 5.09461 13.1126 -11.6096 176.623 -171.004 -165.47 20.7829 4.21505 1.20735 42.5088 13.776 6.02972 7.10216 12.6237 -1.98528 11.9494 -3.48589 -4.9032 4.03365 -23.5397 -2.15157 179.357 176.309 179.319 177.684 -174.987 -179.336 1.05143 -0.181231 -0.019705 2.38431 2.23317 -3.38948 1.16741 -1.43011 1.15345 1.29657 -4.79134 -0.488411 179.194 -178.903 -179.979 179.956 177.126 179.957 1.14413 0.162674 1.14438
-164.013 96.0686 47.6121 0.185346 1.97568 -1.19662 179.206 178.463 179.506 179.206 178.463 179.506 179.206 178.463 179.506 179.206 178.463 179.506 162.122 177.227 -179.424 138.167 145.785 168.774 5.09628 13.1107 -11.6132 176.627 -170.997 -165.469 20.7862 4.21178 1.20735 42.5101 13.7762 6.02916 7.10031 12.6213 -1.97685 11.9475 -3.48726 -4.9059 4.03928 -23.5434 -2.15596 179.359 176.309 179.317 177.686 -174.984 -179.337 1.05143 -0.180862 -0.019705 2.38032 2.23816 -3.39138 1.16741 -1.43022 1.15345 1.2978 -4.79301 -0.490853 179.194 -178.904 -179.979 179.954 177.122 179.957 1.14414 0.162193 1.14438
-164.015 96.0683 47.6042 0.185638 1.97262 -1.19302 179.207 178.462 179.505 179.207 178.462 179.505 179.207 178.462 179.505 179.207 178.462 179.505 162.123 177.228 -179.424 138.165 145.779 168.768 5.09794 13.1085 -11.6167 176.632 -170.991 -165.467 20.7897 4.20901 1.20734 42.5113 13.7766 6.02852 7.09812 12.6188 -1.96774 11.9456 -3.48848 -4.90894 4.04527 -23.5468 -2.16026 179.36 176.309 179.315 177.687 -174.981 -179.339 1.05143 -0.180332 -0.019705 2.3763 2.24302 -3.39351 1.16742 -1.43028 1.15345 1.29904 -4.7946 -0.49341 179.194 -178.904 -179.979 179.952 177.118 179.956 1.14415 0.16171 1.14438
-164.018 96.0681 47.5963 0.185945 1.9695 -1.1894 179.208 178.46 179.504 179.208 178.46 179.504 179.208 178.46 179.504 179.208 178.46 179.504 162.125 177.229 -179.424 138.164 145.773 168.762 5.0996 13.106 -11.6201 176.636 -170.985 -165.465 20.7934 4.20671 1.20734 42.5126 13.777 6.02777 7.09561 12.6163 -1.95797 11.9437 -3.48954 -4.91229 4.05161 -23.5497 -2.1645 179.361 176.309 179.313 177.689 -174.979 -179.34 1.05143 -0.179661 -0.019705 2.37225 2.24775 -3.39586 1.16742 -1.43027 1.15345 1.3003 -4.7961 -0.496095 179.194 -178.904 -179.979 179.949 177.114 179.956 1.14416 0.161227 1.14438
-164.021 96.0679 47.5885 0.186268 1.96633 -1.1858 179.209 178.458 179.502 179.209 178.458 179.502 179.209 178.458 179.502 179.209 178.458 179.502 162.126 177.23 -179.424 138.164 145.767 168.756 5.10127 13.1032 -11.6234 176.64 -170.98 -165.462 20.7973 4.20487 1.20733 42.5138 13.7774 6.02687 7.09281 12.6137 -1.94758 11.9419 -3.49039 -4.91595 4.05826 -23.5521 -2.16869 179.362 176.309 179.311 177.69 -174.976 -179.341 1.05143 -0.178872 -0.019705 2.36818 2.25234 -3.39844 1.16741 -1.4302 1.15345 1.30157 -4.79752 -0.498925 179.194 -178.904 -179.979 179.947 177.11 179.956 1.14417 0.160745 1.14438
-164.024 96.0677 47.5808 0.186607 1.96311 -1.18223 179.21 178.457 179.501 179.21 178.457 179.501 179.21 178.457 179.501 179.21 178.457 179.501 162.128 177.23 -179.424 138.163 145.76 168.751 5.10296 13.1001 -11.6268 176.644 -170.976 -165.459 20.8015 4.20345 1.20733 42.5149 13.7779 6.02579 7.08974 12.611 -1.93661 11.9402 -3.49103 -4.91988 4.0652 -23.554 -2.17287 179.363 176.309 179.309 177.692 -174.973 -179.341 1.05143 -0.177991 -0.019705 2.36408 2.25678 -3.40124 1.16741 -1.43007 1.15345 1.30286 -4.79886 -0.501915 179.194 -178.904 -179.979 179.944 177.106 179.956 1.14418 0.160264 1.14438
-164.027 96.0675 47.5731 0.186962 1.95985 -1.17873 179.21 178.455 179.5 179.21 178.455 179.5 179.21 178.455 179.5 179.21 178.455 179.5 162.129 177.23 -179.424 138.163 145.754 168.745 5.10467 13.0967 -11.6301 176.648 -170.972 -165.455 20.8059 4.20243 1.20733 42.5161 13.7783 6.02452 7.08644 12.6082 -1.92513 11.9385 -3.49143 -4.92406 4.0724 -23.5555 -2.17704 179.363 176.309 179.307 177.693 -174.97 -179.342 1.05143 -0.17704 -0.019705 2.35997 2.26108 -3.40427 1.16741 -1.42988 1.15345 1.30417 -4.80014 -0.505086 179.194 -178.904 -179.979 179.942 177.102 179.957 1.14419 0.159788 1.14438
-164.028 96.0673 47.5687 0.187811 1.95257 -1.17729 179.212 178.453 179.499 179.212 178.453 179.499 179.212 178.453 179.499 179.212 178.453 179.499 162.127 177.23 -179.424 138.161 145.752 168.743 5.10489 13.0958 -11.6317 176.65 -170.971 -165.454 20.8082 4.20238 1.20733 42.5171 13.7785 6.02437 7.08551 12.6073 -1.92064 11.939 -3.49176 -4.92507 4.07529 -23.5551 -2.17795 179.364 176.308 179.307 177.693 -174.974 -179.342 1.05143 -0.176273 -0.019705 2.35778 2.26288 -3.40518 1.16741 -1.42982 1.15345 1.30415 -4.79555 -0.506287 179.194 -178.904 -179.979 179.941 177.101 179.957 1.14419 0.159683 1.14438
-164.032 96.067 47.5584 0.187763 1.95134 -1.17228 179.212 178.451 179.497 179.212 178.451 179.497 179.212 178.451 179.497 179.212 178.451 179.497 162.13 177.231 -179.424 138.164 145.746 168.735 5.10737 13.0916 -11.6365 176.654 -170.968 -165.449 20.8142 4.20116 1.20733 42.5185 13.7783 6.02342 7.08086 12.6032 -1.90474 11.937 -3.49211 -4.93088 4.08494 -23.5562 -2.18272 179.366 176.309 179.304 177.696 -174.968 -179.342 1.05143 -0.176091 -0.019705 2.35194 2.26934 -3.40968 1.1674 -1.4295 1.15345 1.30661 -4.8002 -0.510838 179.194 -178.904 -179.979 179.937 177.096 179.957 1.1442 0.159224 1.14438
-164.035 96.0668 47.5504 0.188106 1.94932 -1.16881 179.213 178.45 179.496 179.213 178.45 179.496 179.213 178.45 179.496 179.213 178.45 179.496 162.132 177.23 -179.424 138.165 145.739 168.73 5.1092 13.0875 -11.6402 176.657 -170.966 -165.444 20.8197 4.20151 1.20733 42.5195 13.7788 6.02069 7.07659 12.5996 -1.89063 11.9353 -3.49174 -4.93652 4.09371 -23.5564 -2.18751 179.366 176.309 179.301 177.698 -174.964 -179.341 1.05143 -0.174542 -0.019705 2.34757 2.27331 -3.41371 1.16739 -1.4291 1.15345 1.30816 -4.80294 -0.51492 179.194 -178.904 -179.979 179.933 177.092 179.959 1.14421 0.158746 1.14438
-164.038 96.0665 47.5429 0.188505 1.94633 -1.16567 179.213 178.449 179.495 179.213 178.449 179.495 179.213 178.449 179.495 179.213 178.449 179.495 162.134 177.229 -179.424 138.166 145.732 168.725 5.11101 13.0831 -11.6437 176.661 -170.965 -165.438 20.8252 4.20196 1.20733 42.5203 13.7792 6.01798 7.07244 12.596 -1.87688 11.9339 -3.49096 -4.94192 4.1021 -23.5556 -2.19228 179.366 176.308 179.299 177.699 -174.961 -179.34 1.05143 -0.173101 -0.019705 2.3434 2.27685 -3.41778 1.16738 -1.42863 1.15345 1.30958 -4.80445 -0.519158 179.194 -178.904 -179.979 179.931 177.088 179.961 1.14422 0.158269 1.14438
-164.04 96.0663 47.5386 0.189377 1.9391 -1.16458 179.215 178.447 179.494 179.215 178.447 179.494 179.215 178.447 179.494 179.215 178.447 179.494 162.132 177.228 -179.424 138.165 145.73 168.724 5.1113 13.082 -11.645 176.662 -170.965 -165.437 20.8279 4.20246 1.20733 42.5214 13.7794 6.01723 7.07142 12.5948 -1.87193 11.9344 -3.4909 -4.94317 4.10522 -23.5546 -2.19337 179.367 176.308 179.299 177.699 -174.965 -179.34 1.05143 -0.172231 -0.019705 2.34122 2.27821 -3.41878 1.16738 -1.42851 1.15345 1.30964 -4.79987 -0.520585 179.194 -178.905 -179.979 179.93 177.087 179.961 1.14422 0.158164 1.14438
-164.044 96.066 47.5266 0.189221 1.94455 -1.15911 179.214 178.447 179.493 179.214 178.447 179.493 179.214 178.447 179.493 179.214 178.447 179.493 162.146 177.229 -179.424 138.182 145.618 168.698 5.11547 12.9775 -11.6313 176.658 -170.968 -165.415 20.8417 4.19883 1.20733 42.5174 13.8017 6.00226 7.06567 12.5617 -1.83674 11.8752 -3.47103 -4.95414 4.13665 -23.5506 -2.26384 179.344 176.314 179.354 177.703 -174.949 -179.32 1.05144 -0.168426 -0.019705 2.33525 2.28275 -3.44387 1.16717 -1.41814 1.15344 1.3132 -4.81257 -0.546124 179.194 -178.905 -179.979 179.922 177.081 179.983 1.14442 0.148249 1.14437
-164.046 96.0658 47.523 0.190164 1.93597 -1.15856 179.216 178.445 179.492 179.216 178.445 179.492 179.216 178.445 179.492 179.216 178.445 179.492 162.143 177.228 -179.424 138.181 145.617 168.698 5.11545 12.9772 -11.6321 176.659 -170.968 -165.414 20.8437 4.19924 1.20733 42.5186 13.8017 6.00219 7.06544 12.5611 -1.83395 11.8763 -3.47105 -4.95414 4.13832 -23.5492 -2.26384 179.345 176.314 179.354 177.703 -174.955 -179.32 1.05144 -0.167908 -0.019705 2.33343 2.2836 -3.44387 1.16717 -1.41812 1.15344 1.31304 -4.80625 -0.546729 179.194 -178.905 -179.979 179.922 177.08 179.983 1.14442 0.148261 1.14437
-164.05 96.0654 47.514 0.19021 1.93231 -1.15486 179.216 178.443 179.491 179.216 178.443 179.491 179.216 178.443 179.491 179.216 178.443 179.491 162.143 177.23 -179.424 138.186 145.616 168.694 5.11648 12.9755 -11.6359 176.66 -170.97 -165.411 20.8491 4.19874 1.20733 42.5202 13.8005 6.00232 7.06266 12.5576 -1.82259 11.8766 -3.47046 -4.95725 4.14515 -23.5467 -2.2656 179.348 176.313 179.351 177.705 -174.953 -179.32 1.05144 -0.168785 -0.019705 2.32791 2.28895 -3.44659 1.16717 -1.41795 1.15344 1.31533 -4.80776 -0.550253 179.194 -178.905 -179.979 179.919 177.076 179.983 1.14442 0.148274 1.14437
-164.051 96.0652 47.5097 0.191015 1.9254 -1.15412 179.217 178.441 179.49 179.217 178.441 179.49 179.217 178.441 179.49 179.217 178.441 179.49 162.141 177.229 -179.424 138.186 145.615 168.694 5.11643 12.9751 -11.637 176.661 -170.971 -165.41 20.8517 4.19957 1.20733 42.5215 13.8004 6.00145 7.06204 12.5565 -1.81848 11.8776 -3.4703 -4.95809 4.14785 -23.5453 -2.26614 179.349 176.313 179.35 177.705 -174.957 -179.319 1.05144 -0.168101 -0.019705 2.32568 2.29011 -3.44701 1.16717 -1.4179 1.15344 1.31556 -4.80353 -0.551353 179.194 -178.905 -179.979 179.918 177.075 179.984 1.14442 0.148285 1.14437
-164.055 96.0648 47.5 0.190978 1.92451 -1.15036 179.218 178.44 179.489 179.218 178.44 179.489 179.218 178.44 179.489 179.218 178.44 179.489 162.143 177.23 -179.424 138.19 145.614 168.69 5.11718 12.9729 -11.6422 176.662 -170.974 -165.406 20.8588 4.20039 1.20733 42.5225 13.799 5.99883 7.05817 12.5514 -1.80364 11.8776 -3.4687 -4.96337 4.15701 -23.5415 -2.26979 179.351 176.313 179.345 177.708 -174.95 -179.318 1.05144 -0.167369 -0.019705 2.31988 2.29488 -3.45093 1.16716 -1.41758 1.15344 1.31822 -4.80835 -0.556433 179.194 -178.905 -179.979 179.913 177.071 179.986 1.14442 0.148266 1.14437
-164.058 96.0644 47.4925 0.191295 1.92267 -1.14805 179.219 178.44 179.488 179.219 178.44 179.488 179.219 178.44 179.488 179.219 178.44 179.488 162.143 177.229 -179.424 138.193 145.612 168.689 5.11749 12.9707 -11.6469 176.662 -170.978 -165.401 20.8652 4.20228 1.20733 42.523 13.7983 5.99458 7.05488 12.5468 -1.79069 11.8777 -3.46655 -4.96854 4.16501 -23.5373 -2.27398 179.352 176.312 179.341 177.71 -174.946 -179.316 1.05144 -0.165252 -0.019705 2.31572 2.29726 -3.45447 1.16715 -1.4172 1.15344 1.31993 -4.8111 -0.561377 179.194 -178.905 -179.979 179.91 177.068 179.99 1.14442 0.148202 1.14437
-164.06 96.0642 47.4884 0.192063 1.91581 -1.1477 179.22 178.438 179.487 179.22 178.438 179.487 179.22 178.438 179.487 179.22 178.438 179.487 162.141 177.227 -179.424 138.193 145.612 168.689 5.11745 12.9703 -11.6481 176.663 -170.979 -165.4 20.8679 4.20338 1.20733 42.524 13.7982 5.99298 7.05422 12.5454 -1.78635 11.8786 -3.46598 -4.96968 4.1678 -23.5353 -2.27513 179.353 176.312 179.339 177.71 -174.95 -179.315 1.05144 -0.164145 -0.019705 2.31373 2.29772 -3.45489 1.16715 -1.4171 1.15344 1.3202 -4.80686 -0.562795 179.194 -178.905 -179.979 179.909 177.067 179.991 1.14442 0.148195 1.14437
-164.063 96.0637 47.4791 0.192029 1.91492 -1.1446 179.22 178.437 179.486 179.22 178.437 179.486 179.22 178.437 179.486 179.22 178.437 179.486 162.142 177.228 -179.424 138.198 145.611 168.687 5.11818 12.9676 -11.6538 176.663 -170.985 -165.395 20.8756 4.20429 1.20733 42.5242 13.7969 5.98869 7.05055 12.5396 -1.771 11.8786 -3.463 -4.97551 4.1773 -23.5293 -2.28073 179.354 176.312 179.334 177.713 -174.943 -179.313 1.05144 -0.162403 -0.019705 2.30838 2.30117 -3.45928 1.16714 -1.41662 1.15344 1.3228 -4.81156 -0.569464 179.194 -178.905 -179.979 179.906 177.064 179.995 1.14442 0.148113 1.14437
-164.066 96.0634 47.4717 0.192301 1.91322 -1.14278 179.221 178.437 179.486 179.221 178.437 179.486 179.221 178.437 179.486 179.221 178.437 179.486 162.143 177.226 -179.424 138.201 145.61 168.687 5.11841 12.9653 -11.659 176.663 -170.991 -165.389 20.8822 4.20594 1.20734 42.5242 13.7962 5.98324 7.04775 12.5343 -1.75827 11.8786 -3.45982 -4.98076 4.18546 -23.5237 -2.28649 179.355 176.312 179.329 177.714 -174.939 -179.31 1.05144 -0.159678 -0.019705 2.30456 2.30269 -3.46309 1.16713 -1.41611 1.15344 1.32453 -4.81441 -0.575822 179.194 -178.905 -179.979 179.903 177.061 -179.999 1.14443 0.147991 1.14437
-164.068 96.0631 47.4677 0.19298 1.90653 -1.14277 179.222 178.435 179.485 179.222 178.435 179.485 179.222 178.435 179.485 179.222 178.435 179.485 162.141 177.225 -179.424 138.2 145.61 168.689 5.11834 12.9648 -11.6602 176.663 -170.992 -165.388 20.8849 4.20703 1.20734 42.525 13.7962 5.98121 7.04726 12.5329 -1.75428 11.8795 -3.45898 -4.98187 4.18815 -23.5214 -2.28809 179.355 176.311 179.327 177.715 -174.943 -179.308 1.05144 -0.158372 -0.019705 2.30279 2.30269 -3.46332 1.16713 -1.41598 1.15344 1.3249 -4.81032 -0.577424 179.194 -178.905 -179.979 179.902 177.06 -179.998 1.14443 0.147969 1.14437
-164.072 96.0626 47.4566 0.192777 1.91279 -1.13929 179.222 178.437 179.485 179.222 178.437 179.485 179.222 178.437 179.485 179.222 178.437 179.485 162.143 177.22 -179.424 138.206 145.615 168.692 5.12703 12.96 -11.6852 176.665 -171.035 -165.362 20.8996 4.20441 1.20733 42.5187 13.815 5.96179 7.05651 12.4842 -1.72915 11.8147 -3.43354 -4.98783 4.21459 -23.5 -2.34788 179.336 176.326 179.359 177.718 -174.925 -179.287 1.05144 -0.15139 -0.019705 2.29795 2.30343 -3.48673 1.16694 -1.40641 1.15344 1.32856 -4.82371 -0.624956 179.194 -178.905 -179.979 179.895 177.055 -179.952 1.14451 0.143814 1.14437
-164.072 96.0626 47.4566 0.192777 1.91279 -1.13929 179.222 178.437 179.485 179.222 178.437 179.485 179.222 178.437 179.485 179.222 178.437 179.485 162.143 177.22 -179.424 138.206 145.615 168.692 5.12703 12.96 -11.6852 176.665 -171.035 -165.362 20.8996 4.20441 1.20733 42.5187 13.815 5.96179 7.05651 12.4842 -1.72915 11.8159 -3.43354 -4.98783 4.21459 -23.5 -2.34788 179.336 176.326 179.359 177.718 -174.925 -179.287 1.05144 -0.15139 -0.019705 2.29795 2.30343 -3.48673 1.16694 -1.40641 1.15344 1.32856 -4.82371 -0.624956 179.194 -178.905 -179.979 179.895 177.055 -179.952 1.14451 0.143814 1.14437
-164.076 96.0619 47.4452 0.193455 1.90078 -1.1383 179.225 178.433 179.483 179.225 178.433 179.483 179.225 178.433 179.483 179.225 178.433 179.483 162.141 177.221 -179.424 138.209 145.616 168.693 5.12725 12.9595 -11.6878 176.665 -171.037 -165.361 20.9056 4.20446 1.20733 42.5208 13.8142 5.9596 7.0553 12.481 -1.72041 11.8169 -3.4314 -4.98927 4.22032 -23.4939 -2.35148 179.338 176.324 179.355 177.72 -174.929 -179.286 1.05144 -0.149359 -0.019705 2.29262 2.30509 -3.48588 1.16693 -1.40635 1.15344 1.33075 -4.81871 -0.626747 179.194 -178.905 -179.979 179.894 177.052 -179.95 1.14451 0.143858 1.14437
-164.077 96.0616 47.4411 0.193937 1.89458 -1.13859 179.226 178.431 179.483 179.226 178.431 179.483 179.226 178.431 179.483 179.226 178.431 179.483 162.14 177.22 -179.424 138.209 145.615 168.695 5.127 12.9595 -11.6885 176.665 -171.038 -165.36 20.9077 4.2053 1.20734 42.5217 13.8142 5.95787 7.05514 12.48 -1.71784 11.818 -3.43073 -4.98972 4.22228 -23.4921 -2.35282 179.339 176.324 179.354 177.72 -174.932 -179.285 1.05144 -0.14803 -0.019705 2.29098 2.3049 -3.48504 1.16693 -1.40633 1.15344 1.33134 -4.81526 -0.627112 179.194 -178.905 -179.979 179.894 177.051 -179.948 1.14451 0.143873 1.14437
-164.081 96.0611 47.4317 0.193748 1.89491 -1.13677 179.227 178.431 179.482 179.227 178.431 179.482 179.227 178.431 179.482 179.227 178.431 179.482 162.141 177.221 -179.424 138.212 145.617 168.698 5.12653 12.9587 -11.6936 176.664 -171.041 -165.359 20.9136 4.20489 1.20733 42.5226 13.8132 5.95343 7.05369 12.4757 -1.70843 11.8184 -3.42754 -4.99283 4.22903 -23.4857 -2.35918 179.341 176.323 179.348 177.723 -174.924 -179.284 1.05144 -0.143971 -0.019705 2.28664 2.30626 -3.48551 1.16693 -1.40621 1.15344 1.33387 -4.82135 -0.630948 179.194 -178.905 -179.979 179.891 177.047 -179.945 1.14451 0.143882 1.14437
-164.082 96.0608 47.4277 0.194179 1.88907 -1.13735 179.228 178.43 179.481 179.228 178.43 179.481 179.228 178.43 179.481 179.228 178.43 179.481 162.14 177.22 -179.424 138.211 145.617 168.701 5.12615 12.9588 -11.6946 176.664 -171.042 -165.358 20.9157 4.20586 1.20734 42.5234 13.8132 5.95095 7.05359 12.4746 -1.70583 11.8195 -3.42667 -4.99347 4.23102 -23.4835 -2.36113 179.342 176.322 179.346 177.723 -174.926 -179.283 1.05145 -0.141975 -0.019705 2.2853 2.30544 -3.48444 1.16693 -1.40618 1.15344 1.33446 -4.81825 -0.631475 179.194 -178.906 -179.979 179.891 177.046 -179.943 1.14451 0.143889 1.14437
-164.085 96.0602 47.4184 0.193981 1.88984 -1.13601 179.229 178.43 179.481 179.229 178.43 179.481 179.229 178.43 179.481 179.229 178.43 179.481 162.141 177.222 -179.424 138.213 145.618 168.705 5.12572 12.9583 -11.7008 176.662 -171.047 -165.356 20.9215 4.20509 1.20734 42.5241 13.8122 5.94501 7.05255 12.47 -1.69631 11.8195 -3.42299 -4.99686 4.23766 -23.4759 -2.36933 179.343 176.322 179.339 177.726 -174.917 -179.283 1.05145 -0.136282 -0.0197049 2.28152 2.30554 -3.48425 1.16693 -1.40604 1.15344 1.33689 -4.82482 -0.63627 179.194 -178.905 -179.979 179.89 177.042 -179.938 1.14451 0.143875 1.14437
-164.086 96.06 47.4144 0.194341 1.88417 -1.13684 179.231 178.428 179.48 179.231 178.428 179.48 179.231 178.428 179.48 179.231 178.428 179.48 162.14 177.221 -179.424 138.212 145.618 168.709 5.12538 12.9585 -11.702 176.661 -171.048 -165.356 20.9234 4.20597 1.20734 42.5248 13.8123 5.94216 7.05258 12.469 -1.69388 11.8204 -3.42205 -4.99753 4.23951 -23.4736 -2.37171 179.344 176.322 179.337 177.726 -174.919 -179.282 1.05145 -0.133973 -0.0197049 2.28041 2.30435 -3.48288 1.16693 -1.40601 1.15343 1.33751 -4.82192 -0.636858 179.194 -178.906 -179.979 179.89 177.041 -179.936 1.14451 0.143877 1.14437
-164.089 96.0594 47.4051 0.194111 1.88531 -1.13594 179.232 178.428 179.479 179.232 178.428 179.479 179.232 178.428 179.479 179.232 178.428 179.479 162.141 177.223 -179.424 138.214 145.621 168.714 5.12525 12.9586 -11.709 176.659 -171.052 -165.354 20.9287 4.20454 1.20733 42.5257 13.8117 5.9354 7.05211 12.4647 -1.68501 11.82 -3.41832 -5.00072 4.24562 -23.4655 -2.38119 179.345 176.322 179.33 177.728 -174.909 -179.282 1.05145 -0.127291 -0.0197049 2.27711 2.30364 -3.48177 1.16692 -1.40586 1.15343 1.33988 -4.82892 -0.642168 179.194 -178.906 -179.979 179.889 177.037 -179.93 1.14451 0.143854 1.14437
-164.09 96.0591 47.4011 0.194403 1.87979 -1.13704 179.233 178.427 179.479 179.233 178.427 179.479 179.233 178.427 179.479 179.233 178.427 179.479 162.14 177.222 -179.424 138.213 145.621 168.718 5.12501 12.959 -11.7104 176.659 -171.053 -165.353 20.9303 4.20531 1.20734 42.5264 13.8119 5.93229 7.05228 12.4638 -1.68287 11.8207 -3.41742 -5.0013 4.24726 -23.4632 -2.38388 179.345 176.322 179.328 177.729 -174.911 -179.281 1.05145 -0.124775 -0.0197049 2.27623 2.30215 -3.48005 1.16692 -1.40582 1.15343 1.34053 -4.8262 -0.642701 179.194 -178.906 -179.979 179.889 177.036 -179.927 1.14451 0.143856 1.14437
-164.093 96.0585 47.3898 0.194018 1.88855 -1.13555 179.234 178.43 179.479 179.234 178.43 179.479 179.234 178.43 179.479 179.234 178.43 179.479 162.136 177.228 -179.424 138.2 145.683 168.75 5.1422 13.0301 -11.7554 176.604 -171.063 -165.315 20.9398 4.18961 1.20731 42.5258 13.8304 5.90433 7.07094 12.4223 -1.67177 11.7136 -3.38482 -4.99486 4.26316 -23.436 -2.45428 179.332 176.342 179.362 177.732 -174.888 -179.29 1.05146 -0.108788 -0.0197049 2.27227 2.29807 -3.47054 1.16687 -1.40293 1.15343 1.34371 -4.84249 -0.679748 179.194 -178.906 -179.979 179.885 177.03 -179.889 1.14455 0.142023 1.14437
-164.093 96.0585 47.3898 0.194018 1.88855 -1.13555 179.234 178.43 179.479 179.234 178.43 179.479 179.234 178.43 179.479 179.234 178.43 179.479 162.136 177.228 -179.424 138.2 145.683 168.75 5.1422 13.0301 -11.7554 176.605 -171.063 -165.315 20.9398 4.18961 1.20731 42.5258 13.8304 5.90433 7.07094 12.4223 -1.67177 11.7148 -3.38482 -4.99486 4.26316 -23.436 -2.45428 179.332 176.342 179.362 177.732 -174.888 -179.29 1.05146 -0.108788 -0.0197049 2.27227 2.29807 -3.47054 1.16687 -1.40293 1.15343 1.34371 -4.84249 -0.679748 179.194 -178.906 -179.979 179.885 177.03 -179.889 1.14455 0.142023 1.14437
-164.096 96.0576 47.3785 0.194138 1.87851 -1.13793 179.237 178.427 179.478 179.237 178.427 179.478 179.237 178.427 179.478 179.237 178.427 179.478 162.136 177.228 -179.424 138.2 145.683 168.755 5.14315 13.0312 -11.7581 176.605 -171.062 -165.315 20.942 4.18948 1.20731 42.528 13.8311 5.90108 7.07112 12.422 -1.66802 11.7153 -3.38361 -4.99481 4.26515 -23.4319 -2.45962 179.333 176.341 179.358 177.733 -174.889 -179.288 1.05146 -0.103991 -0.0197049 2.27001 2.29598 -3.46604 1.16686 -1.40292 1.15343 1.34593 -4.83983 -0.678678 179.194 -178.906 -179.979 179.887 177.026 -179.885 1.14454 0.142114 1.14437
-164.098 96.0573 47.3744 0.194305 1.87303 -1.13959 179.239 178.426 179.477 179.239 178.426 179.477 179.239 178.426 179.477 179.239 178.426 179.477 162.136 177.227 -179.424 138.199 145.683 168.759 5.14321 13.0317 -11.7588 176.605 -171.062 -165.315 20.9427 4.19038 1.20731 42.529 13.8317 5.89883 7.07135 12.4222 -1.66718 11.7163 -3.38344 -4.99472 4.26579 -23.4309 -2.4615 179.334 176.341 179.356 177.734 -174.891 -179.287 1.05146 -0.101912 -0.0197049 2.26949 2.29447 -3.46385 1.16686 -1.40292 1.15343 1.34664 -4.83724 -0.677749 179.194 -178.906 -179.979 179.888 177.025 -179.883 1.14454 0.142147 1.14437
-164.1 96.0567 47.365 0.193981 1.87497 -1.14004 179.24 178.426 179.477 179.24 178.426 179.477 179.24 178.426 179.477 179.24 178.426 179.477 162.138 177.228 -179.424 138.199 145.683 168.764 5.14459 13.0332 -11.764 176.604 -171.062 -165.315 20.9443 4.18861 1.20731 42.5314 13.833 5.89447 7.07123 12.4229 -1.66346 11.7159 -3.38298 -4.99502 4.26815 -23.4265 -2.46938 179.336 176.341 179.351 177.736 -174.88 -179.288 1.05146 -0.0948365 -0.0197049 2.26742 2.29307 -3.4604 1.16686 -1.40286 1.15343 1.34884 -4.84531 -0.678586 179.194 -178.906 -179.979 179.888 177.02 -179.88 1.14454 0.142269 1.14437
-164.101 96.0564 47.3609 0.194131 1.86985 -1.14204 179.242 178.424 179.476 179.242 178.424 179.476 179.242 178.424 179.476 179.242 178.424 179.476 162.138 177.227 -179.424 138.198 145.683 168.767 5.14479 13.0341 -11.765 176.605 -171.062 -165.315 20.9448 4.18956 1.20731 42.5326 13.8339 5.89157 7.07141 12.4235 -1.66275 11.7166 -3.38311 -4.99486 4.26871 -23.4254 -2.47178 179.336 176.341 179.349 177.737 -174.882 -179.287 1.05146 -0.0922631 -0.0197049 2.26708 2.29114 -3.45785 1.16686 -1.40284 1.15343 1.34954 -4.84311 -0.677579 179.194 -178.906 -179.979 179.888 177.019 -179.878 1.14454 0.14231 1.14437
-164.103 96.0557 47.3515 0.193827 1.87231 -1.14298 179.243 178.425 179.476 179.243 178.425 179.476 179.243 178.425 179.476 179.243 178.425 179.476 162.139 177.228 -179.424 138.197 145.683 168.773 5.14699 13.0365 -11.7711 176.604 -171.061 -165.315 20.9459 4.18715 1.20731 42.5354 13.8364 5.88614 7.07096 12.4261 -1.65931 11.7154 -3.3839 -4.99464 4.27058 -23.4206 -2.4811 179.338 176.342 179.343 177.739 -174.87 -179.288 1.05146 -0.0842879 -0.0197049 2.26532 2.28911 -3.45329 1.16686 -1.40273 1.15343 1.35167 -4.85179 -0.678403 179.194 -178.906 -179.979 179.888 177.015 -179.874 1.14454 0.142471 1.14437
-164.104 96.0554 47.3474 0.193967 1.86735 -1.14529 179.245 178.424 179.476 179.245 178.424 179.476 179.245 178.424 179.476 179.245 178.424 179.476 162.139 177.227 -179.424 138.196 145.682 168.777 5.14741 13.0376 -11.7722 176.604 -171.061 -165.315 20.9461 4.18804 1.20731 42.5366 13.8377 5.88297 7.07103 12.4274 -1.6588 11.7158 -3.38444 -4.9943 4.27096 -23.4197 -2.48378 179.338 176.343 179.341 177.739 -174.871 -179.288 1.05147 -0.0816826 -0.0197049 2.26508 2.2871 -3.45044 1.16686 -1.4027 1.15343 1.35237 -4.84979 -0.677263 179.194 -178.906 -179.979 179.889 177.013 -179.872 1.14454 0.142523 1.14437
-164.107 96.0547 47.3379 0.193687 1.87019 -1.14667 179.246 178.424 179.475 179.246 178.424 179.475 179.246 178.424 179.475 179.246 178.424 179.475 162.14 177.229 -179.424 138.195 145.681 168.784 5.15051 13.0412 -11.7788 176.604 -171.06 -165.314 20.9464 4.18498 1.2073 42.5397 13.8418 5.87724 7.07 12.4326 -1.65596 11.7138 -3.38689 -4.99321 4.27218 -23.4154 -2.49384 179.339 176.344 179.335 177.741 -174.859 -179.29 1.05147 -0.0737563 -0.0197049 2.2635 2.28509 -3.44503 1.16686 -1.40254 1.15343 1.35445 -4.85895 -0.677793 179.194 -178.906 -179.979 179.889 177.009 -179.868 1.14453 0.142733 1.14437
-164.108 96.0543 47.3337 0.193838 1.86536 -1.14928 179.247 178.423 179.475 179.247 178.423 179.475 179.247 178.423 179.475 179.247 178.423 179.475 162.14 177.227 -179.424 138.194 145.68 168.788 5.15119 13.0425 -11.7799 176.604 -171.06 -165.314 20.9464 4.18585 1.20731 42.541 13.8436 5.87392 7.06989 12.4346 -1.6557 11.7141 -3.38795 -4.9926 4.27236 -23.4147 -2.49665 179.34 176.345 179.333 177.742 -174.861 -179.289 1.05147 -0.0712783 -0.0197049 2.26332 2.28313 -3.44196 1.16686 -1.40249 1.15343 1.35512 -4.85712 -0.67648 179.194 -178.906 -179.979 179.89 177.007 -179.865 1.14453 0.142798 1.14437
-164.11 96.0537 47.3242 0.193601 1.86848 -1.15108 179.249 178.424 179.475 179.249 178.424 179.475 179.249 178.424 179.475 179.249 178.424 179.475 162.141 177.229 -179.424 138.194 145.679 168.794 5.15519 13.047 -11.7866 176.604 -171.058 -165.313 20.9461 4.18225 1.2073 42.5444 13.8495 5.86831 7.06793 12.4431 -1.6536 11.7113 -3.39242 -4.99041 4.27295 -23.4113 -2.50702 179.341 176.347 179.328 177.744 -174.848 -179.292 1.05147 -0.0638178 -0.0197049 2.26185 2.28143 -3.43602 1.16685 -1.40228 1.15343 1.35714 -4.86666 -0.676516 179.194 -178.906 -179.979 179.89 177.003 -179.861 1.14452 0.143063 1.14437
-164.111 96.0533 47.3201 0.193786 1.86376 -1.15397 179.25 178.422 179.474 179.25 178.422 179.474 179.25 178.422 179.474 179.25 178.422 179.474 162.141 177.228 -179.424 138.192 145.678 168.798 5.1561 13.0486 -11.7878 176.605 -171.058 -165.313 20.9459 4.18314 1.2073 42.5456 13.8519 5.86495 7.06755 12.4461 -1.6536 11.7114 -3.39411 -4.98948 4.27294 -23.4111 -2.50987 179.341 176.348 179.326 177.744 -174.85 -179.291 1.05147 -0.0615505 -0.0197049 2.2617 2.27963 -3.43283 1.16685 -1.40222 1.15343 1.35778 -4.86498 -0.67502 179.194 -178.906 -179.979 179.89 177.001 -179.859 1.14452 0.143142 1.14437
-164.113 96.0526 47.3084 0.193454 1.87397 -1.15514 179.252 178.426 179.474 179.252 178.426 179.474 179.252 178.426 179.474 179.252 178.426 179.474 162.142 177.245 -179.424 138.172 145.705 168.831 5.19072 13.1239 -11.8246 176.539 -171.038 -165.274 20.944 4.14658 1.20725 42.5634 13.8575 5.8292 7.01924 12.5484 -1.63216 11.6868 -3.39907 -4.98613 4.2757 -23.3966 -2.57664 179.337 176.365 179.365 177.746 -174.825 -179.318 1.05148 -0.0451625 -0.0197049 2.25848 2.27589 -3.40343 1.16675 -1.39734 1.15343 1.3603 -4.88322 -0.682784 179.194 -178.907 -179.979 179.888 176.995 -179.847 1.14444 0.147516 1.14437
-164.113 96.0526 47.3084 0.193454 1.87397 -1.15514 179.252 178.426 179.474 179.252 178.426 179.474 179.252 178.426 179.474 179.252 178.426 179.474 162.142 177.245 -179.424 138.172 145.705 168.831 5.19072 13.1239 -11.8246 176.54 -171.038 -165.274 20.944 4.14658 1.20725 42.5634 13.8575 5.8292 7.01924 12.5484 -1.63216 11.688 -3.39907 -4.98613 4.2757 -23.3966 -2.57664 179.337 176.365 179.365 177.746 -174.825 -179.318 1.05148 -0.0451625 -0.0197049 2.25848 2.27589 -3.40343 1.16675 -1.39734 1.15343 1.3603 -4.88322 -0.682784 179.194 -178.907 -179.979 179.888 176.995 -179.847 1.14444 0.147516 1.14437
-164.115 96.0515 47.2969 0.193781 1.86608 -1.16162 179.254 178.423 179.474 179.254 178.423 179.474 179.254 178.423 179.474 179.254 178.423 179.474 162.143 177.243 -179.424 138.173 145.703 168.834 5.19315 13.1259 -11.8266 176.542 -171.037 -165.274 20.9428 4.14854 1.20725 42.5657 13.863 5.82641 7.01936 12.5572 -1.63363 11.6872 -3.40617 -4.98217 4.27471 -23.3989 -2.58137 179.337 176.366 179.362 177.748 -174.826 -179.314 1.05148 -0.0433173 -0.0197049 2.25762 2.27511 -3.39827 1.16675 -1.39728 1.15343 1.36213 -4.88339 -0.678223 179.194 -178.906 -179.979 179.889 176.991 -179.843 1.14443 0.147682 1.14437
-164.116 96.0511 47.2926 0.194081 1.8613 -1.16493 179.256 178.421 179.474 179.256 178.421 179.474 179.256 178.421 179.474 179.256 178.421 179.474 162.144 177.242 -179.424 138.172 145.702 168.837 5.19377 13.1267 -11.827 176.543 -171.036 -165.274 20.9424 4.15045 1.20725 42.5666 13.8655 5.82416 7.0193 12.5606 -1.63452 11.6876 -3.40888 -4.98071 4.27437 -23.4002 -2.58294 179.337 176.367 179.361 177.748 -174.828 -179.313 1.05148 -0.0423463 -0.0197049 2.25745 2.27429 -3.39597 1.16675 -1.39726 1.15343 1.36266 -4.88172 -0.676154 179.194 -178.906 -179.979 179.889 176.99 -179.842 1.14443 0.147739 1.14437
-164.118 96.0504 47.2831 0.194088 1.86459 -1.16759 179.257 178.422 179.474 179.257 178.422 179.474 179.257 178.422 179.474 179.257 178.422 179.474 162.145 177.242 -179.424 138.173 145.699 168.838 5.19734 13.1292 -11.8308 176.545 -171.034 -165.274 20.9405 4.14977 1.20725 42.5684 13.8746 5.82368 7.01678 12.5751 -1.63608 11.6858 -3.42007 -4.97494 4.27352 -23.4027 -2.589 179.338 176.369 179.358 177.75 -174.817 -179.312 1.05148 -0.0389612 -0.0197049 2.25612 2.2753 -3.39325 1.16675 -1.39715 1.15343 1.36439 -4.89162 -0.67346 179.194 -178.907 -179.979 179.888 176.986 -179.84 1.14443 0.147973 1.14437
-164.119 96.0499 47.2789 0.194475 1.86001 -1.171 179.258 178.42 179.474 179.258 178.42 179.474 179.258 178.42 179.474 179.258 178.42 179.474 162.146 177.24 -179.424 138.173 145.697 168.841 5.19822 13.1302 -11.8313 176.546 -171.033 -165.273 20.9399 4.15177 1.20725 42.5692 13.8782 5.82128 7.01604 12.5801 -1.63719 11.6861 -3.42379 -4.97303 4.27314 -23.4041 -2.59076 179.338 176.37 179.357 177.75 -174.819 -179.31 1.05148 -0.0377299 -0.0197049 2.25592 2.2745 -3.391 1.16675 -1.39713 1.15343 1.36481 -4.89013 -0.671377 179.194 -178.907 -179.979 179.888 176.985 -179.838 1.14442 0.148045 1.14437
-164.121 96.0492 47.2673 0.194433 1.86978 -1.17293 179.259 178.423 179.473 179.259 178.423 179.473 179.259 178.423 179.473 179.259 178.423 179.473 162.15 177.252 -179.424 138.163 145.675 168.857 5.2176 13.1398 -11.8428 176.545 -171.026 -165.266 20.9353 4.12442 1.20721 42.5888 13.8623 5.79933 6.9189 12.7845 -1.605 11.8315 -3.48521 -4.98671 4.27398 -23.4047 -2.62093 179.339 176.374 179.372 177.752 -174.797 -179.316 1.05148 -0.0275028 -0.0197049 2.25382 2.27392 -3.38284 1.1667 -1.39478 1.15343 1.36686 -4.90796 -0.664224 179.194 -178.907 -179.979 179.885 176.979 -179.842 1.14434 0.152073 1.14437
-164.121 96.0492 47.2673 0.194433 1.86978 -1.17293 179.259 178.423 179.473 179.259 178.423 179.473 179.259 178.423 179.473 179.259 178.423 179.473 162.15 177.252 -179.424 138.163 145.675 168.857 5.2176 13.1398 -11.8428 176.546 -171.026 -165.266 20.9353 4.12442 1.20721 42.5888 13.8623 5.79933 6.9189 12.7845 -1.605 11.8327 -3.48521 -4.98671 4.27398 -23.4047 -2.62093 179.339 176.374 179.372 177.752 -174.797 -179.316 1.05148 -0.0275028 -0.0197049 2.25382 2.27392 -3.38284 1.1667 -1.39478 1.15343 1.36686 -4.90796 -0.664224 179.194 -178.907 -179.979 179.885 176.979 -179.842 1.14434 0.152073 1.14437
-164.123 96.0481 47.2559 0.195306 1.86208 -1.17989 179.261 178.42 179.473 179.261 178.42 179.473 179.261 178.42 179.473 179.261 178.42 179.473 162.151 177.251 -179.424 138.165 145.673 168.859 5.21975 13.1411 -11.844 176.548 -171.025 -165.265 20.9338 4.12785 1.20722 42.5894 13.8706 5.79765 6.91835 12.7967 -1.6084 11.8312 -3.49616 -4.98096 4.27253 -23.41 -2.62396 179.339 176.376 179.37 177.753 -174.799 -179.312 1.05148 -0.0282128 -0.0197049 2.25269 2.27601 -3.37888 1.1667 -1.39481 1.15343 1.36805 -4.90835 -0.660026 179.194 -178.907 -179.979 179.884 176.976 -179.839 1.14434 0.152206 1.14437
-164.124 96.0476 47.2517 0.195855 1.8573 -1.18324 179.262 178.418 179.473 179.262 178.418 179.473 179.262 178.418 179.473 179.262 178.418 179.473 162.152 177.25 -179.424 138.165 145.672 168.861 5.22027 13.1417 -11.8441 176.549 -171.025 -165.265 20.9332 4.13031 1.20722 42.5896 13.8742 5.79578 6.91794 12.8013 -1.60992 11.8315 -3.50013 -4.97893 4.27205 -23.4122 -2.62492 179.339 176.377 179.369 177.754 -174.801 -179.311 1.05148 -0.027977 -0.0197049 2.25238 2.27633 -3.37717 1.1667 -1.39482 1.15343 1.36827 -4.90668 -0.658282 179.194 -178.907 -179.979 179.884 176.975 -179.837 1.14434 0.152251 1.14437
-164.126 96.0469 47.2403 0.196029 1.86632 -1.18502 179.263 178.42 179.472 179.263 178.42 179.472 179.263 178.42 179.472 179.263 178.42 179.472 162.156 177.258 -179.424 138.161 145.641 168.869 5.22942 13.1288 -11.8466 176.567 -171.025 -165.27 20.9283 4.11228 1.20719 42.6018 13.8699 5.78667 6.8315 12.9843 -1.58476 11.9795 -3.56749 -4.98881 4.27178 -23.4197 -2.63467 179.342 176.377 179.372 177.755 -174.782 -179.31 1.05149 -0.0222557 -0.0197049 2.25071 2.27874 -3.37694 1.16672 -1.39576 1.15343 1.36999 -4.92368 -0.653277 179.194 -178.908 -179.979 179.88 176.969 -179.839 1.1443 0.154131 1.14437
-164.126 96.0469 47.2403 0.196029 1.86632 -1.18502 179.263 178.42 179.472 179.263 178.42 179.472 179.263 178.42 179.472 179.263 178.42 179.472 162.156 177.258 -179.424 138.161 145.641 168.869 5.22942 13.1288 -11.8466 176.568 -171.025 -165.27 20.9283 4.11228 1.20719 42.6018 13.8699 5.78667 6.8315 12.9843 -1.58476 11.9808 -3.56749 -4.98881 4.27178 -23.4197 -2.63467 179.342 176.377 179.372 177.755 -174.782 -179.31 1.05149 -0.0222557 -0.0197049 2.25071 2.27874 -3.37694 1.16672 -1.39576 1.15343 1.36999 -4.92368 -0.653277 179.194 -178.908 -179.979 179.88 176.969 -179.839 1.1443 0.154131 1.14437
-164.128 96.0458 47.2291 0.197233 1.85822 -1.19128 179.265 178.417 179.472 179.265 178.417 179.472 179.265 178.417 179.472 179.265 178.417 179.472 162.157 177.258 -179.424 138.163 145.639 168.87 5.23107 13.1296 -11.8475 176.57 -171.023 -165.27 20.9267 4.11629 1.2072 42.601 13.8792 5.78581 6.83052 12.9974 -1.58879 11.9792 -3.57934 -4.98273 4.27017 -23.4259 -2.63654 179.342 176.38 179.371 177.756 -174.784 -179.306 1.05149 -0.0239425 -0.0197049 2.24948 2.28275 -3.37414 1.16672 -1.39585 1.15343 1.37063 -4.92351 -0.650202 179.194 -178.908 -179.979 179.878 176.967 -179.837 1.1443 0.154231 1.14437
-164.128 96.0454 47.2249 0.197915 1.85325 -1.19423 179.266 178.416 179.472 179.266 178.416 179.472 179.266 178.416 179.472 179.266 178.416 179.472 162.157 177.257 -179.424 138.163 145.638 168.872 5.23142 13.13 -11.8476 176.571 -171.023 -165.27 20.926 4.11889 1.2072 42.6007 13.883 5.78424 6.82994 13.0023 -1.59049 11.9795 -3.58355 -4.98064 4.26965 -23.4284 -2.63709 179.342 176.381 179.371 177.756 -174.787 -179.305 1.05149 -0.0239121 -0.0197049 2.24913 2.28382 -3.37297 1.16672 -1.39589 1.15343 1.37062 -4.92158 -0.648977 179.194 -178.908 -179.979 179.878 176.966 -179.835 1.1443 0.154264 1.14437
-164.13 96.0447 47.2137 0.198255 1.86125 -1.19541 179.267 178.417 179.471 179.267 178.417 179.471 179.267 178.417 179.471 179.267 178.417 179.471 162.161 177.266 -179.424 138.16 145.606 168.88 5.23709 13.111 -11.8475 176.585 -171.021 -165.276 20.921 4.10331 1.20718 42.6097 13.8816 5.78003 6.73893 13.1917 -1.56432 12.147 -3.65716 -4.99216 4.26856 -23.4387 -2.63835 179.345 176.379 179.372 177.757 -174.77 -179.303 1.05149 -0.0201609 -0.0197049 2.24773 2.28808 -3.37516 1.16679 -1.39912 1.15343 1.37196 -4.93732 -0.648338 179.194 -178.908 -179.979 179.874 176.961 -179.834 1.14429 0.154935 1.14437
-164.13 96.0447 47.2137 0.198255 1.86125 -1.19541 179.267 178.417 179.471 179.267 178.417 179.471 179.267 178.417 179.471 179.267 178.417 179.471 162.161 177.266 -179.424 138.16 145.606 168.88 5.23709 13.111 -11.8475 176.586 -171.021 -165.276 20.921 4.10331 1.20718 42.6097 13.8816 5.78003 6.73893 13.1917 -1.56432 12.1482 -3.65716 -4.99216 4.26856 -23.4387 -2.63835 179.345 176.379 179.372 177.757 -174.77 -179.303 1.05149 -0.0201609 -0.0197049 2.24773 2.28808 -3.37516 1.16679 -1.39912 1.15343 1.37196 -4.93732 -0.648338 179.194 -178.908 -179.979 179.874 176.961 -179.834 1.14429 0.154935 1.14437
-164.131 96.0437 47.2028 0.199657 1.8523 -1.20035 179.268 178.414 179.471 179.268 178.414 179.471 179.268 178.414 179.471 179.268 178.414 179.471 162.161 177.267 -179.424 138.161 145.604 168.881 5.23825 13.1114 -11.8484 176.587 -171.02 -165.276 20.9191 4.10727 1.20719 42.6075 13.8905 5.77974 6.73776 13.2042 -1.56849 12.1469 -3.66845 -4.9866 4.26674 -23.4447 -2.63921 179.345 176.382 179.371 177.757 -174.773 -179.301 1.05149 -0.0220324 -0.0197049 2.24651 2.29374 -3.37367 1.16679 -1.39927 1.15343 1.37208 -4.936 -0.646746 179.194 -178.908 -179.979 179.872 176.959 -179.832 1.14429 0.154994 1.14437
-164.132 96.0433 47.1988 0.200408 1.84699 -1.20271 179.269 178.412 179.471 179.269 178.412 179.471 179.269 178.412 179.471 179.269 178.412 179.471 162.161 177.266 -179.424 138.161 145.604 168.882 5.23843 13.1116 -11.8485 176.587 -171.02 -165.277 20.9182 4.10976 1.20719 42.6066 13.894 5.7784 6.73709 13.2087 -1.57021 12.1472 -3.67238 -4.98476 4.26617 -23.447 -2.6394 179.345 176.383 179.371 177.757 -174.775 -179.301 1.05149 -0.0219445 -0.0197049 2.24613 2.29548 -3.37311 1.16679 -1.39933 1.15343 1.37187 -4.9336 -0.64612 179.194 -178.909 -179.979 179.871 176.959 -179.831 1.14429 0.155012 1.14437
-164.133 96.0427 47.1898 0.200962 1.84823 -1.20378 179.27 178.411 179.47 179.27 178.411 179.47 179.27 178.411 179.47 179.27 178.411 179.47 162.162 177.268 -179.424 138.162 145.602 168.882 5.23977 13.1117 -11.8504 176.588 -171.018 -165.278 20.9159 4.11072 1.20719 42.6033 13.9067 5.78294 6.73306 13.2276 -1.57346 12.1458 -3.68722 -4.97735 4.2641 -23.4528 -2.63993 179.345 176.384 179.372 177.758 -174.768 -179.3 1.05149 -0.0227634 -0.0197049 2.24497 2.30153 -3.37369 1.1668 -1.39962 1.15343 1.37244 -4.94088 -0.646487 179.194 -178.909 -179.979 179.868 176.956 -179.83 1.14429 0.155044 1.14437
-164.133 96.0424 47.1859 0.201724 1.84281 -1.20586 179.27 178.41 179.47 179.27 178.41 179.47 179.27 178.41 179.47 179.27 178.41 179.47 162.161 177.267 -179.424 138.161 145.601 168.884 5.23999 13.1119 -11.8506 176.589 -171.018 -165.278 20.9148 4.1131 1.20719 42.6021 13.911 5.78184 6.7316 13.2334 -1.57517 12.1462 -3.69173 -4.97532 4.26348 -23.4547 -2.63997 179.346 176.385 179.372 177.758 -174.771 -179.3 1.05149 -0.0221505 -0.0197049 2.24458 2.30327 -3.37346 1.1668 -1.39972 1.15343 1.37215 -4.93827 -0.646193 179.194 -178.909 -179.979 179.867 176.956 -179.829 1.14428 0.155051 1.14437
-164.134 96.0418 47.1753 0.202137 1.84863 -1.20584 179.271 178.41 179.468 179.271 178.41 179.468 179.271 178.41 179.468 179.271 178.41 179.468 162.163 177.281 -179.424 138.156 145.563 168.895 5.24431 13.0848 -11.8479 176.582 -171.006 -165.286 20.9093 4.09487 1.20717 42.6122 13.8994 5.7768 6.61531 13.4658 -1.53781 12.3778 -3.77779 -4.99836 4.26027 -23.4655 -2.63044 179.351 176.378 179.37 177.759 -174.756 -179.3 1.05149 -0.0186193 -0.0197049 2.24336 2.3088 -3.37555 1.16696 -1.40775 1.15344 1.37303 -4.95127 -0.655777 179.194 -178.909 -179.979 179.863 176.951 -179.819 1.14432 0.153415 1.14437
-164.134 96.0418 47.1753 0.202137 1.84863 -1.20584 179.271 178.41 179.468 179.271 178.41 179.468 179.271 178.41 179.468 179.271 178.41 179.468 162.163 177.281 -179.424 138.156 145.563 168.895 5.24431 13.0848 -11.8479 176.582 -171.006 -165.286 20.9093 4.09487 1.20717 42.6122 13.8994 5.7768 6.61531 13.4658 -1.53781 12.3791 -3.77779 -4.99836 4.26027 -23.4655 -2.63044 179.351 176.378 179.37 177.759 -174.756 -179.3 1.05149 -0.0186193 -0.0197049 2.24336 2.3088 -3.37555 1.16696 -1.40775 1.15344 1.37303 -4.95127 -0.655777 179.194 -178.909 -179.979 179.863 176.951 -179.819 1.14432 0.153415 1.14437
-164.136 96.041 47.1649 0.203559 1.83763 -1.20872 179.273 178.407 179.468 179.273 178.407 179.468 179.273 178.407 179.468 179.273 178.407 179.468 162.162 177.282 -179.424 138.157 145.562 168.895 5.24509 13.0847 -11.8493 176.582 -171.006 -165.288 20.9068 4.09764 1.20717 42.6085 13.9055 5.77645 6.61398 13.4751 -1.54152 12.3782 -3.78636 -4.99481 4.25803 -23.4689 -2.63042 179.351 176.38 179.371 177.759 -174.761 -179.301 1.05149 -0.0198136 -0.0197049 2.24188 2.31639 -3.376 1.16697 -1.40797 1.15344 1.3726 -4.94729 -0.656123 179.194 -178.91 -179.979 179.861 176.949 -179.818 1.14432 0.153418 1.14437
-164.136 96.0407 47.1611 0.204302 1.83155 -1.21032 179.273 178.405 179.467 179.273 178.405 179.467 179.273 178.405 179.467 179.273 178.405 179.467 162.161 177.281 -179.424 138.157 145.561 168.896 5.24513 13.0848 -11.8496 176.583 -171.005 -165.288 20.9055 4.09955 1.20717 42.607 13.9079 5.77512 6.61323 13.4783 -1.5431 12.3787 -3.78925 -4.99372 4.25737 -23.4701 -2.63031 179.351 176.38 179.371 177.759 -174.764 -179.301 1.05149 -0.0193679 -0.0197049 2.24131 2.31894 -3.37627 1.16697 -1.40805 1.15344 1.37221 -4.9439 -0.656175 179.194 -178.91 -179.979 179.861 176.949 -179.817 1.14432 0.153416 1.14437
-164.137 96.0402 47.1527 0.204817 1.83072 -1.21043 179.274 178.404 179.467 179.274 178.404 179.467 179.274 178.404 179.467 179.274 178.404 179.467 162.161 177.283 -179.424 138.158 145.56 168.895 5.24605 13.0846 -11.8514 176.582 -171.004 -165.291 20.9032 4.09961 1.20717 42.6032 13.9163 5.77835 6.61019 13.4917 -1.54555 12.3779 -3.79959 -4.9891 4.25454 -23.473 -2.62998 179.351 176.381 179.372 177.759 -174.76 -179.303 1.05149 -0.0202286 -0.0197049 2.23991 2.3261 -3.37743 1.16698 -1.40844 1.15344 1.37246 -4.94857 -0.658198 179.194 -178.91 -179.979 179.859 176.946 -179.815 1.14432 0.153352 1.14437
-164.137 96.0402 47.1527 0.204817 1.83072 -1.21043 179.274 178.404 179.467 179.274 178.404 179.467 179.274 178.404 179.467 179.274 178.404 179.467 162.161 177.283 -179.424 138.158 145.56 168.895 5.24605 13.0846 -11.8514 176.582 -171.004 -165.291 20.9032 4.09961 1.20717 42.6032 13.9163 5.77835 6.61019 13.4917 -1.54555 12.3792 -3.79959 -4.9891 4.25454 -23.473 -2.62998 179.351 176.381 179.372 177.759 -174.76 -179.303 1.05149 -0.0202286 -0.0197049 2.23991 2.3261 -3.37743 1.16698 -1.40844 1.15344 1.37246 -4.94857 -0.658198 179.194 -178.91 -179.979 179.859 176.946 -179.815 1.14432 0.153352 1.14437
-164.138 96.0396 47.1414 0.206056 1.82176 -1.21211 179.276 178.402 179.466 179.276 178.402 179.466 179.276 178.402 179.466 179.276 178.402 179.466 162.158 177.285 -179.424 138.158 145.559 168.895 5.24715 13.0844 -11.8535 176.58 -171.003 -165.296 20.8996 4.10088 1.20718 42.5978 13.9264 5.77927 6.60502 13.5077 -1.54906 12.3782 -3.81134 -4.98452 4.25094 -23.4744 -2.6293 179.351 176.38 179.373 177.76 -174.76 -179.305 1.05149 -0.0197506 -0.0197049 2.23772 2.33527 -3.37898 1.16699 -1.40904 1.15344 1.37214 -4.94719 -0.660853 179.194 -178.91 -179.979 179.856 176.943 -179.812 1.14432 0.153229 1.14437
-164.138 96.0394 47.1376 0.206745 1.81556 -1.21348 179.276 178.4 179.466 179.276 178.4 179.466 179.276 178.4 179.466 179.276 178.4 179.466 162.157 177.285 -179.424 138.158 145.558 168.896 5.24729 13.0844 -11.854 176.579 -171.003 -165.298 20.898 4.10223 1.20718 42.5959 13.9293 5.77801 6.60316 13.5119 -1.55047 12.3788 -3.81457 -4.98353 4.25006 -23.4746 -2.62901 179.351 176.38 179.374 177.76 -174.763 -179.306 1.05149 -0.0187576 -0.0197049 2.23688 2.33816 -3.37961 1.16699 -1.40922 1.15344 1.37174 -4.94367 -0.661428 179.194 -178.911 -179.979 179.855 176.943 -179.811 1.14432 0.153193 1.14437
-164.139 96.039 47.1295 0.207181 1.81391 -1.2134 179.277 178.399 179.465 179.277 178.399 179.465 179.277 178.399 179.465 179.277 178.399 179.465 162.155 177.287 -179.424 138.16 145.556 168.895 5.24853 13.0841 -11.8557 176.576 -171.002 -165.304 20.8954 4.10062 1.20718 42.5921 13.9382 5.78002 6.59686 13.5279 -1.55197 12.3787 -3.82456 -4.97987 4.2463 -23.4743 -2.62833 179.352 176.379 179.375 177.76 -174.759 -179.309 1.05149 -0.0189234 -0.0197049 2.23498 2.34551 -3.38066 1.16701 -1.41 1.15344 1.37195 -4.94733 -0.665075 179.194 -178.911 -179.979 179.853 176.94 -179.808 1.14433 0.152988 1.14437
-164.139 96.039 47.1295 0.207181 1.81391 -1.2134 179.277 178.399 179.465 179.277 178.399 179.465 179.277 178.399 179.465 179.277 178.399 179.465 162.155 177.287 -179.424 138.16 145.556 168.895 5.24853 13.0841 -11.8557 176.576 -171.002 -165.304 20.8954 4.10062 1.20718 42.5921 13.9382 5.78002 6.59686 13.5279 -1.55197 12.38 -3.82456 -4.97987 4.2463 -23.4743 -2.62833 179.352 176.379 179.375 177.76 -174.759 -179.309 1.05149 -0.0189234 -0.0197049 2.23498 2.34551 -3.38066 1.16701 -1.41 1.15344 1.37195 -4.94733 -0.665075 179.194 -178.911 -179.979 179.853 176.94 -179.808 1.14433 0.152988 1.14437
-164.14 96.0384 47.1168 0.208136 1.80888 -1.21431 179.279 178.398 179.464 179.279 178.398 179.464 179.279 178.398 179.464 179.279 178.398 179.464 162.149 177.295 -179.424 138.164 145.514 168.896 5.25748 13.0597 -11.8488 176.472 -170.961 -165.304 20.8908 4.08004 1.20714 42.6042 13.8939 5.75776 6.49526 13.7377 -1.51424 12.5669 -3.88432 -5.00675 4.23628 -23.4695 -2.61346 179.363 176.376 179.367 177.761 -174.753 -179.32 1.05149 -0.0152327 -0.0197049 2.23141 2.3558 -3.37572 1.16735 -1.42699 1.15345 1.37217 -4.95104 -0.690681 179.194 -178.912 -179.979 179.849 176.935 -179.782 1.14445 0.146613 1.14437
-164.14 96.0384 47.1168 0.208136 1.80888 -1.21431 179.279 178.398 179.464 179.279 178.398 179.464 179.279 178.398 179.464 179.279 178.398 179.464 162.149 177.295 -179.424 138.164 145.514 168.896 5.25748 13.0597 -11.8488 176.473 -170.961 -165.304 20.8908 4.08004 1.20714 42.6042 13.8939 5.75776 6.49526 13.7377 -1.51424 12.5682 -3.88432 -5.00675 4.23628 -23.4695 -2.61346 179.363 176.376 179.367 177.761 -174.753 -179.32 1.05149 -0.0152327 -0.0197049 2.23141 2.3558 -3.37572 1.16735 -1.42699 1.15345 1.37217 -4.95104 -0.690681 179.194 -178.912 -179.979 179.849 176.935 -179.782 1.14445 0.146613 1.14437
-164.14 96.0381 47.1112 0.209502 1.79192 -1.21795 179.28 178.395 179.464 179.28 178.395 179.464 179.28 178.395 179.464 179.28 178.395 179.464 162.146 177.294 -179.424 138.163 145.513 168.896 5.25748 13.0598 -11.8498 176.473 -170.961 -165.305 20.8879 4.08261 1.20715 42.6006 13.8943 5.75323 6.49325 13.738 -1.51727 12.5686 -3.88625 -5.00734 4.23596 -23.4668 -2.61321 179.362 176.374 179.368 177.761 -174.765 -179.322 1.05149 -0.0127964 -0.0197049 2.22943 2.36049 -3.37714 1.16735 -1.42706 1.15345 1.37113 -4.93825 -0.690079 179.194 -178.912 -179.979 179.848 176.935 -179.781 1.14445 0.146619 1.14437
-164.141 96.0377 47.1024 0.209781 1.78744 -1.21786 179.28 178.393 179.464 179.28 178.393 179.464 179.28 178.393 179.464 179.28 178.393 179.464 162.143 177.296 -179.424 138.169 145.512 168.889 5.25835 13.0601 -11.8515 176.469 -170.962 -165.31 20.8868 4.07959 1.20714 42.5974 13.8944 5.75217 6.49066 13.7408 -1.51896 12.5679 -3.89099 -5.00674 4.23233 -23.4606 -2.61413 179.361 176.373 179.368 177.762 -174.765 -179.325 1.05149 -0.0158806 -0.0197049 2.22629 2.37044 -3.37843 1.16736 -1.42741 1.15345 1.37143 -4.9393 -0.691699 179.194 -178.912 -179.979 179.847 176.931 -179.78 1.14445 0.146582 1.14437
-164.141 96.0377 47.1024 0.209781 1.78744 -1.21786 179.28 178.393 179.464 179.28 178.393 179.464 179.28 178.393 179.464 179.28 178.393 179.464 162.143 177.296 -179.424 138.169 145.512 168.889 5.25835 13.0601 -11.8515 176.47 -170.962 -165.31 20.8868 4.07959 1.20714 42.5974 13.8944 5.75217 6.49066 13.7408 -1.51896 12.5691 -3.89099 -5.00674 4.23233 -23.4606 -2.61413 179.361 176.373 179.368 177.762 -174.765 -179.325 1.05149 -0.0158806 -0.0197049 2.22629 2.37044 -3.37843 1.16736 -1.42741 1.15345 1.37143 -4.9393 -0.691699 179.194 -178.912 -179.979 179.847 176.931 -179.78 1.14445 0.146582 1.14437
-164.142 96.0373 47.0922 0.210751 1.77547 -1.22033 179.281 178.391 179.465 179.281 178.391 179.465 179.281 178.391 179.465 179.281 178.391 179.465 162.137 177.296 -179.424 138.176 145.509 168.881 5.25855 13.061 -11.8527 176.464 -170.963 -165.318 20.8841 4.0782 1.20714 42.5934 13.8946 5.74545 6.48654 13.7441 -1.52214 12.5677 -3.89651 -5.00652 4.22866 -23.4505 -2.61529 179.361 176.37 179.368 177.763 -174.769 -179.328 1.05149 -0.0159142 -0.0197049 2.22237 2.38085 -3.37963 1.16737 -1.42796 1.15345 1.37118 -4.93438 -0.693068 179.194 -178.912 -179.979 179.845 176.927 -179.777 1.14446 0.146499 1.14437
-164.142 96.0373 47.0922 0.210751 1.77547 -1.22033 179.281 178.391 179.465 179.281 178.391 179.465 179.281 178.391 179.465 179.281 178.391 179.465 162.137 177.296 -179.424 138.176 145.509 168.881 5.25855 13.061 -11.8527 176.464 -170.963 -165.318 20.8841 4.0782 1.20714 42.5934 13.8946 5.74545 6.48654 13.7441 -1.52214 12.569 -3.89651 -5.00652 4.22866 -23.4505 -2.61529 179.361 176.37 179.368 177.763 -174.769 -179.328 1.05149 -0.0159142 -0.0197049 2.22237 2.38085 -3.37963 1.16737 -1.42796 1.15345 1.37118 -4.93438 -0.693068 179.194 -178.912 -179.979 179.845 176.927 -179.777 1.14446 0.146499 1.14437
-164.143 96.0368 47.082 0.21165 1.76358 -1.22309 179.282 178.39 179.466 179.282 178.39 179.466 179.282 178.39 179.466 179.282 178.39 179.466 162.131 177.294 -179.424 138.186 145.505 168.87 5.25844 13.0622 -11.8532 176.456 -170.965 -165.326 20.8817 4.07584 1.20714 42.59 13.8941 5.73624 6.48146 13.7472 -1.52509 12.5672 -3.90215 -5.00656 4.22464 -23.4368 -2.61722 179.361 176.367 179.368 177.764 -174.774 -179.332 1.05149 -0.0155967 -0.0197049 2.2182 2.39098 -3.38001 1.16738 -1.42869 1.15345 1.37103 -4.92961 -0.694587 179.194 -178.913 -179.979 179.843 176.922 -179.774 1.14446 0.146379 1.14437
-164.143 96.0368 47.082 0.21165 1.76358 -1.22309 179.282 178.39 179.466 179.282 178.39 179.466 179.282 178.39 179.466 179.282 178.39 179.466 162.131 177.294 -179.424 138.186 145.505 168.87 5.25844 13.0622 -11.8532 176.457 -170.965 -165.326 20.8817 4.07584 1.20714 42.59 13.8941 5.73624 6.48146 13.7472 -1.52509 12.5685 -3.90215 -5.00656 4.22464 -23.4368 -2.61722 179.361 176.367 179.368 177.764 -174.774 -179.332 1.05149 -0.0155967 -0.0197049 2.2182 2.39098 -3.38001 1.16738 -1.42869 1.15345 1.37103 -4.92961 -0.694587 179.194 -178.913 -179.979 179.843 176.922 -179.774 1.14446 0.146379 1.14437
-164.144 96.0364 47.0719 0.21248 1.75186 -1.22613 179.283 178.389 179.468 179.283 178.389 179.468 179.283 178.389 179.468 179.283 178.389 179.468 162.124 177.29 -179.424 138.198 145.499 168.855 5.25778 13.0635 -11.8528 176.447 -170.967 -165.336 20.8798 4.07273 1.20713 42.5874 13.8926 5.72429 6.47559 13.7498 -1.52782 12.5663 -3.90777 -5.00688 4.22044 -23.4197 -2.6201 179.361 176.365 179.367 177.765 -174.778 -179.337 1.05149 -0.0149398 -0.0197049 2.21398 2.40066 -3.37941 1.1674 -1.42958 1.15345 1.37096 -4.92502 -0.696072 179.194 -178.913 -179.979 179.842 176.918 -179.77 1.14446 0.146233 1.14437
-164.144 96.0364 47.0719 0.21248 1.75186 -1.22613 179.283 178.389 179.468 179.283 178.389 179.468 179.283 178.389 179.468 179.283 178.389 179.468 162.124 177.29 -179.424 138.198 145.499 168.855 5.25778 13.0635 -11.8528 176.447 -170.967 -165.336 20.8798 4.07273 1.20713 42.5874 13.8926 5.72429 6.47559 13.7498 -1.52782 12.5676 -3.90777 -5.00688 4.22044 -23.4197 -2.6201 179.361 176.365 179.367 177.765 -174.778 -179.337 1.05149 -0.0149398 -0.0197049 2.21398 2.40066 -3.37941 1.1674 -1.42958 1.15345 1.37096 -4.92502 -0.696072 179.194 -178.913 -179.979 179.842 176.918 -179.77 1.14446 0.146233 1.14437
-164.144 96.0359 47.0599 0.213146 1.74723 -1.22866 179.284 178.392 179.471 179.284 178.392 179.471 179.284 178.392 179.471 179.284 178.392 179.471 162.115 177.246 -179.424 138.255 145.437 168.78 5.25937 13.0154 -11.8211 176.283 -170.921 -165.337 20.8813 4.045 1.20709 42.601 13.8423 5.67059 6.44654 13.8291 -1.51229 12.5368 -3.90551 -5.0093 4.20678 -23.3698 -2.63968 179.371 176.389 179.368 177.766 -174.772 -179.359 1.05149 -0.010622 -0.0197049 2.20853 2.4105 -3.36097 1.16774 -1.44628 1.15346 1.37142 -4.92897 -0.712781 179.194 -178.914 -179.979 179.839 176.911 -179.75 1.14454 0.142143 1.14437
-164.144 96.0359 47.0599 0.213146 1.74723 -1.22866 179.284 178.392 179.471 179.284 178.392 179.471 179.284 178.392 179.471 179.284 178.392 179.471 162.115 177.246 -179.424 138.255 145.437 168.78 5.25937 13.0154 -11.8211 176.284 -170.921 -165.337 20.8813 4.045 1.20709 42.601 13.8423 5.67059 6.44654 13.8291 -1.51229 12.5381 -3.90551 -5.0093 4.20678 -23.3698 -2.63968 179.371 176.389 179.368 177.766 -174.772 -179.359 1.05149 -0.010622 -0.0197049 2.20853 2.4105 -3.36097 1.16774 -1.44628 1.15346 1.37142 -4.92897 -0.712781 179.194 -178.914 -179.979 179.839 176.911 -179.75 1.14454 0.142143 1.14437
-164.145 96.0356 47.0546 0.214108 1.73038 -1.23311 179.285 178.39 179.472 179.285 178.39 179.472 179.285 178.39 179.472 179.285 178.39 179.472 162.111 177.246 -179.424 138.256 145.436 168.776 5.2592 13.0155 -11.823 176.283 -170.922 -165.338 20.8789 4.04757 1.2071 42.597 13.8417 5.6641 6.44332 13.828 -1.51633 12.5382 -3.90764 -5.01061 4.20709 -23.363 -2.63964 179.371 176.386 179.368 177.767 -174.784 -179.36 1.05149 -0.00769998 -0.0197049 2.20649 2.41415 -3.36096 1.16774 -1.44636 1.15346 1.37078 -4.91639 -0.711012 179.194 -178.915 -179.979 179.84 176.91 -179.748 1.14454 0.142155 1.14437
-164.146 96.0352 47.0462 0.214214 1.72615 -1.23397 179.285 178.39 179.475 179.285 178.39 179.475 179.285 178.39 179.475 179.285 178.39 179.475 162.107 177.245 -179.424 138.27 145.43 168.757 5.25725 13.0171 -11.8233 176.279 -170.924 -165.341 20.88 4.04485 1.20709 42.5959 13.8381 5.6555 6.43848 13.8261 -1.51818 12.5371 -3.91244 -5.01087 4.20417 -23.3455 -2.64315 179.37 176.382 179.366 177.768 -174.783 -179.362 1.05149 -0.00920564 -0.0197049 2.20321 2.42209 -3.35991 1.16775 -1.4467 1.15346 1.37125 -4.91762 -0.710934 179.194 -178.915 -179.979 179.839 176.905 -179.747 1.14454 0.142177 1.14437
-164.146 96.0352 47.0462 0.214214 1.72615 -1.23397 179.285 178.39 179.475 179.285 178.39 179.475 179.285 178.39 179.475 179.285 178.39 179.475 162.107 177.245 -179.424 138.27 145.43 168.757 5.25725 13.0171 -11.8233 176.28 -170.924 -165.341 20.88 4.04485 1.20709 42.5959 13.8381 5.6555 6.43848 13.8261 -1.51818 12.5384 -3.91244 -5.01087 4.20417 -23.3455 -2.64315 179.37 176.382 179.366 177.768 -174.783 -179.362 1.05149 -0.00920564 -0.0197049 2.20321 2.42209 -3.35991 1.16775 -1.4467 1.15346 1.37125 -4.91762 -0.710934 179.194 -178.915 -179.979 179.839 176.905 -179.747 1.14454 0.142177 1.14437
-164.147 96.0347 47.0341 0.214729 1.72368 -1.23631 179.286 178.394 179.479 179.286 178.394 179.479 179.286 178.394 179.479 179.286 178.394 179.479 162.101 177.192 -179.424 138.334 145.369 168.67 5.24851 12.9667 -11.793 176.182 -170.898 -165.336 20.882 4.02964 1.20707 42.6063 13.8025 5.60706 6.42658 13.8571 -1.51109 12.5105 -3.91282 -5.01077 4.1939 -23.291 -2.67227 179.374 176.404 179.37 177.769 -174.775 -179.383 1.05149 -0.00290807 -0.0197049 2.19852 2.42992 -3.3413 1.1679 -1.45449 1.15346 1.37177 -4.92379 -0.715423 179.194 -178.915 -179.979 179.838 176.898 -179.739 1.14456 0.141486 1.14437
-164.147 96.0347 47.0341 0.214729 1.72368 -1.23631 179.286 178.394 179.479 179.286 178.394 179.479 179.286 178.394 179.479 179.286 178.394 179.479 162.101 177.192 -179.424 138.334 145.369 168.67 5.24851 12.9667 -11.793 176.183 -170.898 -165.336 20.882 4.02964 1.20707 42.6063 13.8025 5.60706 6.42658 13.8571 -1.51109 12.5118 -3.91282 -5.01077 4.1939 -23.291 -2.67227 179.374 176.404 179.37 177.769 -174.775 -179.383 1.05149 -0.00290807 -0.0197049 2.19852 2.42992 -3.3413 1.1679 -1.45449 1.15346 1.37177 -4.92379 -0.715423 179.194 -178.915 -179.979 179.838 176.898 -179.739 1.14456 0.141486 1.14437
-164.147 96.0342 47.0251 0.215258 1.7109 -1.23933 179.286 178.394 179.483 179.286 178.394 179.483 179.286 178.394 179.483 179.286 178.394 179.483 162.097 177.191 -179.424 138.346 145.364 168.653 5.24657 12.9678 -11.7951 176.18 -170.899 -165.337 20.8816 4.03108 1.20707 42.6035 13.8001 5.59599 6.42123 13.8547 -1.5149 12.5108 -3.91746 -5.01174 4.19236 -23.2742 -2.67494 179.373 176.398 179.368 177.77 -174.78 -179.384 1.05149 -0.000694619 -0.0197049 2.19584 2.4361 -3.33965 1.16791 -1.45469 1.15346 1.37178 -4.91742 -0.713992 179.194 -178.916 -179.979 179.838 176.893 -179.737 1.14456 0.141529 1.14437
-164.147 96.0342 47.0251 0.215258 1.7109 -1.23933 179.286 178.394 179.483 179.286 178.394 179.483 179.286 178.394 179.483 179.286 178.394 179.483 162.097 177.191 -179.424 138.346 145.364 168.653 5.24657 12.9678 -11.7951 176.181 -170.899 -165.337 20.8816 4.03108 1.20707 42.6035 13.8001 5.59599 6.42123 13.8547 -1.5149 12.5121 -3.91746 -5.01175 4.19236 -23.2742 -2.67494 179.373 176.398 179.368 177.77 -174.78 -179.384 1.05149 -0.000694619 -0.0197049 2.19584 2.4361 -3.33965 1.16791 -1.45469 1.15346 1.37178 -4.91742 -0.713992 179.194 -178.916 -179.979 179.838 176.893 -179.737 1.14456 0.141529 1.14437
-164.149 96.0337 47.0125 0.215604 1.71088 -1.24068 179.286 178.399 179.488 179.286 178.399 179.488 179.286 178.399 179.488 179.286 178.399 179.488 162.093 177.139 -179.424 138.409 145.304 168.564 5.23497 12.9181 -11.7679 176.115 -170.882 -165.329 20.8835 4.02201 1.20706 42.6123 13.7763 5.55183 6.41049 13.8716 -1.50846 12.4983 -3.92204 -5.01241 4.18255 -23.2205 -2.706 179.376 176.417 179.372 177.771 -174.768 -179.405 1.0515 0.00809931 -0.0197049 2.19179 2.44233 -3.31966 1.16802 -1.46025 1.15346 1.37244 -4.92626 -0.717024 179.194 -178.917 -179.979 179.838 176.885 -179.731 1.14456 0.141405 1.14437
-164.149 96.0337 47.0125 0.215604 1.71088 -1.24068 179.286 178.399 179.488 179.286 178.399 179.488 179.286 178.399 179.488 179.286 178.399 179.488 162.093 177.139 -179.424 138.409 145.304 168.564 5.23497 12.9181 -11.7679 176.115 -170.882 -165.329 20.8835 4.02201 1.20706 42.6123 13.7763 5.55183 6.41049 13.8716 -1.50846 12.4996 -3.92204 -5.01241 4.18255 -23.2205 -2.706 179.376 176.417 179.372 177.771 -174.768 -179.405 1.0515 0.00809931 -0.0197049 2.19179 2.44233 -3.31966 1.16802 -1.46025 1.15346 1.37244 -4.92626 -0.717024 179.194 -178.917 -179.979 179.838 176.885 -179.731 1.14456 0.141405 1.14437
-164.15 96.0332 47.003 0.215961 1.70054 -1.24252 179.286 178.4 179.491 179.286 178.4 179.491 179.286 178.4 179.491 179.286 178.4 179.491 162.089 177.137 -179.424 138.421 145.299 168.545 5.23269 12.9193 -11.7706 176.114 -170.883 -165.329 20.8836 4.02475 1.20706 42.6104 13.7745 5.54003 6.40569 13.8694 -1.51172 12.499 -3.92661 -5.01325 4.18068 -23.2037 -2.70918 179.376 176.412 179.37 177.772 -174.77 -179.407 1.0515 0.0113099 -0.0197049 2.18972 2.44783 -3.31762 1.16802 -1.46044 1.15346 1.3726 -4.92245 -0.715934 179.194 -178.917 -179.979 179.839 176.88 -179.729 1.14456 0.141456 1.14437
-164.15 96.0332 47.003 0.215961 1.70054 -1.24252 179.286 178.4 179.491 179.286 178.4 179.491 179.286 178.4 179.491 179.286 178.4 179.491 162.089 177.137 -179.424 138.421 145.299 168.545 5.23269 12.9193 -11.7706 176.115 -170.883 -165.329 20.8836 4.02475 1.20706 42.6104 13.7745 5.54003 6.40569 13.8694 -1.51172 12.5003 -3.92661 -5.01325 4.18068 -23.2037 -2.70918 179.376 176.412 179.37 177.772 -174.77 -179.407 1.0515 0.0113099 -0.0197049 2.18972 2.44783 -3.31762 1.16802 -1.46044 1.15346 1.3726 -4.92245 -0.715934 179.194 -178.917 -179.979 179.839 176.88 -179.729 1.14456 0.141456 1.14437
-164.151 96.0326 46.9898 0.21613 1.70443 -1.2424 179.286 178.407 179.496 179.286 178.407 179.496 179.286 178.407 179.496 179.286 178.407 179.496 162.086 177.081 -179.424 138.483 145.254 168.456 5.22008 12.8845 -11.7491 176.082 -170.876 -165.32 20.8853 4.02051 1.20706 42.6188 13.7603 5.49744 6.39609 13.8765 -1.50416 12.4993 -3.93433 -5.01514 4.16958 -23.1489 -2.73888 179.38 176.432 179.369 177.773 -174.752 -179.429 1.0515 0.0233928 -0.0197049 2.18615 2.45244 -3.29663 1.16811 -1.46452 1.15346 1.37351 -4.93549 -0.719057 179.194 -178.918 -179.979 179.838 176.872 -179.725 1.14456 0.141383 1.14437
-164.151 96.0326 46.9898 0.21613 1.70443 -1.2424 179.286 178.407 179.496 179.286 178.407 179.496 179.286 178.407 179.496 179.286 178.407 179.496 162.086 177.081 -179.424 138.483 145.254 168.456 5.22008 12.8845 -11.7491 176.082 -170.876 -165.32 20.8853 4.02051 1.20706 42.6188 13.7603 5.49744 6.39609 13.8765 -1.50416 12.5006 -3.93433 -5.01514 4.16958 -23.1489 -2.73888 179.38 176.432 179.369 177.773 -174.752 -179.429 1.0515 0.0233928 -0.0197049 2.18615 2.45244 -3.29663 1.16811 -1.46452 1.15346 1.37351 -4.93549 -0.719057 179.194 -178.918 -179.979 179.838 176.872 -179.725 1.14456 0.141383 1.14437
-164.152 96.0321 46.98 0.216338 1.6966 -1.24283 179.286 178.408 179.499 179.286 178.408 179.499 179.286 178.408 179.499 179.286 178.408 179.499 162.083 177.079 -179.424 138.494 145.248 168.437 5.21791 12.8847 -11.7524 176.081 -170.877 -165.319 20.8859 4.02438 1.20706 42.6177 13.759 5.48557 6.39243 13.8752 -1.50665 12.5005 -3.93819 -5.01602 4.1674 -23.133 -2.74251 179.379 176.427 179.368 177.774 -174.751 -179.431 1.0515 0.0273264 -0.0197049 2.18444 2.45751 -3.2947 1.16811 -1.46477 1.15346 1.37386 -4.93423 -0.718619 179.194 -178.919 -179.979 179.839 176.867 -179.723 1.14456 0.141432 1.14437
-164.152 96.0321 46.98 0.216338 1.6966 -1.24283 179.286 178.408 179.499 179.286 178.408 179.499 179.286 178.408 179.499 179.286 178.408 179.499 162.083 177.079 -179.424 138.494 145.248 168.437 5.21791 12.8847 -11.7524 176.082 -170.877 -165.319 20.8859 4.02438 1.20706 42.6177 13.759 5.48557 6.39243 13.8752 -1.50665 12.5018 -3.93819 -5.01602 4.1674 -23.133 -2.74251 179.379 176.427 179.368 177.774 -174.751 -179.431 1.0515 0.0273264 -0.0197049 2.18444 2.45751 -3.2947 1.16811 -1.46477 1.15346 1.37386 -4.93423 -0.718619 179.194 -178.919 -179.979 179.839 176.867 -179.723 1.14456 0.141432 1.14437
-164.153 96.0315 46.9663 0.216345 1.70404 -1.24115 179.286 178.416 179.504 179.286 178.416 179.504 179.286 178.416 179.504 179.286 178.416 179.504 162.083 177.022 -179.424 138.559 145.179 168.346 5.20646 12.823 -11.7276 176.027 -170.857 -165.297 20.8887 4.02542 1.20706 42.6264 13.7365 5.44494 6.37922 13.8955 -1.49456 12.5216 -3.94838 -5.02218 4.15759 -23.0792 -2.78029 179.381 176.447 179.377 177.775 -174.728 -179.455 1.05151 0.0418484 -0.0197049 2.18105 2.4609 -3.27341 1.16823 -1.47094 1.15347 1.37506 -4.95095 -0.722456 179.194 -178.92 -179.979 179.838 176.859 -179.72 1.14456 0.141049 1.14437
-164.153 96.0315 46.9663 0.216345 1.70404 -1.24115 179.286 178.416 179.504 179.286 178.416 179.504 179.286 178.416 179.504 179.286 178.416 179.504 162.083 177.022 -179.424 138.559 145.179 168.346 5.20646 12.823 -11.7276 176.027 -170.857 -165.297 20.8887 4.02542 1.20706 42.6264 13.7365 5.44494 6.37922 13.8955 -1.49456 12.5229 -3.94838 -5.02218 4.15759 -23.0792 -2.78029 179.381 176.447 179.377 177.775 -174.728 -179.455 1.05151 0.0418484 -0.0197049 2.18105 2.4609 -3.27341 1.16823 -1.47094 1.15347 1.37506 -4.95095 -0.722456 179.194 -178.92 -179.979 179.838 176.859 -179.72 1.14456 0.141049 1.14437
-164.155 96.0309 46.9565 0.216427 1.69831 -1.24026 179.286 178.418 179.507 179.286 178.418 179.507 179.286 178.418 179.507 179.286 178.418 179.507 162.081 177.02 -179.424 138.569 145.174 168.329 5.20477 12.8238 -11.7315 176.028 -170.857 -165.295 20.8898 4.0303 1.20707 42.6261 13.7361 5.43377 6.37719 13.8949 -1.49624 12.5235 -3.95099 -5.02333 4.1553 -23.0649 -2.78376 179.38 176.443 179.375 177.776 -174.725 -179.457 1.05151 0.0461788 -0.0197049 2.17941 2.46552 -3.27244 1.16824 -1.47111 1.15347 1.37563 -4.95165 -0.722695 179.194 -178.92 -179.979 179.838 176.854 -179.719 1.14456 0.141096 1.14437
-164.155 96.0309 46.9565 0.216427 1.69831 -1.24026 179.286 178.418 179.507 179.286 178.418 179.507 179.286 178.418 179.507 179.286 178.418 179.507 162.081 177.02 -179.424 138.569 145.174 168.329 5.20477 12.8238 -11.7315 176.028 -170.857 -165.295 20.8898 4.0303 1.20707 42.6261 13.7361 5.43377 6.37719 13.8949 -1.49624 12.5248 -3.95099 -5.02333 4.1553 -23.0649 -2.78376 179.38 176.443 179.375 177.776 -174.725 -179.457 1.05151 0.0461788 -0.0197049 2.17941 2.46552 -3.27244 1.16824 -1.47111 1.15347 1.37563 -4.95165 -0.722695 179.194 -178.92 -179.979 179.838 176.854 -179.719 1.14456 0.141096 1.14437
-164.156 96.0301 46.9427 0.21628 1.70755 -1.23735 179.286 178.427 179.511 179.286 178.427 179.511 179.286 178.427 179.511 179.286 178.427 179.511 162.08 176.978 -179.424 138.612 145.15 168.267 5.19714 12.813 -11.7247 176.024 -170.856 -165.282 20.8929 4.03638 1.20708 42.6314 13.728 5.40086 6.37159 13.897 -1.48606 12.5321 -3.95584 -5.02799 4.14643 -23.0197 -2.80525 179.382 176.455 179.369 177.777 -174.699 -179.473 1.05152 0.0614294 -0.0197049 2.17641 2.46775 -3.26082 1.16828 -1.47316 1.15347 1.37714 -4.97 -0.725316 179.194 -178.921 -179.979 179.836 176.847 -179.718 1.14457 0.140926 1.14437
-164.156 96.0301 46.9427 0.21628 1.70755 -1.23735 179.286 178.427 179.511 179.286 178.427 179.511 179.286 178.427 179.511 179.286 178.427 179.511 162.08 176.978 -179.424 138.612 145.15 168.267 5.19714 12.813 -11.7247 176.024 -170.856 -165.282 20.8929 4.03638 1.20708 42.6314 13.728 5.40086 6.37159 13.897 -1.48606 12.5334 -3.95584 -5.02799 4.14643 -23.0197 -2.80525 179.382 176.455 179.369 177.777 -174.699 -179.473 1.05152 0.0614294 -0.0197049 2.17641 2.46775 -3.26082 1.16828 -1.47316 1.15347 1.37714 -4.97 -0.725316 179.194 -178.921 -179.979 179.836 176.847 -179.718 1.14457 0.140926 1.14437
-164.158 96.0294 46.9331 0.216258 1.70335 -1.23552 179.286 178.429 179.513 179.286 178.429 179.513 179.286 178.429 179.513 179.286 178.429 179.513 162.078 176.974 -179.424 138.622 145.146 168.25 5.19632 12.8121 -11.7283 176.024 -170.856 -165.279 20.8948 4.04168 1.20709 42.6316 13.7282 5.39047 6.37117 13.8979 -1.48685 12.5354 -3.95656 -5.02992 4.14442 -23.0063 -2.80908 179.382 176.453 179.368 177.778 -174.694 -179.476 1.05152 0.0657407 -0.0197049 2.17457 2.47184 -3.26016 1.16829 -1.47346 1.15347 1.37797 -4.97194 -0.726332 179.194 -178.922 -179.979 179.836 176.842 -179.719 1.14457 0.140946 1.14437
-164.158 96.0294 46.9331 0.216258 1.70335 -1.23552 179.286 178.429 179.513 179.286 178.429 179.513 179.286 178.429 179.513 179.286 178.429 179.513 162.078 176.974 -179.424 138.622 145.146 168.25 5.19632 12.8121 -11.7283 176.025 -170.856 -165.279 20.8948 4.04168 1.20709 42.6316 13.7282 5.39047 6.37117 13.8979 -1.48685 12.5367 -3.95656 -5.02992 4.14442 -23.0063 -2.80908 179.382 176.453 179.368 177.778 -174.694 -179.476 1.05152 0.0657407 -0.0197049 2.17457 2.47184 -3.26016 1.16829 -1.47346 1.15347 1.37797 -4.97194 -0.726332 179.194 -178.922 -179.979 179.836 176.842 -179.719 1.14457 0.140946 1.14437
-164.159 96.0286 46.9197 0.216019 1.71393 -1.23188 179.285 178.438 179.516 179.285 178.438 179.516 179.285 178.438 179.516 179.285 178.438 179.516 162.081 176.916 -179.424 138.674 145.092 168.174 5.18982 12.7557 -11.7109 175.983 -170.836 -165.256 20.9009 4.05078 1.2071 42.6374 13.7006 5.35825 6.35359 13.9355 -1.46762 12.6064 -3.9704 -5.04697 4.13949 -22.957 -2.84564 179.382 176.475 179.382 177.78 -174.667 -179.494 1.05152 0.0814074 -0.0197049 2.17107 2.4732 -3.24616 1.16841 -1.47979 1.15347 1.37975 -4.99127 -0.72973 179.194 -178.923 -179.979 179.833 176.835 -179.719 1.14459 0.139803 1.14437
-164.159 96.0286 46.9197 0.216019 1.71393 -1.23188 179.285 178.438 179.516 179.285 178.438 179.516 179.285 178.438 179.516 179.285 178.438 179.516 162.081 176.916 -179.424 138.674 145.092 168.174 5.18982 12.7557 -11.7109 175.984 -170.836 -165.256 20.9009 4.05078 1.2071 42.6374 13.7006 5.35825 6.35359 13.9355 -1.46762 12.6077 -3.9704 -5.04697 4.13949 -22.957 -2.84564 179.382 176.475 179.382 177.78 -174.667 -179.494 1.05152 0.0814074 -0.0197049 2.17107 2.4732 -3.24616 1.16841 -1.47979 1.15347 1.37975 -4.99127 -0.72973 179.194 -178.923 -179.979 179.833 176.835 -179.719 1.14459 0.139803 1.14437
-164.161 96.0278 46.9106 0.215933 1.71003 -1.22966 179.285 178.441 179.517 179.285 178.441 179.517 179.285 178.441 179.517 179.285 178.441 179.517 162.079 176.915 -179.424 138.681 145.089 168.162 5.18939 12.7561 -11.7148 175.985 -170.836 -165.255 20.9034 4.05653 1.20711 42.638 13.7018 5.34961 6.35482 13.937 -1.4679 12.6097 -3.96976 -5.04921 4.13819 -22.9466 -2.84836 179.382 176.472 179.381 177.781 -174.662 -179.497 1.05152 0.0853567 -0.0197049 2.16902 2.47654 -3.24705 1.16842 -1.47992 1.15347 1.38075 -4.9931 -0.731088 179.194 -178.923 -179.979 179.831 176.832 -179.72 1.14459 0.13984 1.14437
-164.161 96.0278 46.9106 0.215933 1.71003 -1.22966 179.285 178.441 179.517 179.285 178.441 179.517 179.285 178.441 179.517 179.285 178.441 179.517 162.079 176.915 -179.424 138.681 145.089 168.162 5.18939 12.7561 -11.7148 175.985 -170.836 -165.255 20.9034 4.05653 1.20711 42.638 13.7018 5.34961 6.35482 13.937 -1.4679 12.611 -3.96976 -5.04921 4.13819 -22.9466 -2.84836 179.382 176.472 179.381 177.781 -174.662 -179.497 1.05152 0.0853567 -0.0197049 2.16902 2.47654 -3.24705 1.16842 -1.47992 1.15347 1.38075 -4.9931 -0.731088 179.194 -178.923 -179.979 179.831 176.832 -179.72 1.14459 0.13984 1.14437
-164.162 96.0269 46.9003 0.215747 1.71055 -1.22689 179.284 178.445 179.519 179.284 178.445 179.519 179.284 178.445 179.519 179.284 178.445 179.519 162.078 176.908 -179.424 138.691 145.084 168.148 5.18852 12.7574 -11.7186 175.987 -170.835 -165.252 20.9072 4.06344 1.20712 42.6386 13.7032 5.33889 6.35624 13.939 -1.46583 12.6139 -3.96784 -5.05259 4.13692 -22.9328 -2.85263 179.381 176.47 179.379 177.783 -174.652 -179.5 1.05153 0.0916879 -0.0197049 2.16655 2.47932 -3.24796 1.16842 -1.48011 1.15347 1.38214 -5.00013 -0.732745 179.194 -178.924 -179.979 179.829 176.827 -179.722 1.14459 0.139873 1.14437
-164.162 96.0269 46.9003 0.215747 1.71055 -1.22689 179.284 178.445 179.519 179.284 178.445 179.519 179.284 178.445 179.519 179.284 178.445 179.519 162.078 176.908 -179.424 138.691 145.084 168.148 5.18852 12.7574 -11.7186 175.987 -170.835 -165.252 20.9072 4.06344 1.20712 42.6386 13.7032 5.33889 6.35624 13.939 -1.46583 12.6152 -3.96784 -5.05259 4.13692 -22.9328 -2.85263 179.381 176.47 179.379 177.783 -174.652 -179.5 1.05153 0.0916879 -0.0197049 2.16655 2.47932 -3.24796 1.16842 -1.48011 1.15347 1.38214 -5.00013 -0.732745 179.194 -178.924 -179.979 179.829 176.827 -179.722 1.14459 0.139873 1.14437
-164.164 96.0259 46.8881 0.215456 1.71904 -1.22342 179.283 178.452 179.52 179.283 178.452 179.52 179.283 178.452 179.52 179.283 178.452 179.52 162.079 176.883 -179.424 138.711 145.074 168.117 5.18704 12.7574 -11.7203 175.989 -170.833 -165.244 20.9142 4.07352 1.20713 42.6381 13.7023 5.31955 6.35543 13.9431 -1.45459 12.6232 -3.96366 -5.06101 4.13566 -22.904 -2.8636 179.381 176.474 179.373 177.785 -174.628 -179.507 1.05153 0.105497 -0.0197049 2.16337 2.47937 -3.24624 1.16843 -1.48083 1.15347 1.38406 -5.01646 -0.734648 179.194 -178.924 -179.979 179.825 176.822 -179.724 1.14459 0.139784 1.14437
-164.164 96.0259 46.8881 0.215456 1.71904 -1.22342 179.283 178.452 179.52 179.283 178.452 179.52 179.283 178.452 179.52 179.283 178.452 179.52 162.079 176.883 -179.424 138.711 145.074 168.117 5.18704 12.7574 -11.7203 175.99 -170.833 -165.244 20.9142 4.07352 1.20713 42.6381 13.7023 5.31955 6.35543 13.9431 -1.45459 12.6245 -3.96366 -5.06101 4.13566 -22.904 -2.8636 179.381 176.474 179.373 177.785 -174.628 -179.507 1.05153 0.105497 -0.0197049 2.16337 2.47937 -3.24624 1.16843 -1.48083 1.15347 1.38406 -5.01646 -0.734648 179.194 -178.924 -179.979 179.825 176.822 -179.724 1.14459 0.139784 1.14437
-164.166 96.025 46.8796 0.215389 1.71578 -1.22164 179.283 178.455 179.522 179.283 178.455 179.522 179.283 178.455 179.522 179.283 178.455 179.522 162.079 176.876 -179.424 138.719 145.071 168.104 5.18726 12.757 -11.7231 175.99 -170.832 -165.242 20.9187 4.07978 1.20714 42.6388 13.704 5.31123 6.35717 13.9466 -1.45222 12.6287 -3.96055 -5.06504 4.13537 -22.8931 -2.8673 179.381 176.475 179.372 177.786 -174.623 -179.51 1.05153 0.110172 -0.0197049 2.16108 2.48102 -3.2462 1.16844 -1.4811 1.15347 1.38517 -5.01853 -0.73612 179.194 -178.924 -179.979 179.824 176.819 -179.725 1.14459 0.139774 1.14437
-164.166 96.025 46.8796 0.215389 1.71578 -1.22164 179.283 178.455 179.522 179.283 178.455 179.522 179.283 178.455 179.522 179.283 178.455 179.522 162.079 176.876 -179.424 138.719 145.071 168.104 5.18726 12.757 -11.7231 175.991 -170.832 -165.242 20.9187 4.07978 1.20714 42.6388 13.704 5.31123 6.35717 13.9466 -1.45222 12.63 -3.96055 -5.06504 4.13537 -22.8931 -2.8673 179.381 176.475 179.372 177.786 -174.623 -179.51 1.05153 0.110172 -0.0197049 2.16108 2.48102 -3.2462 1.16844 -1.4811 1.15347 1.38517 -5.01853 -0.73612 179.194 -178.924 -179.979 179.824 176.819 -179.725 1.14459 0.139774 1.14437
-164.167 96.0241 46.8704 0.215314 1.71499 -1.21985 179.282 178.458 179.523 179.282 178.458 179.523 179.282 178.458 179.523 179.282 178.458 179.523 162.08 176.866 -179.424 138.728 145.067 168.09 5.187 12.7572 -11.726 175.992 -170.83 -165.24 20.9243 4.08657 1.20715 42.6389 13.7064 5.30265 6.35886 13.9508 -1.44838 12.6347 -3.95647 -5.06989 4.1356 -22.8812 -2.87142 179.382 176.476 179.37 177.787 -174.615 -179.513 1.05153 0.11626 -0.0197049 2.15858 2.48237 -3.24577 1.16845 -1.48139 1.15347 1.38645 -5.02362 -0.737553 179.194 -178.925 -179.979 179.822 176.815 -179.727 1.14459 0.139772 1.14437
-164.167 96.0241 46.8704 0.215314 1.71499 -1.21985 179.282 178.458 179.523 179.282 178.458 179.523 179.282 178.458 179.523 179.282 178.458 179.523 162.08 176.866 -179.424 138.728 145.067 168.09 5.187 12.7572 -11.726 175.992 -170.83 -165.24 20.9243 4.08657 1.20715 42.6389 13.7064 5.30265 6.35886 13.9508 -1.44838 12.636 -3.95647 -5.06989 4.1356 -22.8812 -2.87142 179.382 176.476 179.37 177.787 -174.615 -179.513 1.05153 0.11626 -0.0197049 2.15858 2.48237 -3.24577 1.16845 -1.48139 1.15347 1.38645 -5.02362 -0.737553 179.194 -178.925 -179.979 179.822 176.815 -179.727 1.14459 0.139772 1.14437
-164.169 96.0232 46.8613 0.215326 1.71433 -1.21854 179.281 178.462 179.524 179.281 178.462 179.524 179.281 178.462 179.524 179.281 178.462 179.524 162.081 176.856 -179.424 138.735 145.064 168.075 5.18648 12.7576 -11.7286 175.992 -170.828 -165.238 20.9306 4.09353 1.20716 42.6386 13.7092 5.2944 6.36017 13.9558 -1.44363 12.641 -3.952 -5.0751 4.13634 -22.8696 -2.87559 179.382 176.477 179.368 177.789 -174.606 -179.517 1.05154 0.123089 -0.0197049 2.15619 2.48301 -3.24442 1.16845 -1.4817 1.15347 1.38764 -5.02882 -0.738736 179.194 -178.925 -179.979 179.82 176.812 -179.728 1.14459 0.139776 1.14437
-164.169 96.0232 46.8613 0.215326 1.71433 -1.21854 179.281 178.462 179.524 179.281 178.462 179.524 179.281 178.462 179.524 179.281 178.462 179.524 162.081 176.856 -179.424 138.735 145.064 168.075 5.18648 12.7576 -11.7286 175.993 -170.828 -165.238 20.9306 4.09353 1.20716 42.6386 13.7092 5.2944 6.36017 13.9558 -1.44363 12.6423 -3.952 -5.0751 4.13634 -22.8696 -2.87559 179.382 176.477 179.368 177.789 -174.606 -179.517 1.05154 0.123089 -0.0197049 2.15619 2.48301 -3.24442 1.16845 -1.4817 1.15347 1.38764 -5.02882 -0.738736 179.194 -178.925 -179.979 179.82 176.812 -179.728 1.14459 0.139776 1.14437
-164.17 96.0224 46.8526 0.215465 1.71301 -1.21787 179.28 178.465 179.526 179.28 178.465 179.526 179.28 178.465 179.526 179.28 178.465 179.526 162.084 176.845 -179.424 138.742 145.062 168.061 5.18565 12.7581 -11.7309 175.993 -170.825 -165.236 20.9375 4.10028 1.20717 42.6381 13.7127 5.28696 6.36094 13.9617 -1.43845 12.6474 -3.94756 -5.08027 4.13748 -22.859 -2.87957 179.383 176.479 179.366 177.79 -174.599 -179.521 1.05154 0.130094 -0.0197049 2.15404 2.48312 -3.24184 1.16846 -1.48202 1.15347 1.38866 -5.03327 -0.73959 179.194 -178.925 -179.979 179.819 176.808 -179.729 1.14459 0.139794 1.14437
-164.17 96.0224 46.8526 0.215465 1.71301 -1.21787 179.28 178.465 179.526 179.28 178.465 179.526 179.28 178.465 179.526 179.28 178.465 179.526 162.084 176.845 -179.424 138.742 145.062 168.061 5.18565 12.7581 -11.7309 175.993 -170.825 -165.236 20.9375 4.10028 1.20717 42.6381 13.7127 5.28696 6.36094 13.9617 -1.43845 12.6487 -3.94756 -5.08027 4.13748 -22.859 -2.87957 179.383 176.479 179.366 177.79 -174.599 -179.521 1.05154 0.130094 -0.0197049 2.15404 2.48312 -3.24184 1.16846 -1.48202 1.15347 1.38866 -5.03327 -0.73959 179.194 -178.925 -179.979 179.819 176.808 -179.729 1.14459 0.139794 1.14437
-164.172 96.0216 46.8441 0.215761 1.71079 -1.21792 179.279 178.467 179.527 179.279 178.467 179.527 179.279 178.467 179.527 179.279 178.467 179.527 162.087 176.835 -179.424 138.748 145.06 168.048 5.18434 12.7589 -11.7329 175.992 -170.823 -165.235 20.9449 4.10659 1.20718 42.6375 13.7167 5.28053 6.36104 13.9684 -1.43322 12.6537 -3.9435 -5.08504 4.13889 -22.8499 -2.88322 179.383 176.482 179.364 177.791 -174.592 -179.525 1.05154 0.137032 -0.0197049 2.15219 2.4828 -3.23775 1.16846 -1.48233 1.15347 1.38946 -5.0367 -0.740053 179.194 -178.925 -179.979 179.819 176.805 -179.73 1.14459 0.139836 1.14437
-164.172 96.0216 46.8441 0.215761 1.71079 -1.21792 179.279 178.467 179.527 179.279 178.467 179.527 179.279 178.467 179.527 179.279 178.467 179.527 162.087 176.835 -179.424 138.748 145.06 168.048 5.18434 12.7589 -11.7329 175.993 -170.823 -165.235 20.9449 4.10659 1.20718 42.6375 13.7167 5.28053 6.36104 13.9684 -1.43322 12.655 -3.9435 -5.08504 4.13889 -22.8499 -2.88322 179.383 176.482 179.364 177.791 -174.592 -179.525 1.05154 0.137032 -0.0197049 2.15219 2.4828 -3.23775 1.16846 -1.48233 1.15347 1.38946 -5.0367 -0.740053 179.194 -178.925 -179.979 179.819 176.805 -179.73 1.14459 0.139836 1.14437
-164.173 96.0209 46.836 0.216234 1.70759 -1.2187 179.277 178.469 179.528 179.277 178.469 179.528 179.277 178.469 179.528 179.277 178.469 179.528 162.092 176.826 -179.424 138.752 145.059 168.035 5.18239 12.7597 -11.7344 175.99 -170.82 -165.235 20.9525 4.11226 1.20719 42.6371 13.7213 5.27523 6.3604 13.976 -1.42825 12.6597 -3.9401 -5.08908 4.14043 -22.8425 -2.88647 179.384 176.485 179.363 177.791 -174.587 -179.529 1.05154 0.143834 -0.019705 2.15071 2.48205 -3.23195 1.16847 -1.48265 1.15347 1.39 -5.03908 -0.740081 179.194 -178.925 -179.979 179.819 176.802 -179.73 1.14459 0.139916 1.14437
-164.173 96.0209 46.836 0.216234 1.70759 -1.2187 179.277 178.469 179.528 179.277 178.469 179.528 179.277 178.469 179.528 179.277 178.469 179.528 162.092 176.826 -179.424 138.752 145.059 168.035 5.18239 12.7597 -11.7344 175.991 -170.82 -165.235 20.9525 4.11226 1.20719 42.6371 13.7213 5.27523 6.3604 13.976 -1.42825 12.661 -3.9401 -5.08908 4.14043 -22.8425 -2.88647 179.384 176.485 179.363 177.791 -174.587 -179.529 1.05154 0.143834 -0.019705 2.15071 2.48205 -3.23195 1.16847 -1.48265 1.15347 1.39 -5.03908 -0.740081 179.194 -178.925 -179.979 179.819 176.802 -179.73 1.14459 0.139916 1.14437
-164.175 96.0202 46.8281 0.216901 1.7034 -1.22023 179.276 178.471 179.53 179.276 178.471 179.53 179.276 178.471 179.53 179.276 178.471 179.53 162.097 176.817 -179.424 138.754 145.06 168.023 5.17967 12.7607 -11.7356 175.987 -170.818 -165.235 20.9602 4.11714 1.2072 42.6369 13.7266 5.27105 6.35894 13.9846 -1.42379 12.6651 -3.93759 -5.09216 4.14199 -22.8369 -2.88928 179.385 176.488 179.362 177.792 -174.584 -179.534 1.05155 0.150502 -0.019705 2.14964 2.48082 -3.22427 1.16848 -1.48296 1.15347 1.39029 -5.0404 -0.739641 179.194 -178.926 -179.979 179.821 176.799 -179.729 1.14458 0.140045 1.14437
-164.175 96.0202 46.8281 0.216901 1.7034 -1.22023 179.276 178.471 179.53 179.276 178.471 179.53 179.276 178.471 179.53 179.276 178.471 179.53 162.097 176.817 -179.424 138.754 145.06 168.023 5.17967 12.7607 -11.7356 175.987 -170.818 -165.235 20.9602 4.11714 1.2072 42.6369 13.7266 5.27105 6.35894 13.9846 -1.42379 12.6664 -3.93759 -5.09216 4.14199 -22.8369 -2.88928 179.385 176.488 179.362 177.792 -174.584 -179.534 1.05155 0.150502 -0.019705 2.14964 2.48082 -3.22427 1.16848 -1.48296 1.15347 1.39029 -5.0404 -0.739641 179.194 -178.926 -179.979 179.821 176.799 -179.729 1.14458 0.140045 1.14437
-164.176 96.0197 46.8236 0.21776 1.69422 -1.22312 179.275 178.471 179.532 179.275 178.471 179.532 179.275 178.471 179.532 179.275 178.471 179.532 162.098 176.815 -179.424 138.752 145.06 168.02 5.17802 12.7611 -11.737 175.986 -170.818 -165.236 20.9652 4.12137 1.20721 42.6395 13.7298 5.26759 6.36004 13.9884 -1.42363 12.6683 -3.93661 -5.09284 4.14162 -22.836 -2.89022 179.385 176.488 179.362 177.792 -174.59 -179.534 1.05155 0.15358 -0.019705 2.14976 2.47895 -3.21981 1.16848 -1.48304 1.15347 1.38988 -5.03476 -0.738446 179.194 -178.926 -179.979 179.822 176.798 -179.727 1.14458 0.140094 1.14437
-164.177 96.0193 46.8197 0.218294 1.69004 -1.22468 179.274 178.47 179.533 179.274 178.47 179.533 179.274 178.47 179.533 179.274 178.47 179.533 162.101 176.813 -179.424 138.753 145.061 168.015 5.17652 12.7613 -11.7384 175.985 -170.818 -165.237 20.9687 4.12285 1.20721 42.6402 13.7321 5.26694 6.35986 13.9916 -1.42265 12.6701 -3.9361 -5.09327 4.14157 -22.8349 -2.89105 179.385 176.489 179.362 177.791 -174.591 -179.535 1.05155 0.155769 -0.019705 2.14969 2.47813 -3.21598 1.16848 -1.48311 1.15347 1.38976 -5.03334 -0.737702 179.194 -178.926 -179.979 179.824 176.796 -179.726 1.14458 0.140156 1.14437
-164.177 96.019 46.816 0.218831 1.68655 -1.22619 179.273 178.47 179.534 179.273 178.47 179.534 179.273 178.47 179.534 179.273 178.47 179.534 162.104 176.812 -179.424 138.752 145.061 168.011 5.17464 12.7616 -11.7395 175.983 -170.818 -165.237 20.9722 4.12426 1.20721 42.6409 13.7347 5.26635 6.35953 13.9949 -1.4218 12.6717 -3.93575 -5.09354 4.14164 -22.8343 -2.89179 179.385 176.49 179.362 177.791 -174.591 -179.536 1.05155 0.158122 -0.019705 2.14967 2.47729 -3.21193 1.16848 -1.48319 1.15347 1.38963 -5.03259 -0.736927 179.194 -178.926 -179.979 179.826 176.795 -179.725 1.14458 0.140228 1.14437
-164.178 96.0187 46.8123 0.219408 1.68314 -1.22783 179.273 178.47 179.535 179.273 178.47 179.535 179.273 178.47 179.535 179.273 178.47 179.535 162.107 176.811 -179.424 138.751 145.062 168.008 5.17247 12.762 -11.7405 175.981 -170.819 -165.238 20.9757 4.12562 1.20721 42.6417 13.7374 5.26582 6.35906 13.9985 -1.42109 12.6731 -3.9356 -5.09361 4.14177 -22.834 -2.89247 179.386 176.491 179.362 177.791 -174.592 -179.537 1.05155 0.160658 -0.019705 2.14975 2.4762 -3.20751 1.16848 -1.48326 1.15347 1.38945 -5.03191 -0.736037 179.194 -178.926 -179.979 179.827 176.793 -179.724 1.14458 0.14031 1.14437
-164.179 96.0184 46.8086 0.220043 1.67965 -1.22961 179.272 178.47 179.536 179.272 178.47 179.536 179.272 178.47 179.536 179.272 178.47 179.536 162.11 176.81 -179.424 138.75 145.063 168.004 5.17006 12.7623 -11.7414 175.978 -170.819 -165.24 20.9793 4.12686 1.20722 42.6425 13.7403 5.26541 6.35842 14.0023 -1.42051 12.6744 -3.93564 -5.09346 4.14192 -22.8338 -2.89308 179.386 176.492 179.362 177.791 -174.592 -179.539 1.05155 0.163344 -0.019705 2.14991 2.47486 -3.20267 1.16848 -1.48333 1.15347 1.38922 -5.03116 -0.735051 179.194 -178.926 -179.979 179.829 176.792 -179.723 1.14458 0.140404 1.14437
-164.179 96.0184 46.8086 0.220043 1.67965 -1.22961 179.272 178.47 179.536 179.272 178.47 179.536 179.272 178.47 179.536 179.272 178.47 179.536 162.11 176.81 -179.424 138.75 145.063 168.004 5.17006 12.7623 -11.7414 175.979 -170.819 -165.24 20.9793 4.12686 1.20722 42.6425 13.7403 5.26541 6.35842 14.0023 -1.42051 12.6757 -3.93564 -5.09346 4.14192 -22.8338 -2.89308 179.386 176.492 179.362 177.791 -174.592 -179.539 1.05155 0.163344 -0.019705 2.14991 2.47486 -3.20267 1.16848 -1.48333 1.15347 1.38922 -5.03116 -0.735051 179.194 -178.926 -179.979 179.829 176.792 -179.723 1.14458 0.140404 1.14437
-164.181 96.0175 46.7973 0.221481 1.68112 -1.23212 179.269 178.472 179.538 179.269 178.472 179.538 179.269 178.472 179.538 179.269 178.472 179.538 162.134 176.766 -179.424 138.731 145.167 167.974 5.19205 12.8637 -11.7543 175.671 -170.721 -165.151 20.9931 4.11348 1.20719 42.6511 13.7238 5.24775 6.28274 14.1479 -1.38611 12.7438 -3.95089 -5.10566 4.1538 -22.8224 -2.91936 179.386 176.505 179.392 177.791 -174.575 -179.615 1.05156 0.18481 -0.019705 2.14552 2.46881 -3.11942 1.16858 -1.48784 1.15348 1.38906 -5.04087 -0.735018 179.194 -178.926 -179.979 179.833 176.786 -179.719 1.14441 0.148941 1.14437
-164.181 96.0175 46.7973 0.221481 1.68112 -1.23212 179.269 178.472 179.538 179.269 178.472 179.538 179.269 178.472 179.538 179.269 178.472 179.538 162.134 176.766 -179.424 138.731 145.167 167.974 5.19205 12.8637 -11.7543 175.672 -170.721 -165.151 20.9931 4.11348 1.20719 42.6511 13.7238 5.24775 6.28274 14.1479 -1.38611 12.7451 -3.95089 -5.10566 4.1538 -22.8224 -2.91936 179.386 176.505 179.392 177.791 -174.575 -179.615 1.05156 0.18481 -0.019705 2.14552 2.46881 -3.11942 1.16858 -1.48784 1.15348 1.38906 -5.04087 -0.735018 179.194 -178.926 -179.979 179.833 176.786 -179.719 1.14441 0.148941 1.14437
-164.182 96.0171 46.7936 0.222868 1.6695 -1.23674 179.268 178.471 179.54 179.268 178.471 179.54 179.268 178.471 179.54 179.268 178.471 179.54 162.135 176.766 -179.424 138.727 145.167 167.974 5.18996 12.8635 -11.756 175.671 -170.722 -165.152 20.9978 4.11638 1.2072 42.655 13.726 5.2457 6.28437 14.1501 -1.38735 12.7461 -3.95114 -5.10507 4.15211 -22.823 -2.91988 179.385 176.505 179.392 177.79 -174.585 -179.611 1.05156 0.186714 -0.019705 2.14689 2.46496 -3.11393 1.16858 -1.48784 1.15348 1.38791 -5.03261 -0.732033 179.194 -178.926 -179.979 179.836 176.785 -179.716 1.14441 0.148965 1.14437
-164.182 96.0171 46.7936 0.222868 1.6695 -1.23674 179.268 178.471 179.54 179.268 178.471 179.54 179.268 178.471 179.54 179.268 178.471 179.54 162.135 176.766 -179.424 138.727 145.167 167.974 5.18996 12.8635 -11.756 175.672 -170.722 -165.152 20.9978 4.11638 1.2072 42.655 13.726 5.2457 6.28437 14.1501 -1.38735 12.7474 -3.95114 -5.10507 4.15211 -22.823 -2.91988 179.385 176.505 179.392 177.79 -174.585 -179.611 1.05156 0.186714 -0.019705 2.14689 2.46496 -3.11393 1.16858 -1.48784 1.15348 1.38791 -5.03261 -0.732033 179.194 -178.926 -179.979 179.836 176.785 -179.716 1.14441 0.148965 1.14437
-164.183 96.0162 46.785 0.225376 1.65953 -1.24225 179.265 178.468 179.543 179.265 178.468 179.543 179.265 178.468 179.543 179.265 178.468 179.543 162.147 176.772 -179.424 138.721 145.172 167.97 5.18005 12.862 -11.7591 175.663 -170.729 -165.157 21.0055 4.11501 1.2072 42.6584 13.7321 5.25007 6.28351 14.1577 -1.3908 12.7455 -3.95414 -5.10121 4.1518 -22.8272 -2.9197 179.387 176.507 179.392 177.788 -174.588 -179.61 1.05156 0.191932 -0.019705 2.14812 2.45999 -3.1013 1.16857 -1.48769 1.15348 1.38679 -5.02906 -0.730067 179.194 -178.926 -179.979 179.84 176.783 -179.713 1.1444 0.149242 1.14437
-164.183 96.0162 46.785 0.225376 1.65953 -1.24225 179.265 178.468 179.543 179.265 178.468 179.543 179.265 178.468 179.543 179.265 178.468 179.543 162.147 176.772 -179.424 138.721 145.172 167.97 5.18005 12.862 -11.7591 175.663 -170.729 -165.157 21.0055 4.11501 1.2072 42.6584 13.7321 5.25007 6.28351 14.1577 -1.3908 12.7468 -3.95414 -5.10121 4.1518 -22.8272 -2.9197 179.387 176.507 179.392 177.788 -174.588 -179.61 1.05156 0.191932 -0.019705 2.14812 2.45999 -3.1013 1.16857 -1.48769 1.15348 1.38679 -5.02906 -0.730067 179.194 -178.926 -179.979 179.84 176.783 -179.713 1.1444 0.149242 1.14437
-164.184 96.0156 46.7809 0.225466 1.64858 -1.24674 179.265 178.467 179.545 179.265 178.467 179.545 179.265 178.467 179.545 179.265 178.467 179.545 162.147 176.772 -179.424 138.714 145.174 167.972 5.17755 12.8613 -11.7601 175.66 -170.731 -165.159 21.0085 4.11752 1.2072 42.6623 13.7348 5.248 6.28499 14.1606 -1.39142 12.7474 -3.95444 -5.09875 4.14909 -22.8278 -2.92038 179.386 176.506 179.392 177.789 -174.596 -179.61 1.05156 0.194668 -0.019705 2.14969 2.45753 -3.09822 1.16857 -1.48774 1.15348 1.38644 -5.02146 -0.727096 179.194 -178.926 -179.979 179.847 176.784 -179.71 1.1444 0.149297 1.14437
-164.185 96.0151 46.7723 0.233345 1.64907 -1.25054 179.257 178.466 179.545 179.257 178.466 179.545 179.257 178.466 179.545 179.257 178.466 179.545 162.182 176.776 -179.424 138.696 145.242 167.969 5.13098 12.8788 -11.7594 175.571 -170.733 -165.153 21.0263 4.09567 1.20717 42.664 13.7678 5.25808 6.23152 14.2486 -1.39322 12.6869 -3.94574 -5.08656 4.18032 -22.8435 -2.91128 179.392 176.508 179.391 177.782 -174.584 -179.67 1.05157 0.215774 -0.019705 2.14392 2.44257 -3.00755 1.16822 -1.47003 1.15347 1.38351 -5.02842 -0.740439 179.194 -178.926 -179.979 179.828 176.78 -179.705 1.14413 0.162626 1.14438
-164.187 96.0154 46.7717 0.217856 1.64093 -1.24909 179.269 178.464 179.548 179.269 178.464 179.548 179.269 178.464 179.548 179.269 178.464 179.548 162.144 176.785 -179.424 138.663 145.308 167.99 5.27617 13.0922 -11.8125 175.447 -170.738 -165.093 21.0003 4.08666 1.20715 42.6762 13.782 5.23355 6.30588 14.1365 -1.40759 12.5211 -3.93797 -5.0519 4.12247 -22.8507 -2.90396 179.387 176.49 179.389 177.797 -174.596 -179.678 1.05156 0.199864 -0.019705 2.15175 2.4624 -3.03958 1.16908 -1.51311 1.15349 1.38713 -5.02343 -0.692824 179.194 -178.926 -179.979 179.885 176.749 -179.684 1.14428 0.155049 1.14437
-164.188 96.0126 46.767 0.227459 1.64148 -1.25087 179.265 178.469 179.545 179.265 178.469 179.545 179.265 178.469 179.545 179.265 178.469 179.545 162.152 176.791 -179.424 138.609 145.285 168.065 5.21194 12.8909 -11.7846 175.243 -170.614 -165.084 21.0016 4.12134 1.20721 42.6781 13.7185 5.24332 6.32315 14.1336 -1.40463 12.452 -3.84767 -5.03671 4.10748 -22.8082 -2.92242 179.407 176.488 179.385 177.789 -174.589 -179.573 1.05157 0.206705 -0.019705 2.15443 2.45541 -3.14428 1.16879 -1.49863 1.15348 1.3886 -5.01965 -0.735838 179.194 -178.928 -179.979 179.868 176.826 -179.748 1.14453 0.142903 1.14437
